<?xml version="1.0" encoding="UTF-8"?><pbcoreDescriptionDocument xmlns="http://www.pbcore.org/PBCore/PBCoreNamespace.html" annotation="V_BB3F293DF5804BF4B6EDF23A8C9EE8C6"><pbcoreAssetType>Raw video</pbcoreAssetType><pbcoreAssetDate dateType="Item Date">1998</pbcoreAssetDate><pbcoreIdentifier source="Open Vault UID">V_BB3F293DF5804BF4B6EDF23A8C9EE8C6</pbcoreIdentifier><pbcoreTitle titleType="Series">NOVA</pbcoreTitle><pbcoreTitle titleType="Open Vault Title">Interview with Gene Kranz, NASA Flight Director, part 1 of 5</pbcoreTitle><pbcoreTitle titleType="Program">To the Moon</pbcoreTitle><pbcoreTitle titleType="Program Number">2610</pbcoreTitle><pbcoreSubject>Moon</pbcoreSubject><pbcoreSubject>American history</pbcoreSubject><pbcoreSubject>Gemini</pbcoreSubject><pbcoreSubject>Space</pbcoreSubject><pbcoreSubject>Astronaut</pbcoreSubject><pbcoreSubject>Apollo</pbcoreSubject><pbcoreDescription descriptionType="Series Description">
NOVA is a general-interest documentary series that addresses a single science issue each week.  Billed as "science adventures for curious grown-ups" when it first aired in March, 1974, NOVA continues to offer an informative and entertaining approach to a challenging subject. It is also one of television's most acclaimed series, having won every major television award, most of them many times over.</pbcoreDescription><pbcoreDescription descriptionType="Asset Description">Gene Kranz, aerospace engineer and retired NASA Flight Director and manager, is interviewed about the Gemini program's role as a stepping-stone to the moon. Gemini enabled the engineers and mission control team to learn about the necessities of space flight. </pbcoreDescription><pbcoreDescription descriptionType="Program Description">Alan Binder, former Principal Investigator of NASA's Lunar Prospector mission, is interviewed about the Lunar Prospector. Binder says that if moon travel became viable again, he would want to go to the moon, but says that in order to get financial and public support for space exploration, scientists need to sell the science of the moon. Another option, according to Binder, is to make travel to the moon commercially viable, and lists many benefits of going to the moon, including using it as a fuel source, or colonizing the surface for human habitation (audio cuts out from 00:07:30 - 00:09:00). Binder explains the work of the Lunar Prospector and talks about the necessity of having computers to do a lot of the work. On Apollo, Binder calls the program the most significant event of the 21st century, and talks about the roles of the Apollo program, the Clementine spacecraft, and hte Lunar Prospector. The interview ends with Binder's views on his relationship with NASA, which he characterizes as being needlessly bound up in beaurocracy and red tape. </pbcoreDescription><pbcoreGenre source="AAPB Format Genre">Interview</pbcoreGenre><pbcoreGenre source="AAPB Topical Genre">Technology</pbcoreGenre><pbcoreGenre source="AAPB Topical Genre">History</pbcoreGenre><pbcoreCreator><creator>WGBH Educational Foundation</creator><creatorRole>Producing Organization</creatorRole></pbcoreCreator><pbcoreContributor><contributor>Kranz, Eugene "Gene", 1933-</contributor><contributorRole>Interviewee</contributorRole></pbcoreContributor><pbcoreRightsSummary><rightsSummary>Rights Holder: WGBH Educational Foundation</rightsSummary></pbcoreRightsSummary><pbcoreAnnotation annotationType="Media Type">Video</pbcoreAnnotation><pbcoreAnnotation annotationType="Thumbnail">YES</pbcoreAnnotation><pbcoreAnnotation annotationType="Duration">0:02:26</pbcoreAnnotation><pbcoreAnnotation annotationType="Playlist Order">1</pbcoreAnnotation><pbcoreAnnotation annotationType="Playlist Group">Kranz</pbcoreAnnotation><pbcoreAnnotation annotationType="Digitized">YES</pbcoreAnnotation><pbcoreAnnotation annotationType="Special Collection">to-the-moon</pbcoreAnnotation><pbcoreAnnotation annotationType="Special Collection Tag">to-the-moon</pbcoreAnnotation></pbcoreDescriptionDocument>