<?xml version="1.0" encoding="UTF-8"?><pbcoreDescriptionDocument xmlns="http://www.pbcore.org/PBCore/PBCoreNamespace.html" annotation="V_2E9C124E89484C468CFFCEDD273680A8"><pbcoreAssetType>Raw video</pbcoreAssetType><pbcoreAssetDate dateType="Item Date">1998</pbcoreAssetDate><pbcoreIdentifier source="Open Vault UID">V_2E9C124E89484C468CFFCEDD273680A8</pbcoreIdentifier><pbcoreTitle titleType="Open Vault Title">Interview with William "Bill" Anders, US Air Force Major general, engineer, astronaut, and Lunar Module Pilot on Apollo 8, part 2 of 3</pbcoreTitle><pbcoreTitle titleType="Program">To the Moon</pbcoreTitle><pbcoreTitle titleType="Series">NOVA</pbcoreTitle><pbcoreTitle titleType="Program Number">2610</pbcoreTitle><pbcoreSubject>Gemini</pbcoreSubject><pbcoreSubject>Astronaut</pbcoreSubject><pbcoreSubject>Apollo</pbcoreSubject><pbcoreSubject>American history</pbcoreSubject><pbcoreSubject>Moon</pbcoreSubject><pbcoreSubject>Space</pbcoreSubject><pbcoreDescription descriptionType="Asset Description">Bill Anders, engineer, former NASA astronaut on Apollo 8, and retired US Air Force Major General, is interviewed about Apollo 8, and how he qualified for the mission, and his disappointment at the lack of geologists on early missions. Anders also describes training using Lunar Landing Training Vehicles (LLTVs), and Neil Armstrong's near-miss due to a failing fuel sensor during a training. Anders describes the high point of Apollo 8 as the Service Propulsion engine burn, and describes his difficulty in taking photographs during Apollo 8, including his capture of the "Earthrise" photograph, citing himself as taking the famous color image, and Frank Borman as taking a black-and-white version. </pbcoreDescription><pbcoreDescription descriptionType="Series Description">
NOVA is a general-interest documentary series that addresses a single science issue each week.  Billed as "science adventures for curious grown-ups" when it first aired in March, 1974, NOVA continues to offer an informative and entertaining approach to a challenging subject. It is also one of television's most acclaimed series, having won every major television award, most of them many times over.</pbcoreDescription><pbcoreDescription descriptionType="Program Description">This remarkably crafted program covers the full range of participants in the Apollo project, from the scientists and engineers who promoted bold ideas about the nature of the Moon and how to get there, to the young geologists who chose the landing sites and helped train the crews, to the astronauts who actually went – not once or twice, but six times, each to a more demanding and interesting location on the Moon's surface. "To The Moon" includes unprecedented footage, rare interviews, and presents a magnificent overview of the history of man and the Moon. To the Moon aired as NOVA episode 2610 in 1999. </pbcoreDescription><pbcoreGenre source="AAPB Format Genre">Interview</pbcoreGenre><pbcoreGenre source="AAPB Topical Genre">Technology</pbcoreGenre><pbcoreGenre source="AAPB Topical Genre">History</pbcoreGenre><pbcoreCreator><creator>WGBH Educational Foundation</creator><creatorRole>Producing Organization</creatorRole></pbcoreCreator><pbcoreContributor><contributor>Anders, William, 1933-</contributor><contributorRole>Interviewee</contributorRole></pbcoreContributor><pbcoreRightsSummary><rightsSummary>Rights Holder: WGBH Educational Foundation</rightsSummary></pbcoreRightsSummary><pbcoreAnnotation annotationType="Thumbnail">YES</pbcoreAnnotation><pbcoreAnnotation annotationType="Playlist Order">2</pbcoreAnnotation><pbcoreAnnotation annotationType="Special Collection Tag">to-the-moon</pbcoreAnnotation><pbcoreAnnotation annotationType="Digitized">YES</pbcoreAnnotation><pbcoreAnnotation annotationType="Special Collection">to-the-moon</pbcoreAnnotation><pbcoreAnnotation annotationType="Playlist Group">Anders</pbcoreAnnotation><pbcoreAnnotation annotationType="Media Type">Video</pbcoreAnnotation><pbcoreAnnotation annotationType="Duration">0:22:50</pbcoreAnnotation></pbcoreDescriptionDocument>