<?xml version="1.0" encoding="UTF-8"?><pbcoreDescriptionDocument xmlns="http://www.pbcore.org/PBCore/PBCoreNamespace.html" annotation="V_1FDF34888AA34CEB8471949508765552"><pbcoreAssetType>Raw video</pbcoreAssetType><pbcoreAssetDate dateType="Item Date">1998</pbcoreAssetDate><pbcoreIdentifier source="Open Vault UID">V_1FDF34888AA34CEB8471949508765552</pbcoreIdentifier><pbcoreTitle titleType="Open Vault Title">Interview with John Cornelius Houbolt, aerospace engineer behind the Lunar Orbit Rendezvous (LOR), part 4 of 4</pbcoreTitle><pbcoreTitle titleType="Program Number">2610</pbcoreTitle><pbcoreTitle titleType="Series">NOVA</pbcoreTitle><pbcoreTitle titleType="Program">To the Moon</pbcoreTitle><pbcoreSubject>American history</pbcoreSubject><pbcoreSubject>Space</pbcoreSubject><pbcoreSubject>Astronaut</pbcoreSubject><pbcoreSubject>Apollo</pbcoreSubject><pbcoreSubject>Gemini</pbcoreSubject><pbcoreSubject>Moon</pbcoreSubject><pbcoreDescription descriptionType="Program Description">This remarkably crafted program covers the full range of participants in the Apollo project, from the scientists and engineers who promoted bold ideas about the nature of the Moon and how to get there, to the young geologists who chose the landing sites and helped train the crews, to the astronauts who actually went – not once or twice, but six times, each to a more demanding and interesting location on the Moon's surface. "To The Moon" includes unprecedented footage, rare interviews, and presents a magnificent overview of the history of man and the Moon. To the Moon aired as NOVA episode 2610 in 1999. </pbcoreDescription><pbcoreDescription descriptionType="Asset Description">John Cornelius Houbolt, aerospace engineer behind the Lunar Orbit Rendezvous (LOR), is interviewed about the various options for getting to the moon. Houbolt uses chalkboard diagrams to explain Direct Descent, Earth Orbit Rendezvous (EOR), and Lunar Orbit Rendezvous (LOR), and why the first two would not work. Additional footage includes B-roll of Houbolt drawing the diagrams, walking up stairs, and video ends with wild-sound of lights and chalkboard noises. </pbcoreDescription><pbcoreDescription descriptionType="Series Description">
NOVA is a general-interest documentary series that addresses a single science issue each week.  Billed as "science adventures for curious grown-ups" when it first aired in March, 1974, NOVA continues to offer an informative and entertaining approach to a challenging subject. It is also one of television's most acclaimed series, having won every major television award, most of them many times over.</pbcoreDescription><pbcoreGenre source="AAPB Topical Genre">History</pbcoreGenre><pbcoreGenre source="AAPB Topical Genre">Technology</pbcoreGenre><pbcoreGenre source="AAPB Format Genre">Interview</pbcoreGenre><pbcoreCreator><creator>WGBH Educational Foundation</creator><creatorRole>Producing Organization</creatorRole></pbcoreCreator><pbcoreContributor><contributor>Houbolt, John Cornelius, 1919-2014</contributor><contributorRole>Interviewee</contributorRole></pbcoreContributor><pbcoreRightsSummary><rightsSummary>Rights Holder: WGBH Educational Foundation</rightsSummary></pbcoreRightsSummary><pbcoreAnnotation annotationType="Digitized">YES</pbcoreAnnotation><pbcoreAnnotation annotationType="Playlist Group">Houbolt</pbcoreAnnotation><pbcoreAnnotation annotationType="Media Type">Video</pbcoreAnnotation><pbcoreAnnotation annotationType="Special Collection">to-the-moon</pbcoreAnnotation><pbcoreAnnotation annotationType="Special Collection Tag">to-the-moon</pbcoreAnnotation><pbcoreAnnotation annotationType="Thumbnail">YES</pbcoreAnnotation><pbcoreAnnotation annotationType="Playlist Order">4</pbcoreAnnotation><pbcoreAnnotation annotationType="Duration">0:28:47</pbcoreAnnotation></pbcoreDescriptionDocument>