<?xml version="1.0" encoding="UTF-8"?><pbcoreDescriptionDocument xmlns="http://www.pbcore.org/PBCore/PBCoreNamespace.html" annotation="V_46BA15285C2F45E3B8B2808822AED171"><pbcoreAssetType>Raw video</pbcoreAssetType><pbcoreAssetDate dateType="Item Date">1998</pbcoreAssetDate><pbcoreIdentifier source="Open Vault UID">V_46BA15285C2F45E3B8B2808822AED171</pbcoreIdentifier><pbcoreTitle titleType="Series">NOVA</pbcoreTitle><pbcoreTitle titleType="Program">To the Moon</pbcoreTitle><pbcoreTitle titleType="Program Number">2610</pbcoreTitle><pbcoreTitle titleType="Open Vault Title">Interview with Alan Binder, Principal Investigator of NASA's Lunar Prospector mission, part 2 of 4</pbcoreTitle><pbcoreSubject>Gemini</pbcoreSubject><pbcoreSubject>Moon</pbcoreSubject><pbcoreSubject>Astronaut</pbcoreSubject><pbcoreSubject>Apollo</pbcoreSubject><pbcoreSubject>American history</pbcoreSubject><pbcoreSubject>Space</pbcoreSubject><pbcoreDescription descriptionType="Program Description">This remarkably crafted program covers the full range of participants in the Apollo project, from the scientists and engineers who promoted bold ideas about the nature of the Moon and how to get there, to the young geologists who chose the landing sites and helped train the crews, to the astronauts who actually went – not once or twice, but six times, each to a more demanding and interesting location on the Moon's surface. "To The Moon" includes unprecedented footage, rare interviews, and presents a magnificent overview of the history of man and the Moon. To the Moon aired as NOVA episode 2610 in 1999. </pbcoreDescription><pbcoreDescription descriptionType="Asset Description">Alan Binder, former Principal Investigator of NASA's Lunar Prospector mission is interviewed about his job. Binder describes his work with various institutions and institutes to get a spacecraft designed for the Lunar Prospector Mission, and explains the objectives of the mission. Binder talks about the potential to discover water on the moon and the potential for colonization of the moon if water is found, although the water on the moon is probably in the polar regions or is trapped beneath the surface. Ideally, Binder would have a rover and then a man on the moon, and says that humans, and not robots, are necessary to building an infrastructure on the moon for colonization. Binder ends by explaining the technology of searching for water on the moon and talking about his hopes of returning men to the moon, although attempts to go to the moon were starting over the work of the 1950s and 1960s. The final minutes of the interview are audio-only of a discussion with Robin M. Canup (ID "barcode52077_Canup_01") on the discovery of other Earths and other forms of life in space, and from the Mission Control operations. </pbcoreDescription><pbcoreDescription descriptionType="Series Description">
NOVA is a general-interest documentary series that addresses a single science issue each week.  Billed as "science adventures for curious grown-ups" when it first aired in March, 1974, NOVA continues to offer an informative and entertaining approach to a challenging subject. It is also one of television's most acclaimed series, having won every major television award, most of them many times over.</pbcoreDescription><pbcoreGenre source="AAPB Topical Genre">History</pbcoreGenre><pbcoreGenre source="AAPB Topical Genre">Technology</pbcoreGenre><pbcoreGenre source="AAPB Format Genre">Interview</pbcoreGenre><pbcoreCreator><creator>WGBH Educational Foundation</creator><creatorRole>Producing Organization</creatorRole></pbcoreCreator><pbcoreContributor><contributor>Binder, Alan</contributor><contributorRole>Interviewee</contributorRole></pbcoreContributor><pbcoreRightsSummary><rightsSummary>Rights Holder: WGBH Educational Foundation</rightsSummary></pbcoreRightsSummary><pbcoreAnnotation annotationType="Duration">0:22:43</pbcoreAnnotation><pbcoreAnnotation annotationType="Playlist Group">Binder</pbcoreAnnotation><pbcoreAnnotation annotationType="Special Collection">to-the-moon</pbcoreAnnotation><pbcoreAnnotation annotationType="Media Type">Video</pbcoreAnnotation><pbcoreAnnotation annotationType="Thumbnail">YES</pbcoreAnnotation><pbcoreAnnotation annotationType="Digitized">YES</pbcoreAnnotation><pbcoreAnnotation annotationType="Special Collection Tag">to-the-moon</pbcoreAnnotation><pbcoreAnnotation annotationType="Playlist Order">2</pbcoreAnnotation></pbcoreDescriptionDocument>