<?xml version="1.0" encoding="UTF-8"?><pbcoreDescriptionDocument xmlns="http://www.pbcore.org/PBCore/PBCoreNamespace.html" annotation="V_CF0254BF8A46438D8DE47CDADC4A0D29"><pbcoreAssetType>Raw video</pbcoreAssetType><pbcoreAssetDate dateType="Item Date">1998</pbcoreAssetDate><pbcoreIdentifier source="Open Vault UID">V_CF0254BF8A46438D8DE47CDADC4A0D29</pbcoreIdentifier><pbcoreTitle titleType="Program">To the Moon</pbcoreTitle><pbcoreTitle titleType="Series">NOVA</pbcoreTitle><pbcoreTitle titleType="Program Number">2610</pbcoreTitle><pbcoreTitle titleType="Open Vault Title">Interview with Graham Ryder, Geologist and Lunar Scientist, part 2 of 2</pbcoreTitle><pbcoreSubject>Moon</pbcoreSubject><pbcoreSubject>Space</pbcoreSubject><pbcoreSubject>Astronaut</pbcoreSubject><pbcoreSubject>American history</pbcoreSubject><pbcoreSubject>Apollo</pbcoreSubject><pbcoreSubject>Gemini</pbcoreSubject><pbcoreDescription descriptionType="Program Description">Alan Binder, former Principal Investigator of NASA's Lunar Prospector mission, is interviewed about the Lunar Prospector. Binder says that if moon travel became viable again, he would want to go to the moon, but says that in order to get financial and public support for space exploration, scientists need to sell the science of the moon. Another option, according to Binder, is to make travel to the moon commercially viable, and lists many benefits of going to the moon, including using it as a fuel source, or colonizing the surface for human habitation (audio cuts out from 00:07:30 - 00:09:00). Binder explains the work of the Lunar Prospector and talks about the necessity of having computers to do a lot of the work. On Apollo, Binder calls the program the most significant event of the 21st century, and talks about the roles of the Apollo program, the Clementine spacecraft, and hte Lunar Prospector. The interview ends with Binder's views on his relationship with NASA, which he characterizes as being needlessly bound up in beaurocracy and red tape. </pbcoreDescription><pbcoreDescription descriptionType="Asset Description">Graham Ryder, Geologist and Lunar Scientist who worked on creating catalogues and guides to the Apollo lunar samples, is interviewed about the lunar samples procured from the Apollo program. Ryder describes the lunar samples that were brought back from the various Apollo missions, and explains why each set of samples is unique and what each mission taught about the moon. Ryder also credits the Kona Conference with bringing scientists together to come up with joint theories and made people willing to think about the moon as a whole, although there are still many things that are not known about the moon. The process of dating the moon is also explained, and the interview ends with Ryder's explanation for why we should return to the moon. </pbcoreDescription><pbcoreDescription descriptionType="Series Description">
NOVA is a general-interest documentary series that addresses a single science issue each week.  Billed as "science adventures for curious grown-ups" when it first aired in March, 1974, NOVA continues to offer an informative and entertaining approach to a challenging subject. It is also one of television's most acclaimed series, having won every major television award, most of them many times over.</pbcoreDescription><pbcoreGenre source="AAPB Topical Genre">History</pbcoreGenre><pbcoreGenre source="AAPB Format Genre">Interview</pbcoreGenre><pbcoreGenre source="AAPB Topical Genre">Technology</pbcoreGenre><pbcoreCreator><creator>WGBH Educational Foundation</creator><creatorRole>Producing Organization</creatorRole></pbcoreCreator><pbcoreContributor><contributor>Ryder, Graham, 1949-2002</contributor><contributorRole>Interviewee</contributorRole></pbcoreContributor><pbcoreRightsSummary><rightsSummary>Rights Holder: WGBH Educational Foundation</rightsSummary></pbcoreRightsSummary><pbcoreAnnotation annotationType="Media Type">Video</pbcoreAnnotation><pbcoreAnnotation annotationType="Playlist Order">2</pbcoreAnnotation><pbcoreAnnotation annotationType="Thumbnail">YES</pbcoreAnnotation><pbcoreAnnotation annotationType="Special Collection">to-the-moon</pbcoreAnnotation><pbcoreAnnotation annotationType="Special Collection Tag">to-the-moon</pbcoreAnnotation><pbcoreAnnotation annotationType="Duration">0:12:29</pbcoreAnnotation><pbcoreAnnotation annotationType="Digitized">YES</pbcoreAnnotation><pbcoreAnnotation annotationType="Playlist Group">Ryder</pbcoreAnnotation></pbcoreDescriptionDocument>