<?xml version="1.0" encoding="UTF-8"?><pbcoreDescriptionDocument xmlns="http://www.pbcore.org/PBCore/PBCoreNamespace.html" annotation="V_BBE0BAAC0A8F4DF1966A3C8D7777DFE9"><pbcoreAssetType>Raw video</pbcoreAssetType><pbcoreAssetDate dateType="Item Date">1998</pbcoreAssetDate><pbcoreIdentifier source="Open Vault UID">V_BBE0BAAC0A8F4DF1966A3C8D7777DFE9</pbcoreIdentifier><pbcoreTitle titleType="Program Number">2610</pbcoreTitle><pbcoreTitle titleType="Series">NOVA</pbcoreTitle><pbcoreTitle titleType="Open Vault Title">Footage of Monterey Conference, part 2 of 2</pbcoreTitle><pbcoreTitle titleType="Program">To the Moon</pbcoreTitle><pbcoreSubject>Space</pbcoreSubject><pbcoreSubject>Astronaut</pbcoreSubject><pbcoreSubject>Gemini</pbcoreSubject><pbcoreSubject>American history</pbcoreSubject><pbcoreSubject>Moon</pbcoreSubject><pbcoreSubject>Apollo</pbcoreSubject><pbcoreDescription descriptionType="Program Description">Alan Binder, former Principal Investigator of NASA's Lunar Prospector mission, is interviewed about the Lunar Prospector. Binder says that if moon travel became viable again, he would want to go to the moon, but says that in order to get financial and public support for space exploration, scientists need to sell the science of the moon. Another option, according to Binder, is to make travel to the moon commercially viable, and lists many benefits of going to the moon, including using it as a fuel source, or colonizing the surface for human habitation (audio cuts out from 00:07:30 - 00:09:00). Binder explains the work of the Lunar Prospector and talks about the necessity of having computers to do a lot of the work. On Apollo, Binder calls the program the most significant event of the 21st century, and talks about the roles of the Apollo program, the Clementine spacecraft, and hte Lunar Prospector. The interview ends with Binder's views on his relationship with NASA, which he characterizes as being needlessly bound up in beaurocracy and red tape. </pbcoreDescription><pbcoreDescription descriptionType="Series Description">
NOVA is a general-interest documentary series that addresses a single science issue each week.  Billed as "science adventures for curious grown-ups" when it first aired in March, 1974, NOVA continues to offer an informative and entertaining approach to a challenging subject. It is also one of television's most acclaimed series, having won every major television award, most of them many times over.</pbcoreDescription><pbcoreDescription descriptionType="Asset Description">Footage of a Monterey Conference of geologists and scientists. Footage takes place around conversations at a dinnertime poster session, and wide footage of the session. The footage also features a conversation among some geologists who speak in Japanese about Japanese language and people, and a conversation among four scientists watching a film and talking about Jupiter. </pbcoreDescription><pbcoreGenre source="AAPB Format Genre">Interview</pbcoreGenre><pbcoreGenre source="AAPB Topical Genre">Technology</pbcoreGenre><pbcoreGenre source="AAPB Topical Genre">History</pbcoreGenre><pbcoreCreator><creator>WGBH Educational Foundation</creator><creatorRole>Producing Organization</creatorRole></pbcoreCreator><pbcoreRightsSummary><rightsSummary>Rights Holder: WGBH Educational Foundation</rightsSummary></pbcoreRightsSummary><pbcoreAnnotation annotationType="Special Collection">to-the-moon</pbcoreAnnotation><pbcoreAnnotation annotationType="Playlist Group">Monterey</pbcoreAnnotation><pbcoreAnnotation annotationType="Playlist Order">2</pbcoreAnnotation><pbcoreAnnotation annotationType="Duration">0:11:20</pbcoreAnnotation><pbcoreAnnotation annotationType="Media Type">Video</pbcoreAnnotation><pbcoreAnnotation annotationType="Thumbnail">YES</pbcoreAnnotation><pbcoreAnnotation annotationType="Digitized">YES</pbcoreAnnotation><pbcoreAnnotation annotationType="Special Collection Tag">to-the-moon</pbcoreAnnotation></pbcoreDescriptionDocument>