<?xml version="1.0" encoding="UTF-8"?><pbcoreDescriptionDocument xmlns="http://www.pbcore.org/PBCore/PBCoreNamespace.html" annotation="V_8FB01AE291B5400E96F65A7B2D359091"><pbcoreAssetType>Raw video</pbcoreAssetType><pbcoreAssetDate dateType="Item Date">1998</pbcoreAssetDate><pbcoreIdentifier source="Open Vault UID">V_8FB01AE291B5400E96F65A7B2D359091</pbcoreIdentifier><pbcoreTitle titleType="Open Vault Title">Interview with George Mueller, engineer and associate administrator at NASA, part 1 of 3</pbcoreTitle><pbcoreTitle titleType="Program Number">2610</pbcoreTitle><pbcoreTitle titleType="Series">NOVA</pbcoreTitle><pbcoreTitle titleType="Program">To the Moon</pbcoreTitle><pbcoreSubject>Space</pbcoreSubject><pbcoreSubject>Astronaut</pbcoreSubject><pbcoreSubject>Apollo</pbcoreSubject><pbcoreSubject>American history</pbcoreSubject><pbcoreSubject>Moon</pbcoreSubject><pbcoreSubject>Gemini</pbcoreSubject><pbcoreDescription descriptionType="Program Description">Alan Binder, former Principal Investigator of NASA's Lunar Prospector mission, is interviewed about the Lunar Prospector. Binder says that if moon travel became viable again, he would want to go to the moon, but says that in order to get financial and public support for space exploration, scientists need to sell the science of the moon. Another option, according to Binder, is to make travel to the moon commercially viable, and lists many benefits of going to the moon, including using it as a fuel source, or colonizing the surface for human habitation (audio cuts out from 00:07:30 - 00:09:00). Binder explains the work of the Lunar Prospector and talks about the necessity of having computers to do a lot of the work. On Apollo, Binder calls the program the most significant event of the 21st century, and talks about the roles of the Apollo program, the Clementine spacecraft, and hte Lunar Prospector. The interview ends with Binder's views on his relationship with NASA, which he characterizes as being needlessly bound up in beaurocracy and red tape. </pbcoreDescription><pbcoreDescription descriptionType="Asset Description">George Mueller, engineer and associate administrator at NASA, is interviewed about his early days at NASA. Mueller says that the prospects of going to the moon within the decade were initially dim, and they had to convince Congress that they would be able to do it, in order to galvanize media and public support, and also had to build the program and figure out what they were going to build. To Mueller, Gemini was important in figuring out the developments that enabled Apollo's lunar accomplishments, but he argues that Apollo could have gone to the mono without Gemini. Gemini was also important in figuring out the medical limits of space, and helped NASA discover how to best work in space, and Mueller credits Buzz Aldrin with helping NASA figure out how to move and work in space suits. Mueller discusses rumours of Russian attempts to go to the moon, and talks about the Apollo 1 fire, which triggered a number of changes in the wiring and velcro of the spacecraft. On Mueller's brainchild, the Saturn all-up procedure, in which everything is tested at one time, Mueller explains how he came up with the procedure, the opposition he faced, and how it felt to see the Saturn craft do the test. </pbcoreDescription><pbcoreDescription descriptionType="Series Description">
NOVA is a general-interest documentary series that addresses a single science issue each week.  Billed as "science adventures for curious grown-ups" when it first aired in March, 1974, NOVA continues to offer an informative and entertaining approach to a challenging subject. It is also one of television's most acclaimed series, having won every major television award, most of them many times over.</pbcoreDescription><pbcoreGenre source="AAPB Topical Genre">History</pbcoreGenre><pbcoreGenre source="AAPB Format Genre">Interview</pbcoreGenre><pbcoreGenre source="AAPB Topical Genre">Technology</pbcoreGenre><pbcoreCreator><creator>WGBH Educational Foundation</creator><creatorRole>Producing Organization</creatorRole></pbcoreCreator><pbcoreContributor><contributor>Mueller, George Edwin, 1918-2015</contributor><contributorRole>Interviewee</contributorRole></pbcoreContributor><pbcoreRightsSummary><rightsSummary>Rights Holder: WGBH Educational Foundation</rightsSummary></pbcoreRightsSummary><pbcoreAnnotation annotationType="Digitized">YES</pbcoreAnnotation><pbcoreAnnotation annotationType="Special Collection Tag">to-the-moon</pbcoreAnnotation><pbcoreAnnotation annotationType="Playlist Order">1</pbcoreAnnotation><pbcoreAnnotation annotationType="Playlist Group">Mueller</pbcoreAnnotation><pbcoreAnnotation annotationType="Duration">0:18:00</pbcoreAnnotation><pbcoreAnnotation annotationType="Thumbnail">YES</pbcoreAnnotation><pbcoreAnnotation annotationType="Special Collection">to-the-moon</pbcoreAnnotation><pbcoreAnnotation annotationType="Media Type">Video</pbcoreAnnotation></pbcoreDescriptionDocument>