<?xml version="1.0" encoding="UTF-8"?><pbcoreDescriptionDocument xmlns="http://www.pbcore.org/PBCore/PBCoreNamespace.html" annotation="V_68BAF1537BB4411FA6944284D7CF7637"><pbcoreAssetType>Raw video</pbcoreAssetType><pbcoreAssetDate dateType="Item Date">1998</pbcoreAssetDate><pbcoreIdentifier source="Open Vault UID">V_68BAF1537BB4411FA6944284D7CF7637</pbcoreIdentifier><pbcoreTitle titleType="Open Vault Title">Interview with Maxime "Max" Faget, a mechanical engineer who worked on Mercury, Gemini, and Apollo spacecraft, part 3 of 3</pbcoreTitle><pbcoreTitle titleType="Program">To the Moon</pbcoreTitle><pbcoreTitle titleType="Program Number">2610</pbcoreTitle><pbcoreTitle titleType="Series">NOVA</pbcoreTitle><pbcoreSubject>Moon</pbcoreSubject><pbcoreSubject>Space</pbcoreSubject><pbcoreSubject>Apollo</pbcoreSubject><pbcoreSubject>American history</pbcoreSubject><pbcoreSubject>Astronaut</pbcoreSubject><pbcoreSubject>Gemini</pbcoreSubject><pbcoreDescription descriptionType="Program Description">Alan Binder, former Principal Investigator of NASA's Lunar Prospector mission, is interviewed about the Lunar Prospector. Binder says that if moon travel became viable again, he would want to go to the moon, but says that in order to get financial and public support for space exploration, scientists need to sell the science of the moon. Another option, according to Binder, is to make travel to the moon commercially viable, and lists many benefits of going to the moon, including using it as a fuel source, or colonizing the surface for human habitation (audio cuts out from 00:07:30 - 00:09:00). Binder explains the work of the Lunar Prospector and talks about the necessity of having computers to do a lot of the work. On Apollo, Binder calls the program the most significant event of the 21st century, and talks about the roles of the Apollo program, the Clementine spacecraft, and hte Lunar Prospector. The interview ends with Binder's views on his relationship with NASA, which he characterizes as being needlessly bound up in beaurocracy and red tape. </pbcoreDescription><pbcoreDescription descriptionType="Asset Description">Maxime "Max" Faget, a mechanical engineer who worked on Mercury, Gemini, and Apollo spacecraft, is interviewed about the early stages of America's commitment to go to the moon. Faget describes the decision to go to the moon after Russia's space exploration, initial plans for American space exploration after President John F. Kennedy's announcement that the US would go to the moon by 1969, and the early designs of the Mercury capsule. </pbcoreDescription><pbcoreDescription descriptionType="Series Description">
NOVA is a general-interest documentary series that addresses a single science issue each week.  Billed as "science adventures for curious grown-ups" when it first aired in March, 1974, NOVA continues to offer an informative and entertaining approach to a challenging subject. It is also one of television's most acclaimed series, having won every major television award, most of them many times over.</pbcoreDescription><pbcoreGenre source="AAPB Topical Genre">Technology</pbcoreGenre><pbcoreGenre source="AAPB Format Genre">Interview</pbcoreGenre><pbcoreGenre source="AAPB Topical Genre">History</pbcoreGenre><pbcoreCreator><creator>WGBH Educational Foundation</creator><creatorRole>Producing Organization</creatorRole></pbcoreCreator><pbcoreContributor><contributor>Faget, Maxime, 1921-2004</contributor><contributorRole>Interviewee</contributorRole></pbcoreContributor><pbcoreRightsSummary><rightsSummary>Rights Holder: WGBH Educational Foundation</rightsSummary></pbcoreRightsSummary><pbcoreAnnotation annotationType="Thumbnail">YES</pbcoreAnnotation><pbcoreAnnotation annotationType="Duration">0:05:07</pbcoreAnnotation><pbcoreAnnotation annotationType="Playlist Group">Faget</pbcoreAnnotation><pbcoreAnnotation annotationType="Playlist Order">3</pbcoreAnnotation><pbcoreAnnotation annotationType="Digitized">YES</pbcoreAnnotation><pbcoreAnnotation annotationType="Media Type">Video</pbcoreAnnotation><pbcoreAnnotation annotationType="Special Collection">to-the-moon</pbcoreAnnotation><pbcoreAnnotation annotationType="Special Collection Tag">to-the-moon</pbcoreAnnotation></pbcoreDescriptionDocument>