<?xml version="1.0" encoding="UTF-8"?><pbcoreDescriptionDocument xmlns="http://www.pbcore.org/PBCore/PBCoreNamespace.html" annotation="V_856E55139A134B6998445068C7563BBA"><pbcoreAssetType>Raw video</pbcoreAssetType><pbcoreAssetDate dateType="Item Date">1998</pbcoreAssetDate><pbcoreIdentifier source="Open Vault UID">V_856E55139A134B6998445068C7563BBA</pbcoreIdentifier><pbcoreTitle titleType="Series">NOVA</pbcoreTitle><pbcoreTitle titleType="Open Vault Title">Interview with James W. Head III, Professor of Geological Sciences at Brown University, and Farouk El-Baz, Director of the Center for Remote Sensing at Boston University, part 2 of 3</pbcoreTitle><pbcoreTitle titleType="Program">To the Moon</pbcoreTitle><pbcoreTitle titleType="Program Number">2610</pbcoreTitle><pbcoreSubject>Space</pbcoreSubject><pbcoreSubject>Apollo</pbcoreSubject><pbcoreSubject>Astronaut</pbcoreSubject><pbcoreSubject>Moon</pbcoreSubject><pbcoreSubject>Gemini</pbcoreSubject><pbcoreSubject>American history</pbcoreSubject><pbcoreDescription descriptionType="Asset Description">Conversation between James W. Head, Professor of Geological Sciences at Brown University, and Farouk El-Baz, Director of the Center for Remote Sensing at Boston University, on images of the lunar surface. Head and El-Baz talk about the features of the moon and go through the process of planning where they would send astronauts on future hypothetical missions, using geological features and the practicalities of lunar navigation to inform their decisions. The two go over the landing sites from Apollo 11, 12, 14, 15, 16, and 17, and discuss the unique features of each mission, including the feats of Apollo 11. El-Baz talks about the presence of water on the moon (audio cuts out), and the two discuss the hot and cold theories of the moon, and the geologists' lack of knowledge about the moon's temperature, creation, and makeup. The answers held the key to scientists' application of principles of lunar knowledge to the Earth's creation and history. El-Baz and Head talk about what they wanted the astronauts to look for, including in-space observations, the types of rocks on the surface and their relation to various types of creation, and the locations of rocks in relation to the surface depth. When incorporating geology into the Apollo program, El-Baz remembers the astronauts' initial dislike of the training, which changed as the astronauts' mission became more geologically-based once the lunar surface was attainable. From the rocks found on the moon, the scientists were able to find out more about the age of the moon and the creation of the moon and its rocks. The interview ends with B-Roll of Head and El-Baz looking at images and charts of the moon. </pbcoreDescription><pbcoreDescription descriptionType="Series Description">
NOVA is a general-interest documentary series that addresses a single science issue each week.  Billed as "science adventures for curious grown-ups" when it first aired in March, 1974, NOVA continues to offer an informative and entertaining approach to a challenging subject. It is also one of television's most acclaimed series, having won every major television award, most of them many times over.</pbcoreDescription><pbcoreDescription descriptionType="Program Description">Alan Binder, former Principal Investigator of NASA's Lunar Prospector mission, is interviewed about the Lunar Prospector. Binder says that if moon travel became viable again, he would want to go to the moon, but says that in order to get financial and public support for space exploration, scientists need to sell the science of the moon. Another option, according to Binder, is to make travel to the moon commercially viable, and lists many benefits of going to the moon, including using it as a fuel source, or colonizing the surface for human habitation (audio cuts out from 00:07:30 - 00:09:00). Binder explains the work of the Lunar Prospector and talks about the necessity of having computers to do a lot of the work. On Apollo, Binder calls the program the most significant event of the 21st century, and talks about the roles of the Apollo program, the Clementine spacecraft, and hte Lunar Prospector. The interview ends with Binder's views on his relationship with NASA, which he characterizes as being needlessly bound up in beaurocracy and red tape. </pbcoreDescription><pbcoreGenre source="AAPB Topical Genre">History</pbcoreGenre><pbcoreGenre source="AAPB Topical Genre">Technology</pbcoreGenre><pbcoreGenre source="AAPB Format Genre">Interview</pbcoreGenre><pbcoreCreator><creator>WGBH Educational Foundation</creator><creatorRole>Producing Organization</creatorRole></pbcoreCreator><pbcoreContributor><contributor>Head, James W., 1941-</contributor><contributorRole>Interviewee</contributorRole></pbcoreContributor><pbcoreContributor><contributor>El-Baz, Farouk, 1938-</contributor><contributorRole>Interviewee</contributorRole></pbcoreContributor><pbcoreRightsSummary><rightsSummary>Rights Holder: WGBH Educational Foundation</rightsSummary></pbcoreRightsSummary><pbcoreAnnotation annotationType="Digitized">YES</pbcoreAnnotation><pbcoreAnnotation annotationType="Special Collection Tag">to-the-moon</pbcoreAnnotation><pbcoreAnnotation annotationType="Special Collection">to-the-moon</pbcoreAnnotation><pbcoreAnnotation annotationType="Playlist Group">El_Baz_Head</pbcoreAnnotation><pbcoreAnnotation annotationType="Media Type">Video</pbcoreAnnotation><pbcoreAnnotation annotationType="Duration">0:22:40</pbcoreAnnotation><pbcoreAnnotation annotationType="Thumbnail">YES</pbcoreAnnotation><pbcoreAnnotation annotationType="Playlist Order">2</pbcoreAnnotation></pbcoreDescriptionDocument>