<?xml version="1.0" encoding="UTF-8"?><pbcoreDescriptionDocument xmlns="http://www.pbcore.org/PBCore/PBCoreNamespace.html" annotation="V_2631C7757CF64B8A8FFDD7D181EB3119"><pbcoreAssetType>Raw video</pbcoreAssetType><pbcoreAssetDate dateType="Item Date">1998</pbcoreAssetDate><pbcoreIdentifier source="Open Vault UID">V_2631C7757CF64B8A8FFDD7D181EB3119</pbcoreIdentifier><pbcoreTitle titleType="Program Number">2610</pbcoreTitle><pbcoreTitle titleType="Series">NOVA</pbcoreTitle><pbcoreTitle titleType="Open Vault Title">Interview with James "Jim" Lovell, Frank Borman, and William "Bill" Anders, astronauts on the Apollo 8 mission, part 1 of 2</pbcoreTitle><pbcoreTitle titleType="Program">To the Moon</pbcoreTitle><pbcoreSubject>Apollo</pbcoreSubject><pbcoreSubject>Astronaut</pbcoreSubject><pbcoreSubject>American history</pbcoreSubject><pbcoreSubject>Space</pbcoreSubject><pbcoreSubject>Gemini</pbcoreSubject><pbcoreSubject>Moon</pbcoreSubject><pbcoreDescription descriptionType="Series Description">
NOVA is a general-interest documentary series that addresses a single science issue each week.  Billed as "science adventures for curious grown-ups" when it first aired in March, 1974, NOVA continues to offer an informative and entertaining approach to a challenging subject. It is also one of television's most acclaimed series, having won every major television award, most of them many times over.</pbcoreDescription><pbcoreDescription descriptionType="Program Description">This remarkably crafted program covers the full range of participants in the Apollo project, from the scientists and engineers who promoted bold ideas about the nature of the Moon and how to get there, to the young geologists who chose the landing sites and helped train the crews, to the astronauts who actually went – not once or twice, but six times, each to a more demanding and interesting location on the Moon's surface. "To The Moon" includes unprecedented footage, rare interviews, and presents a magnificent overview of the history of man and the Moon. To the Moon aired as NOVA episode 2610 in 1999. </pbcoreDescription><pbcoreDescription descriptionType="Asset Description">Jim Lovell, Frank Borman, and Bill Anders, former NASA astronauts who served on the Apollo 8 mission, are interviewed about their time on Apollo 8, including their shared toothbrush and meeting with Charles Lindbergh on the day before the launch. The Apollo 8 change of mission and the secrecy around it is also discussed, as are medical issues like Borman's sickness and Anders' inability to sleep during the mission. The crew jokes about issues that were made during Apollo 8, and the tape ends with a segment with the missing introduction from part one of this tape. </pbcoreDescription><pbcoreGenre source="AAPB Format Genre">Interview</pbcoreGenre><pbcoreGenre source="AAPB Topical Genre">History</pbcoreGenre><pbcoreGenre source="AAPB Topical Genre">Technology</pbcoreGenre><pbcoreCreator><creator>WGBH Educational Foundation</creator><creatorRole>Producing Organization</creatorRole></pbcoreCreator><pbcoreContributor><contributor>Lovell, James, 1928- </contributor><contributorRole>Interviewee</contributorRole></pbcoreContributor><pbcoreContributor><contributor>Borman, Frank, 1928-</contributor><contributorRole>Interviewee</contributorRole></pbcoreContributor><pbcoreContributor><contributor>Anders, William, 1933-</contributor><contributorRole>Interviewee</contributorRole></pbcoreContributor><pbcoreRightsSummary><rightsSummary>Rights Holder: WGBH Educational Foundation</rightsSummary></pbcoreRightsSummary><pbcoreAnnotation annotationType="Playlist Order">1</pbcoreAnnotation><pbcoreAnnotation annotationType="Thumbnail">YES</pbcoreAnnotation><pbcoreAnnotation annotationType="Special Collection">to-the-moon</pbcoreAnnotation><pbcoreAnnotation annotationType="Special Collection Tag">to-the-moon</pbcoreAnnotation><pbcoreAnnotation annotationType="Media Type">Video</pbcoreAnnotation><pbcoreAnnotation annotationType="Duration">0:28:36</pbcoreAnnotation><pbcoreAnnotation annotationType="Digitized">YES</pbcoreAnnotation><pbcoreAnnotation annotationType="Playlist Group">Apollo9</pbcoreAnnotation></pbcoreDescriptionDocument>