<?xml version="1.0" encoding="UTF-8"?><pbcoreDescriptionDocument xmlns="http://www.pbcore.org/PBCore/PBCoreNamespace.html" annotation="V_86D2443D5B564CE7AF91B354D2611A0A"><pbcoreAssetType>Raw video</pbcoreAssetType><pbcoreAssetDate dateType="Item Date">1998</pbcoreAssetDate><pbcoreIdentifier source="Open Vault UID">V_86D2443D5B564CE7AF91B354D2611A0A</pbcoreIdentifier><pbcoreTitle titleType="Program Number">2610</pbcoreTitle><pbcoreTitle titleType="Series">NOVA</pbcoreTitle><pbcoreTitle titleType="Program">To the Moon</pbcoreTitle><pbcoreTitle titleType="Open Vault Title">Interview with Robert Channing Seamans, Jr., Deputy Administrator at NASA and Professor at MIT, part 2 of 3</pbcoreTitle><pbcoreSubject>Apollo</pbcoreSubject><pbcoreSubject>Moon</pbcoreSubject><pbcoreSubject>American history</pbcoreSubject><pbcoreSubject>Gemini</pbcoreSubject><pbcoreSubject>Astronaut</pbcoreSubject><pbcoreSubject>Space</pbcoreSubject><pbcoreDescription descriptionType="Program Description">Alan Binder, former Principal Investigator of NASA's Lunar Prospector mission, is interviewed about the Lunar Prospector. Binder says that if moon travel became viable again, he would want to go to the moon, but says that in order to get financial and public support for space exploration, scientists need to sell the science of the moon. Another option, according to Binder, is to make travel to the moon commercially viable, and lists many benefits of going to the moon, including using it as a fuel source, or colonizing the surface for human habitation (audio cuts out from 00:07:30 - 00:09:00). Binder explains the work of the Lunar Prospector and talks about the necessity of having computers to do a lot of the work. On Apollo, Binder calls the program the most significant event of the 21st century, and talks about the roles of the Apollo program, the Clementine spacecraft, and hte Lunar Prospector. The interview ends with Binder's views on his relationship with NASA, which he characterizes as being needlessly bound up in beaurocracy and red tape. </pbcoreDescription><pbcoreDescription descriptionType="Asset Description">Robert Channing Seamans, Jr., Deputy Administrator at NASA and Professor at MIT is interviewed about the early years of NASA and the Kennedy space program. Seamans describes the meeting with himself, Jim Webb, and Robert McNamara in order to establish a space program under the Kennedy Administration, and the drafting of a proposal to President John F. Kennedy to create the space program. Other considerations included the debate over when the "end of the decade" was, and the building of the NOVA spacecraft. Seamans describes the early, negative, reception of John Houbolt's theory of Lunar Orbit Rendezvous, and says that he was receptive to the idea. Over time, the theory was investigated and accepted as the best option to save fuel. The final minute of the interview is from the interview with James W. Head.</pbcoreDescription><pbcoreDescription descriptionType="Series Description">
NOVA is a general-interest documentary series that addresses a single science issue each week.  Billed as "science adventures for curious grown-ups" when it first aired in March, 1974, NOVA continues to offer an informative and entertaining approach to a challenging subject. It is also one of television's most acclaimed series, having won every major television award, most of them many times over.</pbcoreDescription><pbcoreGenre source="AAPB Format Genre">Interview</pbcoreGenre><pbcoreGenre source="AAPB Topical Genre">Technology</pbcoreGenre><pbcoreGenre source="AAPB Topical Genre">History</pbcoreGenre><pbcoreCreator><creator>WGBH Educational Foundation</creator><creatorRole>Producing Organization</creatorRole></pbcoreCreator><pbcoreContributor><contributor>Seamans, Robert Channing, 1918-2008</contributor><contributorRole>Interviewee</contributorRole></pbcoreContributor><pbcoreRightsSummary><rightsSummary>Rights Holder: WGBH Educational Foundation</rightsSummary></pbcoreRightsSummary><pbcoreAnnotation annotationType="Playlist Group">Seamans</pbcoreAnnotation><pbcoreAnnotation annotationType="Media Type">Video</pbcoreAnnotation><pbcoreAnnotation annotationType="Duration">0:22:18</pbcoreAnnotation><pbcoreAnnotation annotationType="Special Collection">to-the-moon</pbcoreAnnotation><pbcoreAnnotation annotationType="Digitized">YES</pbcoreAnnotation><pbcoreAnnotation annotationType="Special Collection Tag">to-the-moon</pbcoreAnnotation><pbcoreAnnotation annotationType="Thumbnail">YES</pbcoreAnnotation><pbcoreAnnotation annotationType="Playlist Order">2</pbcoreAnnotation></pbcoreDescriptionDocument>