<?xml version="1.0" encoding="UTF-8"?><pbcoreDescriptionDocument xmlns="http://www.pbcore.org/PBCore/PBCoreNamespace.html" annotation="V_5086F3A767AC42EDB380E3722B1FC3BC"><pbcoreAssetType>Raw video</pbcoreAssetType><pbcoreAssetDate dateType="Item Date">1998</pbcoreAssetDate><pbcoreIdentifier source="Open Vault UID">V_5086F3A767AC42EDB380E3722B1FC3BC</pbcoreIdentifier><pbcoreTitle titleType="Series">NOVA</pbcoreTitle><pbcoreTitle titleType="Program Number">2610</pbcoreTitle><pbcoreTitle titleType="Open Vault Title">Interview with Alan Binder, Principal Investigator of NASA's Lunar Prospector mission, part 2 of 4</pbcoreTitle><pbcoreTitle titleType="Program">To the Moon</pbcoreTitle><pbcoreSubject>Space</pbcoreSubject><pbcoreSubject>Moon</pbcoreSubject><pbcoreSubject>Apollo</pbcoreSubject><pbcoreSubject>Astronaut</pbcoreSubject><pbcoreSubject>American history</pbcoreSubject><pbcoreSubject>Gemini</pbcoreSubject><pbcoreDescription descriptionType="Series Description">
NOVA is a general-interest documentary series that addresses a single science issue each week.  Billed as "science adventures for curious grown-ups" when it first aired in March, 1974, NOVA continues to offer an informative and entertaining approach to a challenging subject. It is also one of television's most acclaimed series, having won every major television award, most of them many times over.</pbcoreDescription><pbcoreDescription descriptionType="Asset Description">Alan Binder, former Principal Investigator of NASA's Lunar Prospector mission is interviewed about his job. Binder describes his work with various institutions and institutes to get a spacecraft designed for the Lunar Prospector Mission, and explains the objectives of the mission. Binder talks about the potential to discover water on the moon and the potential for colonization of the moon if water is found, although the water on the moon is probably in the polar regions or is trapped beneath the surface. Ideally, Binder would have a rover and then a man on the moon, and says that humans, and not robots, are necessary to building an infrastructure on the moon for colonization. Binder ends by explaining the technology of searching for water on the moon and talking about his hopes of returning men to the moon, although attempts to go to the moon were starting over the work of the 1950s and 1960s. The final minutes of the interview are audio-only of a discussion with Robin M. Canup (ID "barcode52077_Canup_01") on the discovery of other Earths and other forms of life in space, and from the Mission Control operations. </pbcoreDescription><pbcoreDescription descriptionType="Program Description">Footage of mission control operations in the Lunar Prospector Mission Control room, led by Alan Binder, former Principal Investigator of NASA's Lunar Prospector mission. </pbcoreDescription><pbcoreGenre source="AAPB Format Genre">Interview</pbcoreGenre><pbcoreGenre source="AAPB Topical Genre">History</pbcoreGenre><pbcoreGenre source="AAPB Topical Genre">Technology</pbcoreGenre><pbcoreCreator><creator>WGBH Educational Foundation</creator><creatorRole>Producing Organization</creatorRole></pbcoreCreator><pbcoreContributor><contributor>Binder, Alan</contributor><contributorRole>Speaker</contributorRole></pbcoreContributor><pbcoreRightsSummary><rightsSummary>Rights Holder: WGBH Educational Foundation</rightsSummary></pbcoreRightsSummary><pbcoreAnnotation annotationType="Thumbnail">YES</pbcoreAnnotation><pbcoreAnnotation annotationType="Digitized">YES</pbcoreAnnotation><pbcoreAnnotation annotationType="Duration">0:29:05</pbcoreAnnotation><pbcoreAnnotation annotationType="Special Collection Tag">to-the-moon</pbcoreAnnotation><pbcoreAnnotation annotationType="Special Collection">to-the-moon</pbcoreAnnotation><pbcoreAnnotation annotationType="Media Type">Video</pbcoreAnnotation><pbcoreAnnotation annotationType="Playlist Group">Binder</pbcoreAnnotation><pbcoreAnnotation annotationType="Playlist Order">1</pbcoreAnnotation></pbcoreDescriptionDocument>