<?xml version="1.0" encoding="UTF-8"?><pbcoreDescriptionDocument xmlns="http://www.pbcore.org/PBCore/PBCoreNamespace.html" annotation="V_61DF4F7ACED0443A81D7835EC5FF778A"><pbcoreAssetType>Raw video</pbcoreAssetType><pbcoreAssetDate dateType="Item Date">1998</pbcoreAssetDate><pbcoreIdentifier source="Open Vault UID">V_61DF4F7ACED0443A81D7835EC5FF778A</pbcoreIdentifier><pbcoreTitle titleType="Program Number">2610</pbcoreTitle><pbcoreTitle titleType="Program">To the Moon</pbcoreTitle><pbcoreTitle titleType="Series">NOVA</pbcoreTitle><pbcoreTitle titleType="Open Vault Title">Interview with Leon "Lee" Silver, Harrison "Jack" Schmitt, and Gordon Swann at Sunset Crater, part 2 of 2</pbcoreTitle><pbcoreSubject>American history</pbcoreSubject><pbcoreSubject>Gemini</pbcoreSubject><pbcoreSubject>Apollo</pbcoreSubject><pbcoreSubject>Space</pbcoreSubject><pbcoreSubject>Moon</pbcoreSubject><pbcoreSubject>Astronaut</pbcoreSubject><pbcoreDescription descriptionType="Program Description">Alan Binder, former Principal Investigator of NASA's Lunar Prospector mission, is interviewed about the Lunar Prospector. Binder says that if moon travel became viable again, he would want to go to the moon, but says that in order to get financial and public support for space exploration, scientists need to sell the science of the moon. Another option, according to Binder, is to make travel to the moon commercially viable, and lists many benefits of going to the moon, including using it as a fuel source, or colonizing the surface for human habitation (audio cuts out from 00:07:30 - 00:09:00). Binder explains the work of the Lunar Prospector and talks about the necessity of having computers to do a lot of the work. On Apollo, Binder calls the program the most significant event of the 21st century, and talks about the roles of the Apollo program, the Clementine spacecraft, and hte Lunar Prospector. The interview ends with Binder's views on his relationship with NASA, which he characterizes as being needlessly bound up in beaurocracy and red tape. </pbcoreDescription><pbcoreDescription descriptionType="Asset Description">Leon "Lee" Silver, W.M. Keck Foundation Professor for Resource Geology, emeritus, at Caltech; Harrison Hagan "Jack" Schmitt, geologist, astronaut, and Lunar Module Pilot on Apollo 17; and Dr. Gordon Swann, geologist with the US Geological Survey (USGS), and Principal Investigator for the Apollo 13 field geology team, are interviewed about training the astronauts of the Apollo program. Silver tells the story of Jim Lovell's discovery of a Paiute pot during a training exercise, and Jack Schmitt talks about finding a similar pot, and the two discuss the ways that everybody in the group educated each other in different parts of the program. The two discuss the coloration of the soil samples found on Apollo 17, and talk about the wisdom of appointing Jim Lovell as the CapCom to the back room. Footage also includes some shots of Silver and Schmitt discussing the discovery of orange soil and their experiences with the crater and working in the back room. Silver is interviewed about his thoughts on Apollo and the importance of sending people to the moon. Gordon Swann joins them and talks about his experience in training the astronauts in geology, and describes the creation of the Sunset Crater and Cinder Lake. The interview ends with Schmitt's discussion of the things that were learned from the orange soil discovered on the Apollo 17 mission, and contains some audio from the B-Roll sequences. </pbcoreDescription><pbcoreDescription descriptionType="Series Description">
NOVA is a general-interest documentary series that addresses a single science issue each week.  Billed as "science adventures for curious grown-ups" when it first aired in March, 1974, NOVA continues to offer an informative and entertaining approach to a challenging subject. It is also one of television's most acclaimed series, having won every major television award, most of them many times over.</pbcoreDescription><pbcoreGenre source="AAPB Format Genre">Interview</pbcoreGenre><pbcoreGenre source="AAPB Topical Genre">Technology</pbcoreGenre><pbcoreGenre source="AAPB Topical Genre">History</pbcoreGenre><pbcoreCreator><creator>WGBH Educational Foundation</creator><creatorRole>Producing Organization</creatorRole></pbcoreCreator><pbcoreContributor><contributor>Schmitt, Harrison "Jack", 1935-</contributor><contributorRole>Speaker</contributorRole></pbcoreContributor><pbcoreContributor><contributor>Silver, Leon "Lee" Theodore, 1925-</contributor><contributorRole>Speaker</contributorRole></pbcoreContributor><pbcoreContributor><contributor>Swann, Gordon, 1931-2014</contributor><contributorRole>Speaker</contributorRole></pbcoreContributor><pbcoreRightsSummary><rightsSummary>Rights Holder: WGBH Educational Foundation</rightsSummary></pbcoreRightsSummary><pbcoreAnnotation annotationType="Special Collection">to-the-moon</pbcoreAnnotation><pbcoreAnnotation annotationType="Duration">0:24:27</pbcoreAnnotation><pbcoreAnnotation annotationType="Playlist Group">SunsetCrater</pbcoreAnnotation><pbcoreAnnotation annotationType="Digitized">YES</pbcoreAnnotation><pbcoreAnnotation annotationType="Thumbnail">YES</pbcoreAnnotation><pbcoreAnnotation annotationType="Playlist Order">2</pbcoreAnnotation><pbcoreAnnotation annotationType="Special Collection Tag">to-the-moon</pbcoreAnnotation><pbcoreAnnotation annotationType="Media Type">Video</pbcoreAnnotation></pbcoreDescriptionDocument>