<?xml version="1.0" encoding="UTF-8"?><pbcoreDescriptionDocument xmlns="http://www.pbcore.org/PBCore/PBCoreNamespace.html" annotation="V_FD556D0818FD4FF694DAB5E38D63BC48"><pbcoreAssetType>Raw video</pbcoreAssetType><pbcoreAssetDate dateType="Item Date">1998</pbcoreAssetDate><pbcoreIdentifier source="Open Vault UID">V_FD556D0818FD4FF694DAB5E38D63BC48</pbcoreIdentifier><pbcoreTitle titleType="Open Vault Title">Interview with Buzz Aldrin, engineer and astronaut, and lunar module pilot on Apollo 11, part 4 of 4</pbcoreTitle><pbcoreTitle titleType="Series">NOVA</pbcoreTitle><pbcoreTitle titleType="Program">To the Moon</pbcoreTitle><pbcoreTitle titleType="Program Number">2610</pbcoreTitle><pbcoreSubject>American history</pbcoreSubject><pbcoreSubject>Apollo</pbcoreSubject><pbcoreSubject>Moon</pbcoreSubject><pbcoreSubject>Space</pbcoreSubject><pbcoreSubject>Gemini</pbcoreSubject><pbcoreSubject>Astronaut</pbcoreSubject><pbcoreDescription descriptionType="Asset Description">Buzz Aldrin, engineer and former NASA astronaut, is interviewed about the results of the Apollo 11 mission to the moon. Aldrin describes his visual impressions of the moon, and mentions the mission's effect on a scientific understanding of the moon, as well as the lessons learned in effective technologies in going to the moon (the Saturn V rocket was never used again), and the mission's effect on bringing about an end to the Cold War. The interview with Aldrin ends with a discussion of space tourism, a hotel on the moon, and reducing the costs of space travel. The next segment is an audio-only interview with Jim Lovell, Frank Borman, and Bill Anders about Apollo 8 and the potential of traveling to Mars. The final segment is an audio-only segment with Buzz Aldrin describing rendezvous and docking, and a description of "dead man's curve". </pbcoreDescription><pbcoreDescription descriptionType="Program Description">This remarkably crafted program covers the full range of participants in the Apollo project, from the scientists and engineers who promoted bold ideas about the nature of the Moon and how to get there, to the young geologists who chose the landing sites and helped train the crews, to the astronauts who actually went – not once or twice, but six times, each to a more demanding and interesting location on the Moon's surface. "To The Moon" includes unprecedented footage, rare interviews, and presents a magnificent overview of the history of man and the Moon. To the Moon aired as NOVA episode 2610 in 1999. </pbcoreDescription><pbcoreDescription descriptionType="Series Description">
NOVA is a general-interest documentary series that addresses a single science issue each week.  Billed as "science adventures for curious grown-ups" when it first aired in March, 1974, NOVA continues to offer an informative and entertaining approach to a challenging subject. It is also one of television's most acclaimed series, having won every major television award, most of them many times over.</pbcoreDescription><pbcoreGenre source="AAPB Format Genre">Interview</pbcoreGenre><pbcoreGenre source="AAPB Topical Genre">Technology</pbcoreGenre><pbcoreGenre source="AAPB Topical Genre">History</pbcoreGenre><pbcoreCreator><creator>WGBH Educational Foundation</creator><creatorRole>Producing Organization</creatorRole></pbcoreCreator><pbcoreContributor><contributor>Anders, William, 1933-</contributor><contributorRole>Interviewee</contributorRole></pbcoreContributor><pbcoreContributor><contributor>Borman, Frank, 1928-</contributor><contributorRole>Interviewee</contributorRole></pbcoreContributor><pbcoreContributor><contributor>Lovell, James, 1928- </contributor><contributorRole>Interviewee</contributorRole></pbcoreContributor><pbcoreContributor><contributor>Aldrin, Buzz, 1930-</contributor><contributorRole>Interviewee</contributorRole></pbcoreContributor><pbcoreRightsSummary><rightsSummary>Rights Holder: WGBH Educational Foundation</rightsSummary></pbcoreRightsSummary><pbcoreAnnotation annotationType="Special Collection">to-the-moon</pbcoreAnnotation><pbcoreAnnotation annotationType="Duration">0:22:38</pbcoreAnnotation><pbcoreAnnotation annotationType="Playlist Group">Aldrin</pbcoreAnnotation><pbcoreAnnotation annotationType="Digitized">YES</pbcoreAnnotation><pbcoreAnnotation annotationType="Playlist Order">4</pbcoreAnnotation><pbcoreAnnotation annotationType="Thumbnail">YES</pbcoreAnnotation><pbcoreAnnotation annotationType="Special Collection Tag">to-the-moon</pbcoreAnnotation><pbcoreAnnotation annotationType="Media Type">Video</pbcoreAnnotation></pbcoreDescriptionDocument>