<?xml version="1.0" encoding="UTF-8"?><pbcoreDescriptionDocument xmlns="http://www.pbcore.org/PBCore/PBCoreNamespace.html" annotation="V_924A04F423BC48F9A8CA7E1831527E1B"><pbcoreAssetType>Raw video</pbcoreAssetType><pbcoreAssetDate dateType="Item Date">1998</pbcoreAssetDate><pbcoreIdentifier source="Open Vault UID">V_924A04F423BC48F9A8CA7E1831527E1B</pbcoreIdentifier><pbcoreTitle titleType="Program">To the Moon</pbcoreTitle><pbcoreTitle titleType="Program Number">2610</pbcoreTitle><pbcoreTitle titleType="Series">NOVA</pbcoreTitle><pbcoreTitle titleType="Open Vault Title">Interview with Gene Cernan, NASA astronaut, aviator, and engineer who was part of Gemini 9A, Apollo 10, and Apollo 17, part 2 of 3</pbcoreTitle><pbcoreSubject>Moon</pbcoreSubject><pbcoreSubject>Gemini</pbcoreSubject><pbcoreSubject>Astronaut</pbcoreSubject><pbcoreSubject>Space</pbcoreSubject><pbcoreSubject>Apollo</pbcoreSubject><pbcoreSubject>American history</pbcoreSubject><pbcoreDescription descriptionType="Asset Description">Gene Cernan, NASA astronaut, aviator, and engineer who was part of Gemini 9A, Apollo 10, and Apollo 17, is interviewed about the addition of science and scientist-astronauts to the Apollo program. Although the science and scientists were not warmly welcomed to Apollo, they eventually integrated into the group, and Cernan discusses working with Jack Schmitt during Apollo 17, and the science that was necessary to the mission, and describes Jack Schmitt's discovery of orange soil on the moon. </pbcoreDescription><pbcoreDescription descriptionType="Program Description">Alan Binder, former Principal Investigator of NASA's Lunar Prospector mission, is interviewed about the Lunar Prospector. Binder says that if moon travel became viable again, he would want to go to the moon, but says that in order to get financial and public support for space exploration, scientists need to sell the science of the moon. Another option, according to Binder, is to make travel to the moon commercially viable, and lists many benefits of going to the moon, including using it as a fuel source, or colonizing the surface for human habitation (audio cuts out from 00:07:30 - 00:09:00). Binder explains the work of the Lunar Prospector and talks about the necessity of having computers to do a lot of the work. On Apollo, Binder calls the program the most significant event of the 21st century, and talks about the roles of the Apollo program, the Clementine spacecraft, and hte Lunar Prospector. The interview ends with Binder's views on his relationship with NASA, which he characterizes as being needlessly bound up in beaurocracy and red tape. </pbcoreDescription><pbcoreDescription descriptionType="Series Description">
NOVA is a general-interest documentary series that addresses a single science issue each week.  Billed as "science adventures for curious grown-ups" when it first aired in March, 1974, NOVA continues to offer an informative and entertaining approach to a challenging subject. It is also one of television's most acclaimed series, having won every major television award, most of them many times over.</pbcoreDescription><pbcoreGenre source="AAPB Format Genre">Interview</pbcoreGenre><pbcoreGenre source="AAPB Topical Genre">History</pbcoreGenre><pbcoreGenre source="AAPB Topical Genre">Technology</pbcoreGenre><pbcoreCreator><creator>WGBH Educational Foundation</creator><creatorRole>Producing Organization</creatorRole></pbcoreCreator><pbcoreContributor><contributor>Cernan, Eugene "Gene", 1934-2017</contributor><contributorRole>Interviewee</contributorRole></pbcoreContributor><pbcoreRightsSummary><rightsSummary>Rights Holder: WGBH Educational Foundation</rightsSummary></pbcoreRightsSummary><pbcoreAnnotation annotationType="Digitized">YES</pbcoreAnnotation><pbcoreAnnotation annotationType="Duration">0:24:14</pbcoreAnnotation><pbcoreAnnotation annotationType="Thumbnail">YES</pbcoreAnnotation><pbcoreAnnotation annotationType="Playlist Order">2</pbcoreAnnotation><pbcoreAnnotation annotationType="Media Type">Video</pbcoreAnnotation><pbcoreAnnotation annotationType="Special Collection">to-the-moon</pbcoreAnnotation><pbcoreAnnotation annotationType="Playlist Group">Cernan</pbcoreAnnotation><pbcoreAnnotation annotationType="Special Collection Tag">to-the-moon</pbcoreAnnotation></pbcoreDescriptionDocument>