<?xml version="1.0" encoding="UTF-8"?><pbcoreDescriptionDocument xmlns="http://www.pbcore.org/PBCore/PBCoreNamespace.html" annotation="V_22F4B7D27C1B4E698D125287C14E1E6B">
    <pbcoreAssetType>Broadcast program</pbcoreAssetType><pbcoreAssetDate dateType="Item Date">12/05/1981</pbcoreAssetDate><pbcoreIdentifier source="Open Vault UID">V_22F4B7D27C1B4E698D125287C14E1E6B</pbcoreIdentifier><pbcoreTitle titleType="Program Number">105</pbcoreTitle><pbcoreTitle titleType="Series">Bernstein and Beethoven</pbcoreTitle><pbcoreTitle titleType="Program">King Stephan Overture; Symphony #5 in C Minor</pbcoreTitle><pbcoreDescription descriptionType="Series Description">Series release date: 1981</pbcoreDescription><pbcoreDescription descriptionType="Asset Description">Dub from PBS 2" tape.  Original date 12/5/81</pbcoreDescription><pbcoreAnnotation annotationType="Media Type">Video</pbcoreAnnotation><pbcoreAnnotation annotationType="Duration">00:64:00:00</pbcoreAnnotation></pbcoreDescriptionDocument>