<?xml version="1.0" encoding="UTF-8"?><pbcoreDescriptionDocument xmlns="http://www.pbcore.org/PBCore/PBCoreNamespace.html" annotation="V_D1D4F6FB70224036977A5DF08098F3E4">
    <pbcoreAssetType>Broadcast program</pbcoreAssetType><pbcoreIdentifier source="Open Vault UID">V_D1D4F6FB70224036977A5DF08098F3E4</pbcoreIdentifier><pbcoreTitle titleType="Series">America's Driving Passion</pbcoreTitle><pbcoreDescription descriptionType="Series Description">Series was produced for TBS - was not aired on PBS.
Series release date: 1995</pbcoreDescription><pbcoreDescription descriptionType="Asset Description">Hour 3 (no titles)</pbcoreDescription><pbcoreCreator>
      <creator>Drain, Margaret</creator><creatorRole>Series Producer</creatorRole></pbcoreCreator><pbcoreAnnotation annotationType="Media Type">Video</pbcoreAnnotation></pbcoreDescriptionDocument>