<?xml version="1.0" encoding="UTF-8"?><pbcoreDescriptionDocument xmlns="http://www.pbcore.org/PBCore/PBCoreNamespace.html" annotation="V_D6A2EEF427304A3CA92F38A495989889">
    <pbcoreAssetType>Broadcast program</pbcoreAssetType><pbcoreAssetDate dateType="Item Date">01/16/1974</pbcoreAssetDate><pbcoreIdentifier source="Open Vault UID">V_D6A2EEF427304A3CA92F38A495989889</pbcoreIdentifier><pbcoreTitle titleType="Series">Synthesized Billboards</pbcoreTitle><pbcoreDescription descriptionType="Asset Description">Program master</pbcoreDescription><pbcoreAnnotation annotationType="Duration">00:20:00:00</pbcoreAnnotation><pbcoreAnnotation annotationType="Media Type">Video</pbcoreAnnotation></pbcoreDescriptionDocument>