<?xml version="1.0" encoding="UTF-8"?><pbcoreDescriptionDocument xmlns="http://www.pbcore.org/PBCore/PBCoreNamespace.html" annotation="V_544006A1A8884EB49EAE82841652EF01">
    <pbcoreAssetType>Broadcast program</pbcoreAssetType><pbcoreAssetDate dateType="Item Date">03/18/1970</pbcoreAssetDate><pbcoreIdentifier source="Open Vault UID">V_544006A1A8884EB49EAE82841652EF01</pbcoreIdentifier><pbcoreTitle titleType="Series">Mixed Bag</pbcoreTitle><pbcoreTitle titleType="Program">Buddy Guy Blues Band and Big Mama Thornton</pbcoreTitle><pbcoreDescription descriptionType="Series Description">Musical performance in the studios of  WGBH by Livingston Taylor; Stephan Michelson aka "Delta X"; and Mike Stewart aka "Backwards Sam Frik."  Program is introduced by host J.J. Jackson of WBCN; directed by David Atwood; produced by Lee Tanner and David Atwood.  Recorded 4/7/1970, for later broadcast.  RT: 30:00

 Innovative series of programs in which electronic images are set to music.
Series release date: 4/7/1970</pbcoreDescription><pbcoreDescription descriptionType="Asset Description">Hosted by then WBCN Radio personality JJ Jackson, Big Mama Thornton performs “Ball and Chain” and “Hound Dog”.   Buddy Guy sings "I'm Ready" and other songs.</pbcoreDescription><pbcoreDescription descriptionType="Program Description">Hosted by then WBCN Radio personality J.J. Jackson, Big Mama Thornton performs “Ball and Chain” and “Hound Dog”.   Buddy Guy sings "I'm Ready" and other songs.

Series Description:  Innovative series of programs in which electronic images are set to music.</pbcoreDescription><pbcoreGenre source="Series Genre">Performance in a Studio</pbcoreGenre><pbcoreGenre source="Series Topic">Music</pbcoreGenre><pbcoreCreator>
      <creator>Atwood, David</creator><creatorRole>Series Producer</creatorRole></pbcoreCreator><pbcoreCreator>
      <creator>Tanner, Lee</creator><creatorRole>Series Producer</creatorRole></pbcoreCreator><pbcoreAnnotation annotationType="Media Type">Video</pbcoreAnnotation><pbcoreAnnotation annotationType="Duration">00:28:55:00</pbcoreAnnotation></pbcoreDescriptionDocument>