<?xml version="1.0" encoding="UTF-8"?><pbcoreDescriptionDocument xmlns="http://www.pbcore.org/PBCore/PBCoreNamespace.html" annotation="V_1008406F94B4412C9588B90448529133">
    <pbcoreAssetType>Broadcast program</pbcoreAssetType><pbcoreIdentifier source="Open Vault UID">V_1008406F94B4412C9588B90448529133</pbcoreIdentifier><pbcoreTitle titleType="Program Number">302</pbcoreTitle><pbcoreTitle titleType="Program">Debate #2 in the McGovern - Nixon 1972 Presidential Election: Should You Support McGovern’s Tax Reform Package?</pbcoreTitle><pbcoreTitle titleType="Series">Advocates</pbcoreTitle><pbcoreDescription descriptionType="Program Description">Moderator:  Michael  Dukakis
Advocate:  Alan Dershowitz
Advocate:  John Marshall
Witnesses:
Thomas Troyer - Tax Attorney
Sheldon Cohen - Former IRS Commissioner
John Nolan - Former Deputy Asst. Secretary of the Treasury 1969-71
Alan Greenspan - Economic Consultant
Produced by WGBH at Faneuil Hall, bears WGBH copyright</pbcoreDescription><pbcoreDescription descriptionType="Series Description">A SERIES OF DEBATES with a moderator facilitating the discussion of national and international issues - using advocates who would introduce witnesses to support their point of view.  Debates recorded at Boston's Faneuil Hall.  Moderators included: Michael Dukakis;  Marilyn Berger; Michael Harrington, Robert Maynard.  (Premiered October, 1969; conceived by Prof. Roger Fisher.)  Other participants included Barney Frank, Avi Nelson, Antonin Scalia, S.I. Hayakawa, Paul Simon, Albert Shankar, Richard Bolling, Pete McCloskey, Chester Crocker, John Anderson, Elmo Zumwalt, George Ball, John Kenneth Galbraith, William Colby, Eleanor Smeal, Phyllis Schlafly, Sam Ervin, Laurence Tribe, Daniel Schorr, Orrin Hatch, Morris Udall, Edward Kennedy, George McGovern, Jake Garn, Paul Tsongas, Alan Dershowitz.
Series release date: 1969</pbcoreDescription><pbcoreDescription descriptionType="Asset Description">Debate #2 in the McGovern - Nixon election 1972
Moderator:  Michael  Dukakis
Advocate:  Alan Dershowitz
Advocate:  John Marshall
Witnesses:
Thomas Troyer - Tax Attorney
Sheldon Cohen - Former IRS Commissioner
John Nolan - Former Deputy Asst. Secretary of the Treasury 1969-71
Alan Greenspan - Economic Consultant
Produced by WGBH at Faneuil Hall, bears WGBH copyright</pbcoreDescription><pbcoreGenre source="Series Genre">Debate</pbcoreGenre><pbcoreGenre source="Series Topic">Social Issues</pbcoreGenre><pbcoreGenre source="Series Topic">Public Affairs</pbcoreGenre><pbcoreAnnotation annotationType="Media Type">Video</pbcoreAnnotation></pbcoreDescriptionDocument>