<?xml version="1.0" encoding="UTF-8"?><pbcoreDescriptionDocument xmlns="http://www.pbcore.org/PBCore/PBCoreNamespace.html" annotation="V_FC89228802E24EF8864B6900574FD32C">
    <pbcoreAssetType>Broadcast program</pbcoreAssetType><pbcoreAssetDate dateType="Item Date">01/29/1969</pbcoreAssetDate><pbcoreIdentifier source="Open Vault UID">V_FC89228802E24EF8864B6900574FD32C</pbcoreIdentifier><pbcoreTitle titleType="Program">George Abdo And The Flames Of Araby</pbcoreTitle><pbcoreTitle titleType="Series">Mixed Bag</pbcoreTitle><pbcoreDescription descriptionType="Series Description">Musical performance in the studios of  WGBH by Livingston Taylor; Stephan Michelson aka "Delta X"; and Mike Stewart aka "Backwards Sam Frik."  Program is introduced by host J.J. Jackson of WBCN; directed by David Atwood; produced by Lee Tanner and David Atwood.  Recorded 4/7/1970, for later broadcast.  RT: 30:00

 Innovative series of programs in which electronic images are set to music.
Series release date: 4/7/1970</pbcoreDescription><pbcoreDescription descriptionType="Program Description">Series Description:  Innovative series of programs in which electronic images are set to music.</pbcoreDescription><pbcoreGenre source="Series Topic">Music</pbcoreGenre><pbcoreGenre source="Series Genre">Performance in a Studio</pbcoreGenre><pbcoreCreator>
      <creator>Tanner, Lee</creator><creatorRole>Series Producer</creatorRole></pbcoreCreator><pbcoreCreator>
      <creator>Atwood, David</creator><creatorRole>Series Producer</creatorRole></pbcoreCreator><pbcoreAnnotation annotationType="Media Type">Video</pbcoreAnnotation><pbcoreAnnotation annotationType="Duration">00:28:55:00</pbcoreAnnotation></pbcoreDescriptionDocument>