<?xml version="1.0" encoding="UTF-8"?><pbcoreDescriptionDocument xmlns="http://www.pbcore.org/PBCore/PBCoreNamespace.html" annotation="V_6B2F4ECEEDE94D219DC32ACE25DB015C">
    <pbcoreAssetType>Broadcast program</pbcoreAssetType><pbcoreAssetDate dateType="Item Date">03/11/1994</pbcoreAssetDate><pbcoreIdentifier source="Open Vault UID">V_6B2F4ECEEDE94D219DC32ACE25DB015C</pbcoreIdentifier><pbcoreTitle titleType="Program">Mass. Black History</pbcoreTitle><pbcoreTitle titleType="Program Number">315</pbcoreTitle><pbcoreTitle titleType="Series">Say Brother</pbcoreTitle><pbcoreSubject>Lewis Hayden House (Boston, Mass.)</pbcoreSubject><pbcoreSubject>African Americans--Massachusetts</pbcoreSubject><pbcoreSubject>Museum of Afro-American History (Boston, Mass.)</pbcoreSubject><pbcoreSubject>Rushing, Byron</pbcoreSubject><pbcoreSubject>Museums--Massachusetts--Boston</pbcoreSubject><pbcoreSubject>Cass, Melnea A. (Melnea Agnes), 1896-1978</pbcoreSubject><pbcoreSubject>African Meetinghouse (Boston, Mass.)</pbcoreSubject><pbcoreSubject>African Americans--History</pbcoreSubject><pbcoreSubject>George Middleton House (Boston, Mass.)</pbcoreSubject><pbcoreSubject>Civil rights</pbcoreSubject><pbcoreSubject>Copp's Hill Burying Ground (Boston, Mass.)</pbcoreSubject><pbcoreSubject>Royall House (Boston, Mass.)</pbcoreSubject><pbcoreSubject>Segregation</pbcoreSubject><pbcoreSubject>Smith School for Colored Children (Boston, Mass.)</pbcoreSubject><pbcoreSubject>Charles Street Church (Boston, Mass.)</pbcoreSubject><pbcoreDescription descriptionType="Series Description">Say Brother is WGBH's longest running public affairs television program by, for and about African Americans, and is now known as Basic Black. Since its inception in 1968, Say Brother has featured the voices of both locally and nationally known African American artists, athletes, performers, politicians, professionals, and writers including: Muhammad Ali, Maya Angelou, Thomas Atkins, Amiri Baraka, Doris Bunte, Julian Bond, Stokely Carmichael, Louis Farrakhan, Nikki Giovanni, Odetta Gordon, Henry Hampton, Benjamin Hooks, Jesse Jackson, Hubie Jones, Mel King, Eartha Kitt, Elma Lewis, Haki Madhubuti, Wallace D. Muhammad, Charles Ogletree, Babatunde Olatunji, Byron Rushing, Owusu Sadaukai, and Sonia Sanchez.
Series release date: 7/15/1968</pbcoreDescription><pbcoreDescription descriptionType="Program Description">Program consists of a tour of prominent landmarks related to African American history in Boston, Massachusetts.  Guest Byron Rushing, Director of the Museum of Afro-American History, Boston, takes host Topper Carew to specific historical sites to retrace the steps of African Americans in Boston during the early 1800s.  Sites include the Royall House, Copps Hill Burial Ground in the North End, the Smith School, the African Meeting House, the George Middleton House, the Charles Street Church, and St. Augustine's Episcopal Church.  Program includes an interview with Melnea Cass, one of Boston's oldest black activists, and Byron Rushing, in which the history of Roxbury is discussed.</pbcoreDescription><pbcoreGenre source="Series Topic">Race and Ethnicity</pbcoreGenre><pbcoreGenre source="Series Genre">Magazine</pbcoreGenre><pbcoreCreator>
      <creator>Topper Carew</creator><creatorRole>Producer</creatorRole></pbcoreCreator><pbcoreCreator>
      <creator>White, Conrad</creator><creatorRole>Director</creatorRole></pbcoreCreator><pbcoreCreator>
      <creator>Jones, Vickie</creator><creatorRole>Associate Producer</creatorRole></pbcoreCreator><pbcoreContributor>
      <contributor>Johnson, Henry</contributor><contributorRole>Filmmaker</contributorRole></pbcoreContributor><pbcoreContributor>
      <contributor>LeCain, Larry</contributor><contributorRole>Camera</contributorRole></pbcoreContributor><pbcoreContributor>
      <contributor>MacKnight, John</contributor><contributorRole>Lighting</contributorRole><contributorRole>Recordist</contributorRole></pbcoreContributor><pbcoreContributor>
      <contributor>Lorencic, Karl</contributor><contributorRole>Technical Director</contributorRole></pbcoreContributor><pbcoreContributor>
      <contributor>Spangler, Jennifer</contributor><contributorRole>Audio</contributorRole></pbcoreContributor><pbcoreContributor>
      <contributor>Carew, Topper</contributor><contributorRole>Host</contributorRole></pbcoreContributor><pbcoreContributor>
      <contributor>Davis, Tony</contributor><contributorRole>Assistant To The Producer</contributorRole></pbcoreContributor><pbcoreAnnotation annotationType="Special Collection Tag">sb_record</pbcoreAnnotation><pbcoreAnnotation annotationType="Media Type">Video</pbcoreAnnotation><pbcoreAnnotation annotationType="Special Collection">say_brother</pbcoreAnnotation></pbcoreDescriptionDocument>