<?xml version="1.0" encoding="UTF-8"?><pbcoreDescriptionDocument xmlns="http://www.pbcore.org/PBCore/PBCoreNamespace.html" annotation="V_3DE10AD8FC4F45D3B9B9E259D184F561">
    <pbcoreAssetType>Broadcast program</pbcoreAssetType><pbcoreIdentifier source="Open Vault UID">V_3DE10AD8FC4F45D3B9B9E259D184F561</pbcoreIdentifier><pbcoreTitle titleType="Series">NOVA</pbcoreTitle><pbcoreTitle titleType="Program Number">317</pbcoreTitle><pbcoreTitle titleType="Program">Death of a Disease</pbcoreTitle><pbcoreDescription descriptionType="Series Description">Premiered March 1974
NOVA is a general-interest documentary series that addresses a single science issue each week.  Billed as "science adventures for curious grown-ups" when it first aired  in March, 1974, NOVA continues to offer an informative and entertaining approach to a challenging subject.  1996 marked NOVA's 23rd season, which makes it the longest-running science program on national television.  It is also one of television's most acclaimed series, having won every major television award, most of them many times over.
Series release date: 3/3/1974</pbcoreDescription><pbcoreDescription descriptionType="Program Description">As late as 1967, smallpox struck as many as 15 million people in 43 countries and killed an estimated two or three million.  Experts now believe that the disease is on the verge of extinction. NOVA looks at the recent success of the World Health Organization's program to eradicate this disease, considered a triumph of western-styled medicine.</pbcoreDescription><pbcoreGenre source="Series Topic">Science</pbcoreGenre><pbcoreGenre source="Series Genre">Documentary</pbcoreGenre><pbcoreAnnotation annotationType="Media Type">Video</pbcoreAnnotation><pbcoreAnnotation annotationType="Duration">00:60:00:00</pbcoreAnnotation></pbcoreDescriptionDocument>