<?xml version="1.0" encoding="UTF-8"?><pbcoreDescriptionDocument xmlns="http://www.pbcore.org/PBCore/PBCoreNamespace.html" annotation="V_DF71D28A46534A249C984EF1C95FC155">
    <pbcoreAssetType>Broadcast program</pbcoreAssetType><pbcoreAssetDate dateType="Item Date">04/05/1984</pbcoreAssetDate><pbcoreIdentifier source="Open Vault UID">V_DF71D28A46534A249C984EF1C95FC155</pbcoreIdentifier><pbcoreTitle titleType="Program">Missa Solemnis</pbcoreTitle><pbcoreTitle titleType="Program Number">111</pbcoreTitle><pbcoreTitle titleType="Series">Bernstein and Beethoven</pbcoreTitle><pbcoreDescription descriptionType="Asset Description">Dub from PBS 2" tape.  Original date 4/5/84</pbcoreDescription><pbcoreDescription descriptionType="Series Description">Series release date: 1981</pbcoreDescription><pbcoreAnnotation annotationType="Media Type">Video</pbcoreAnnotation><pbcoreAnnotation annotationType="Duration">01:28:53:00</pbcoreAnnotation></pbcoreDescriptionDocument>