<?xml version="1.0" encoding="UTF-8"?><pbcoreDescriptionDocument xmlns="http://www.pbcore.org/PBCore/PBCoreNamespace.html" annotation="V_66A2B98206404F33AE0F9B0E4E621FF6">
    <pbcoreAssetType>Broadcast program</pbcoreAssetType><pbcoreIdentifier source="Open Vault UID">V_66A2B98206404F33AE0F9B0E4E621FF6</pbcoreIdentifier><pbcoreTitle titleType="Program">Five Days</pbcoreTitle><pbcoreTitle titleType="Series">Laboratory</pbcoreTitle><pbcoreDescription descriptionType="Program Description">Live staging of the Henry Zieger play “Five Days.”  This Bertol Brecht-like drama, introduced by Elliot Norton, was recorded live in the WGBH studios and featured a cast of local amateurs.  Produced and directed by Fred Barzyk, 1961.</pbcoreDescription><pbcoreDescription descriptionType="Series Description">Laboratory: An Experiment in Creative Group Thinking.
Series release date: 1957</pbcoreDescription><pbcoreAnnotation annotationType="Duration">00:60:00:00</pbcoreAnnotation><pbcoreAnnotation annotationType="Media Type">Video</pbcoreAnnotation></pbcoreDescriptionDocument>