<?xml version="1.0" encoding="UTF-8"?><pbcoreDescriptionDocument xmlns="http://www.pbcore.org/PBCore/PBCoreNamespace.html" annotation="V_DB2A0CDC691341679EE58F0866AE2457">
    <pbcoreAssetType>Broadcast program</pbcoreAssetType><pbcoreAssetDate dateType="Item Date">10/09/1970</pbcoreAssetDate><pbcoreIdentifier source="Open Vault UID">V_DB2A0CDC691341679EE58F0866AE2457</pbcoreIdentifier><pbcoreTitle titleType="Series">WGBH Archives Historical Collection</pbcoreTitle><pbcoreTitle titleType="Program">Christmas Reel 1966: Julia Child Segments</pbcoreTitle><pbcoreDescription descriptionType="Asset Description">Dubbed from A2-03408.  Original date  10/9/70
WGBH Archives Historical Collection</pbcoreDescription><pbcoreDescription descriptionType="Series Description">Radio series.</pbcoreDescription><pbcoreGenre source="Series Topic">Film and Television</pbcoreGenre><pbcoreGenre source="Series Topic">History</pbcoreGenre><pbcoreAnnotation annotationType="Media Type">Video</pbcoreAnnotation><pbcoreAnnotation annotationType="Duration">00:06:04:00</pbcoreAnnotation></pbcoreDescriptionDocument>