<?xml version="1.0" encoding="UTF-8"?><pbcoreDescriptionDocument xmlns="http://www.pbcore.org/PBCore/PBCoreNamespace.html" annotation="V_4A3768410F5249368139752F1F9E80C2">
    <pbcoreAssetType>Broadcast program</pbcoreAssetType><pbcoreIdentifier source="Open Vault UID">V_4A3768410F5249368139752F1F9E80C2</pbcoreIdentifier><pbcoreTitle titleType="Series">Flick Out</pbcoreTitle><pbcoreTitle titleType="Program Number">105</pbcoreTitle><pbcoreTitle titleType="Program">May Day</pbcoreTitle><pbcoreDescription descriptionType="Series Description">Originally aired on May 22, 1968 as a four and a half hour marathon showcasing young filmmakers.  Hosted by Standish Lawder, Yale University film professor, “Flick Out” gave viewers the chance to watch some of the most creative films being produced at that time.  It included short documentaries, film essays, animated cartoons and full-length features that illuminated the art of film.

Beginning in July 1968, “Flickout” became a weekly half-hour series, produced by Henry Morgenthau, showing experimental films from both new, young filmmakers, and established craftsmen.  Whenever possible Morgenthau interviews the filmmaker whose work is being shown.
Series release date: 5/22/1968</pbcoreDescription><pbcoreDescription descriptionType="Program Description">On May 1, 1970, thousands of Yale students and young people from all over the East gathered on the New Haven Green to protest the  imprisonment of Bobby Seale and other Black Panther Leaders.  May Day, made by students at Yale University, is about that demonstration.</pbcoreDescription><pbcoreGenre source="Series Topic">Film and Television</pbcoreGenre><pbcoreCreator>
      <creator>Morgenthau III, Henry</creator><creatorRole>Series Producer</creatorRole></pbcoreCreator><pbcoreAnnotation annotationType="Duration">00:29:00:00</pbcoreAnnotation><pbcoreAnnotation annotationType="Media Type">Video</pbcoreAnnotation></pbcoreDescriptionDocument>