<?xml version="1.0" encoding="UTF-8"?><pbcoreDescriptionDocument xmlns="http://www.pbcore.org/PBCore/PBCoreNamespace.html" annotation="V_CE02040310D844F7AF79299C92BDFEAF">
    <pbcoreAssetType>Broadcast program</pbcoreAssetType><pbcoreAssetDate dateType="Item Date">12/03/1976</pbcoreAssetDate><pbcoreIdentifier source="Open Vault UID">V_CE02040310D844F7AF79299C92BDFEAF</pbcoreIdentifier><pbcoreTitle titleType="Program Number">25</pbcoreTitle><pbcoreTitle titleType="Series">Course of Our Times, The</pbcoreTitle><pbcoreTitle titleType="Program">Tito And The Balkan Tinderbox</pbcoreTitle><pbcoreDescription descriptionType="Asset Description">Dubbed from A2-02436.  Original date 12/3/76</pbcoreDescription><pbcoreDescription descriptionType="Program Description">“The Balkans have been variously termed the International Cockpit, the Cauldron of Diplomacy, the Tinderbox of Europe - the names suiting the dramatic style of the writer, but all pointing up the tempestuous character of life and destiny in this hopelessly fragmented area.  This chapter details the tragic role of the Balkans preceding and during World War II, with special emphasis on the rise of Tito and the Partisans, and that bastion that they created in Yugoslavia.”</pbcoreDescription><pbcoreDescription descriptionType="Series Description">Historical survey hosted by Abram Sachar, Brandeis University.
Series release date: 1973</pbcoreDescription><pbcoreGenre source="Series Genre">Educational</pbcoreGenre><pbcoreGenre source="Series Topic">History</pbcoreGenre><pbcoreAnnotation annotationType="Duration">00:28:57:00</pbcoreAnnotation><pbcoreAnnotation annotationType="Media Type">Video</pbcoreAnnotation></pbcoreDescriptionDocument>