<?xml version="1.0" encoding="UTF-8"?><pbcoreDescriptionDocument xmlns="http://www.pbcore.org/PBCore/PBCoreNamespace.html" annotation="V_6C053EFE3B2E476C91CC6179156AF55C">
    <pbcoreAssetType>Broadcast program</pbcoreAssetType><pbcoreAssetDate dateType="Item Date">08/03/1968</pbcoreAssetDate><pbcoreIdentifier source="Open Vault UID">V_6C053EFE3B2E476C91CC6179156AF55C</pbcoreIdentifier><pbcoreTitle titleType="Program Number">122</pbcoreTitle><pbcoreTitle titleType="Series">Read Your Way Up: TV Read In</pbcoreTitle><pbcoreDescription descriptionType="Series Description">Educational series, hosted by Dr. Melvin Howards of Northeastern University, that focuses on improving communicational skills, notably reading.  Program one ends by noting that series will address four major areas:  word skills; word derivations and meanings; study skills; and improved reading speed and comprehension.  Copyright Manpower Education Institute, 1968. 
Series release date: 1968</pbcoreDescription><pbcoreGenre source="Series Genre">Educational</pbcoreGenre><pbcoreAnnotation annotationType="Duration">00:28:15:00</pbcoreAnnotation><pbcoreAnnotation annotationType="Media Type">Video</pbcoreAnnotation></pbcoreDescriptionDocument>