<?xml version="1.0" encoding="UTF-8"?><pbcoreDescriptionDocument xmlns="http://www.pbcore.org/PBCore/PBCoreNamespace.html" annotation="V_BDCDDE61C7424E949EDC3E3D070DD03F">
    <pbcoreAssetType>Broadcast program</pbcoreAssetType><pbcoreIdentifier source="Open Vault UID">V_BDCDDE61C7424E949EDC3E3D070DD03F</pbcoreIdentifier><pbcoreTitle titleType="Series">Jazz</pbcoreTitle><pbcoreTitle titleType="Program">JEREMY AND THE SATYRS</pbcoreTitle><pbcoreDescription descriptionType="Asset Description">Light Show #1
Original date: 12/2/1966
Approximate date: 1966</pbcoreDescription><pbcoreDescription descriptionType="Program Description">In studio performance by jazz-rock band Jeremy (Steig) And The Satyrs.   

Series description from press release of the time: 
"Jazz is a live half-hour weekly program featuring musical jazz stars of local, national and international fame.  Host for the series is Herb Pomeroy, a Boston resident, who is an outstanding jazz musician, composer, and teacher.  Jazz is a performance show with little talk and an emphasis on good jazz for your musical enjoyment."  First program in the series aired on Friday, January 8, 1965.</pbcoreDescription><pbcoreDescription descriptionType="Series Description">Series description from press release of the time: 
"Jazz is a live half-hour weekly program featuring musical jazz stars of local, national and international fame.  Host for the series is Herb Pomeroy, a Boston resident, who is an outstanding jazz musician, composer, and teacher.  Jazz is a performance show with little talk and an emphasis on good jazz for your musical enjoyment."  First program in the series aired on Friday, January 8, 1965.
Series release date: 1/8/1965</pbcoreDescription><pbcoreGenre source="Series Topic">Music</pbcoreGenre><pbcoreGenre source="Series Genre">Performance in a Studio</pbcoreGenre><pbcoreAnnotation annotationType="Media Type">Video</pbcoreAnnotation><pbcoreAnnotation annotationType="Duration">00:28:57:00</pbcoreAnnotation></pbcoreDescriptionDocument>