<?xml version="1.0" encoding="UTF-8"?><pbcoreDescriptionDocument xmlns="http://www.pbcore.org/PBCore/PBCoreNamespace.html" annotation="V_778F9EC2620C4458958C8A9D901EBB10">
    <pbcoreAssetType>Broadcast program</pbcoreAssetType><pbcoreAssetDate dateType="Item Date">01/01/1965</pbcoreAssetDate><pbcoreIdentifier source="Open Vault UID">V_778F9EC2620C4458958C8A9D901EBB10</pbcoreIdentifier><pbcoreTitle titleType="Program">Rembrandt and Hals</pbcoreTitle><pbcoreTitle titleType="Program Number">33</pbcoreTitle><pbcoreTitle titleType="Series">Museum Open House</pbcoreTitle><pbcoreDescription descriptionType="Program Description">Russell Connor discusses the approach to art and life of these two giants of 17th century Holland.</pbcoreDescription><pbcoreDescription descriptionType="Series Description">Program hosted by Russell Connor of Boston's Museum of Fine Arts.  Each half hour program was devoted to a period of artists and showed works of art with Connor giving the background on the works. Early and Mid 1960’s.
Series release date: 1963</pbcoreDescription><pbcoreDescription descriptionType="Asset Description">originally recorded 1-1-65</pbcoreDescription><pbcoreGenre source="Series Topic">Fine Arts</pbcoreGenre><pbcoreGenre source="Series Genre">Educational</pbcoreGenre><pbcoreAnnotation annotationType="Duration">00:28:56:00</pbcoreAnnotation><pbcoreAnnotation annotationType="Media Type">Video</pbcoreAnnotation></pbcoreDescriptionDocument>