<?xml version="1.0" encoding="UTF-8"?><pbcoreDescriptionDocument xmlns="http://www.pbcore.org/PBCore/PBCoreNamespace.html" annotation="V_7628FC9FC02643D3AEF35FB514CB887F">
    <pbcoreAssetType>Broadcast program</pbcoreAssetType><pbcoreAssetDate dateType="Item Date">08/09/1994</pbcoreAssetDate><pbcoreIdentifier source="Open Vault UID">V_7628FC9FC02643D3AEF35FB514CB887F</pbcoreIdentifier><pbcoreTitle titleType="Program Number">107</pbcoreTitle><pbcoreTitle titleType="Series">Spanish Video Modules</pbcoreTitle><pbcoreDescription descriptionType="Series Description">Educational Programming
Series release date: 1992</pbcoreDescription><pbcoreDescription descriptionType="Asset Description">labeled "backup submaster"</pbcoreDescription><pbcoreGenre source="Series Genre">Educational</pbcoreGenre><pbcoreAnnotation annotationType="Media Type">Video</pbcoreAnnotation><pbcoreAnnotation annotationType="Duration">00:60:00:00</pbcoreAnnotation></pbcoreDescriptionDocument>