<?xml version="1.0" encoding="UTF-8"?><pbcoreDescriptionDocument xmlns="http://www.pbcore.org/PBCore/PBCoreNamespace.html" annotation="V_FF5FE2D1B75F49AC9BA0228260E30F8D">
    <pbcoreAssetType>Broadcast program</pbcoreAssetType><pbcoreIdentifier source="Open Vault UID">V_FF5FE2D1B75F49AC9BA0228260E30F8D</pbcoreIdentifier><pbcoreTitle titleType="Series">Harvard Computer Center</pbcoreTitle><pbcoreDescription descriptionType="Asset Description">Edited Master</pbcoreDescription><pbcoreDescription descriptionType="Series Description">Series release date: 1968</pbcoreDescription><pbcoreAnnotation annotationType="Media Type">Video</pbcoreAnnotation><pbcoreAnnotation annotationType="Duration">00:60:00:00</pbcoreAnnotation></pbcoreDescriptionDocument>