<?xml version="1.0" encoding="UTF-8"?><pbcoreDescriptionDocument xmlns="http://www.pbcore.org/PBCore/PBCoreNamespace.html" annotation="V_08A29D3E6D164630B0DFFB6E66358BA0">
    <pbcoreAssetType>Broadcast program</pbcoreAssetType><pbcoreIdentifier source="Open Vault UID">V_08A29D3E6D164630B0DFFB6E66358BA0</pbcoreIdentifier><pbcoreTitle titleType="Series">Ice Chips 1967</pbcoreTitle><pbcoreTitle titleType="Program">Peggy Fleming Skating To West Side Story Medley</pbcoreTitle><pbcoreDescription descriptionType="Asset Description">Approximate date: 1967</pbcoreDescription><pbcoreDescription descriptionType="Program Description">Ladies World Figure Skating Champion skates two separate routines to music from West Side Story.  Portion of program recorded during a live performance at the Boston ice arena.  Produced by the Boston Skating Club, the program featured national and international amateur skating stars.</pbcoreDescription><pbcoreDescription descriptionType="Series Description">Women's figure skating.
Series release date: 1967</pbcoreDescription><pbcoreGenre source="Series Genre">Event Coverage</pbcoreGenre><pbcoreGenre source="Series Topic">Sports</pbcoreGenre><pbcoreAnnotation annotationType="Media Type">Video</pbcoreAnnotation><pbcoreAnnotation annotationType="Duration">00:13:20:00</pbcoreAnnotation></pbcoreDescriptionDocument>