<?xml version="1.0" encoding="UTF-8"?><pbcoreDescriptionDocument xmlns="http://www.pbcore.org/PBCore/PBCoreNamespace.html" annotation="V_525D1E267485494A82A32A6ED707C296">
    <pbcoreAssetType>Broadcast program</pbcoreAssetType><pbcoreAssetDate dateType="Item Date">03/04/1970</pbcoreAssetDate><pbcoreIdentifier source="Open Vault UID">V_525D1E267485494A82A32A6ED707C296</pbcoreIdentifier><pbcoreTitle titleType="Program">Luny Toons II</pbcoreTitle><pbcoreTitle titleType="Series">Mixed Bag</pbcoreTitle><pbcoreDescription descriptionType="Program Description">Musical performance of "King Kong Revisited"  in the studios of  WGBH by the band Luny Toons, the "II" referring to their second appearance on the series.   Program is introduced by host Paul Neves; Visual effects by "C2"; directed by David Atwood; produced by Lee Tanner.  Recorded 3/4/1970, for broadcast on 3/26/1970.  RT: 30:00

Series Description:  Innovative series of programs in which electronic images are set to music.</pbcoreDescription><pbcoreDescription descriptionType="Series Description">Musical performance in the studios of  WGBH by Livingston Taylor; Stephan Michelson aka "Delta X"; and Mike Stewart aka "Backwards Sam Frik."  Program is introduced by host J.J. Jackson of WBCN; directed by David Atwood; produced by Lee Tanner and David Atwood.  Recorded 4/7/1970, for later broadcast.  RT: 30:00

 Innovative series of programs in which electronic images are set to music.
Series release date: 4/7/1970</pbcoreDescription><pbcoreGenre source="Series Genre">Performance in a Studio</pbcoreGenre><pbcoreGenre source="Series Topic">Music</pbcoreGenre><pbcoreCreator>
      <creator>Tanner, Lee</creator><creatorRole>Series Producer</creatorRole></pbcoreCreator><pbcoreCreator>
      <creator>Atwood, David</creator><creatorRole>Series Producer</creatorRole></pbcoreCreator><pbcoreAnnotation annotationType="Duration">00:28:57:00</pbcoreAnnotation><pbcoreAnnotation annotationType="Media Type">Video</pbcoreAnnotation></pbcoreDescriptionDocument>