<?xml version="1.0" encoding="UTF-8"?><pbcoreDescriptionDocument xmlns="http://www.pbcore.org/PBCore/PBCoreNamespace.html" annotation="V_A482ECBDC4D34372B40CF9E8E51D384F">
    <pbcoreAssetType>Broadcast program</pbcoreAssetType><pbcoreIdentifier source="Open Vault UID">V_A482ECBDC4D34372B40CF9E8E51D384F</pbcoreIdentifier><pbcoreTitle titleType="Series">French Chef</pbcoreTitle><pbcoreTitle titleType="Program">Napoleons</pbcoreTitle><pbcoreTitle titleType="Program Number">111</pbcoreTitle><pbcoreDescription descriptionType="Program Description">Everyone knows these crisp little cakes filled with pastry cream and topped with white frosting and chocolate decorations.  Now everyone can see how easy they are to make.  Just practice with puff pastry, a little assembly know-how and you can be your own Patissier.</pbcoreDescription><pbcoreDescription descriptionType="Series Description">Premiered locally February 1962 and July- August 1962, nationally in Feb. 1963 - approx. 300 shows produced.  1963-1973.

Original series ran 1963 to July 1966, then went into reruns through September 1970.

In October 1970 the new French Chef 200 series was shot in color and taped on the set at WGBH.  Included in the programs were footage of Julia’s summer trip to France.

The 1971-1972 season was a tour of the French Classics: 26 half hour programs designed as a refresher course for experienced cooks and as a jet-assist takeoff for beginners.

After a funding scare, Polaroid funded a full 1972-1973 season.  The theme was: The French Chef Faces Life.  Julia shows viewers how to cope with situations that reflect the demands of society, family and lifestyle such as Sudden Company or a three course sit down dinner and getting kids involved in cooking.

NOTE: Beginning August 6, 1972,  The French Chef repeated popular shows as a captioned edition.
Series release date: 2/1962</pbcoreDescription><pbcoreGenre source="Series Genre">Instructional</pbcoreGenre><pbcoreGenre source="Series Topic">Cooking</pbcoreGenre><pbcoreCreator>
      <creator>Lockwood, Ruth</creator><creatorRole>Series Producer</creatorRole></pbcoreCreator><pbcoreAnnotation annotationType="Duration">00:29:14:00</pbcoreAnnotation><pbcoreAnnotation annotationType="Media Type">Video</pbcoreAnnotation></pbcoreDescriptionDocument>