<?xml version="1.0" encoding="UTF-8"?><pbcoreDescriptionDocument xmlns="http://www.pbcore.org/PBCore/PBCoreNamespace.html" annotation="V_C3C09F470FF948A6A4AB6D2FAC1B1A2A">
    <pbcoreAssetType>Broadcast program</pbcoreAssetType><pbcoreAssetDate dateType="Item Date">01/08/1997</pbcoreAssetDate><pbcoreIdentifier source="Open Vault UID">V_C3C09F470FF948A6A4AB6D2FAC1B1A2A</pbcoreIdentifier><pbcoreTitle titleType="Series">NOVA</pbcoreTitle><pbcoreTitle titleType="Program">Hunt for Alien Worlds</pbcoreTitle><pbcoreTitle titleType="Program Number">2407</pbcoreTitle><pbcoreDescription descriptionType="Asset Description">Has lower thirds and other packaging.</pbcoreDescription><pbcoreDescription descriptionType="Program Description">Until very recently, Earth was the only known planet in the universe that could support life.  Now, new planets have been found orbiting other suns and the way the universe is viewed has gone through tumultuous change.  NOVA follows the story of a select group of astronomers who spend their nights staring into the darkest reaches of space looking for new worlds that alien life could call home.</pbcoreDescription><pbcoreDescription descriptionType="Series Description">Premiered March 1974
NOVA is a general-interest documentary series that addresses a single science issue each week.  Billed as "science adventures for curious grown-ups" when it first aired  in March, 1974, NOVA continues to offer an informative and entertaining approach to a challenging subject.  1996 marked NOVA's 23rd season, which makes it the longest-running science program on national television.  It is also one of television's most acclaimed series, having won every major television award, most of them many times over.
Series release date: 3/3/1974</pbcoreDescription><pbcoreGenre source="Series Genre">Documentary</pbcoreGenre><pbcoreGenre source="Series Topic">Science</pbcoreGenre><pbcoreAnnotation annotationType="Media Type">Video</pbcoreAnnotation><pbcoreAnnotation annotationType="Duration">00:56:46:00</pbcoreAnnotation></pbcoreDescriptionDocument>