<?xml version="1.0" encoding="UTF-8"?><pbcoreDescriptionDocument xmlns="http://www.pbcore.org/PBCore/PBCoreNamespace.html" annotation="V_BF6DB2C3EB1A4815B4AB9C264953F971">
    <pbcoreAssetType>Broadcast program</pbcoreAssetType><pbcoreAssetDate dateType="Item Date">10/24/1995</pbcoreAssetDate><pbcoreIdentifier source="Open Vault UID">V_BF6DB2C3EB1A4815B4AB9C264953F971</pbcoreIdentifier><pbcoreTitle titleType="Program">Search for Satan, The</pbcoreTitle><pbcoreTitle titleType="Program Number">1402</pbcoreTitle><pbcoreTitle titleType="Series">FRONTLINE</pbcoreTitle><pbcoreDescription descriptionType="Program Description">This documentary untangles the mysterious web of satanic rituals abuse, psychiatric treatment and insurance claims that escalated into millions of dollars.  Were these professed victims of secret satanic cults really helped by the psychiatric care they received.</pbcoreDescription><pbcoreDescription descriptionType="Asset Description">Stereo
New for Season 14</pbcoreDescription><pbcoreDescription descriptionType="Series Description">Premiered January 1983
Since January 1983, FRONTLINE has served as American public television's - PBS - flagship public affairs series. Hailed upon its television broadcast debut as "the last best hope for broadcast documentaries," FRONTLINE's stature over 23 years is reaffirmed each week through incisive documentaries covering the scope and complexity of the human experience.
Series release date: 1/1983</pbcoreDescription><pbcoreGenre source="Series Topic">News</pbcoreGenre><pbcoreGenre source="Series Topic">Public Affairs</pbcoreGenre><pbcoreGenre source="Series Genre">Documentary</pbcoreGenre><pbcoreAnnotation annotationType="Media Type">Video</pbcoreAnnotation><pbcoreAnnotation annotationType="Duration">00:64:00:00</pbcoreAnnotation></pbcoreDescriptionDocument>