<?xml version="1.0" encoding="UTF-8"?><pbcoreDescriptionDocument xmlns="http://www.pbcore.org/PBCore/PBCoreNamespace.html" annotation="V_088D2AE73D0A49D88050F125532A74BC">
    <pbcoreAssetType>Broadcast program</pbcoreAssetType><pbcoreIdentifier source="Open Vault UID">V_088D2AE73D0A49D88050F125532A74BC</pbcoreIdentifier><pbcoreTitle titleType="Series">Advocates</pbcoreTitle><pbcoreTitle titleType="Program Number">80</pbcoreTitle><pbcoreTitle titleType="Program">Should Congress Ban Private Ownership of Handguns?</pbcoreTitle><pbcoreDescription descriptionType="Asset Description">Should Congress ban private ownership of handguns?
Moderator:  Victor Palmieri
Advocate:  Joseph Tydings (former US Senator)
Advocate:  Ted Stevens (former US Senator)
Witnesses:
Rep. Abner Mikva – (D) Illinois
Charles Gain – Chief of Police, Oakland Calif.
Joseph McNamara – Lieut. NYPD, Harvard University
Harlon Carter – Executive Council, National Rifle Association
Colin Greenwood – Chief Inspector, W. Yorkshire England
Ernest Van Den Haag, Ph.D. – Sociologist, NYU
Produced by KCET, bears KCET copyright</pbcoreDescription><pbcoreDescription descriptionType="Series Description">A SERIES OF DEBATES with a moderator facilitating the discussion of national and international issues - using advocates who would introduce witnesses to support their point of view.  Debates recorded at Boston's Faneuil Hall.  Moderators included: Michael Dukakis;  Marilyn Berger; Michael Harrington, Robert Maynard.  (Premiered October, 1969; conceived by Prof. Roger Fisher.)  Other participants included Barney Frank, Avi Nelson, Antonin Scalia, S.I. Hayakawa, Paul Simon, Albert Shankar, Richard Bolling, Pete McCloskey, Chester Crocker, John Anderson, Elmo Zumwalt, George Ball, John Kenneth Galbraith, William Colby, Eleanor Smeal, Phyllis Schlafly, Sam Ervin, Laurence Tribe, Daniel Schorr, Orrin Hatch, Morris Udall, Edward Kennedy, George McGovern, Jake Garn, Paul Tsongas, Alan Dershowitz.
Series release date: 1969</pbcoreDescription><pbcoreDescription descriptionType="Program Description">Moderator:  Victor Palmieri
Advocate:  Joseph Tydings (former US Senator)
Advocate:  Ted Stevens (former US Senator)
Witnesses:
Rep. Abner Mikva – (D) Illinois
Charles Gain – Chief of Police, Oakland Calif.
Joseph McNamara – Lieut. NYPD, Harvard University
Harlon Carter – Executive Council, National Rifle Association
Colin Greenwood – Chief Inspector, W. Yorkshire England
Ernest Van Den Haag, Ph.D. – Sociologist, NYU
Produced by KCET, bears KCET copyright</pbcoreDescription><pbcoreGenre source="Series Genre">Debate</pbcoreGenre><pbcoreGenre source="Series Topic">Public Affairs</pbcoreGenre><pbcoreGenre source="Series Topic">Social Issues</pbcoreGenre><pbcoreAnnotation annotationType="Media Type">Video</pbcoreAnnotation></pbcoreDescriptionDocument>