<?xml version="1.0" encoding="UTF-8"?><pbcoreDescriptionDocument xmlns="http://www.pbcore.org/PBCore/PBCoreNamespace.html" annotation="V_90DA11247EDA4143BE89C00CB62DE0C7">
    <pbcoreAssetType>Broadcast program</pbcoreAssetType><pbcoreAssetDate dateType="Item Date">12/08/1972</pbcoreAssetDate><pbcoreIdentifier source="Open Vault UID">V_90DA11247EDA4143BE89C00CB62DE0C7</pbcoreIdentifier><pbcoreTitle titleType="Series">Theonie On Greek Island Cooking</pbcoreTitle><pbcoreTitle titleType="Program">Psaria Nissiotika</pbcoreTitle><pbcoreTitle titleType="Program Number">123</pbcoreTitle><pbcoreDescription descriptionType="Series Description">How-to program on Greek cooking  hosted by Theonie Mark.  Produced by Margaret MacLeod, Directed by Russ Fortier.   
Series release date: 1972</pbcoreDescription><pbcoreDescription descriptionType="Program Description">Fish Soup and Fried Fish.

Series Description: How-to program on Greek cooking  hosted by Theonie Mark.  Produced by Margaret MacLeod, Directed by Russ Fortier, 1972.</pbcoreDescription><pbcoreGenre source="Series Genre">Instructional</pbcoreGenre><pbcoreGenre source="Series Topic">Cooking</pbcoreGenre><pbcoreCreator>
      <creator>MacLeod, Margaret I.</creator><creatorRole>Producer</creatorRole></pbcoreCreator><pbcoreAnnotation annotationType="Media Type">Video</pbcoreAnnotation><pbcoreAnnotation annotationType="Duration">00:20:00:00</pbcoreAnnotation></pbcoreDescriptionDocument>