<?xml version="1.0" encoding="UTF-8"?><pbcoreDescriptionDocument xmlns="http://www.pbcore.org/PBCore/PBCoreNamespace.html" annotation="V_F6F3B955E39C4A97BC3B697C99BBF8D3">
    <pbcoreAssetType>Broadcast program</pbcoreAssetType><pbcoreAssetDate dateType="Item Date">12/18/1968</pbcoreAssetDate><pbcoreIdentifier source="Open Vault UID">V_F6F3B955E39C4A97BC3B697C99BBF8D3</pbcoreIdentifier><pbcoreTitle titleType="Program">Light Show 5: Jeremy Steig</pbcoreTitle><pbcoreTitle titleType="Program Number">105</pbcoreTitle><pbcoreTitle titleType="Series">Mixed Bag</pbcoreTitle><pbcoreDescription descriptionType="Series Description">Musical performance in the studios of  WGBH by Livingston Taylor; Stephan Michelson aka "Delta X"; and Mike Stewart aka "Backwards Sam Frik."  Program is introduced by host J.J. Jackson of WBCN; directed by David Atwood; produced by Lee Tanner and David Atwood.  Recorded 4/7/1970, for later broadcast.  RT: 30:00

 Innovative series of programs in which electronic images are set to music.
Series release date: 4/7/1970</pbcoreDescription><pbcoreDescription descriptionType="Program Description">Series Description:  Innovative series of programs in which electronic images are set to music.</pbcoreDescription><pbcoreGenre source="Series Genre">Performance in a Studio</pbcoreGenre><pbcoreGenre source="Series Topic">Music</pbcoreGenre><pbcoreCreator>
      <creator>Tanner, Lee</creator><creatorRole>Series Producer</creatorRole></pbcoreCreator><pbcoreCreator>
      <creator>Atwood, David</creator><creatorRole>Series Producer</creatorRole></pbcoreCreator><pbcoreAnnotation annotationType="Duration">00:28:55:00</pbcoreAnnotation><pbcoreAnnotation annotationType="Media Type">Video</pbcoreAnnotation></pbcoreDescriptionDocument>