<?xml version="1.0" encoding="UTF-8"?><pbcoreDescriptionDocument xmlns="http://www.pbcore.org/PBCore/PBCoreNamespace.html" annotation="V_51C76D1D19EC43D3854A98A182621BBE">
    <pbcoreAssetType>Broadcast program</pbcoreAssetType><pbcoreIdentifier source="Open Vault UID">V_51C76D1D19EC43D3854A98A182621BBE</pbcoreIdentifier><pbcoreTitle titleType="Program">Ron Finley</pbcoreTitle><pbcoreTitle titleType="Series">Flick Out</pbcoreTitle><pbcoreDescription descriptionType="Program Description">An examination of the art of WGBH’s prize winning animator Ron Finley.  In addition to a brief collection of animations which demonstrate the variety of his invention in opening sequences, promos, etc., Finley also shows several self-contained sequences.  Using the music of Bob Dylan, he manipulates stock newsreel footage in a film essay which expresses the sense of rebellion of the 60’s.  He teams the music of the Beatles with animation to suggest the pop culture of the decade, and in a  cartoon and videotape sequence, he gives us a light and bright capsule history of the Modern Jazz Quartet.</pbcoreDescription><pbcoreDescription descriptionType="Series Description">Originally aired on May 22, 1968 as a four and a half hour marathon showcasing young filmmakers.  Hosted by Standish Lawder, Yale University film professor, “Flick Out” gave viewers the chance to watch some of the most creative films being produced at that time.  It included short documentaries, film essays, animated cartoons and full-length features that illuminated the art of film.

Beginning in July 1968, “Flickout” became a weekly half-hour series, produced by Henry Morgenthau, showing experimental films from both new, young filmmakers, and established craftsmen.  Whenever possible Morgenthau interviews the filmmaker whose work is being shown.
Series release date: 5/22/1968</pbcoreDescription><pbcoreGenre source="Series Topic">Film and Television</pbcoreGenre><pbcoreCreator>
      <creator>Morgenthau III, Henry</creator><creatorRole>Series Producer</creatorRole></pbcoreCreator><pbcoreAnnotation annotationType="Media Type">Video</pbcoreAnnotation><pbcoreAnnotation annotationType="Duration">00:31:04:00</pbcoreAnnotation></pbcoreDescriptionDocument>