<?xml version="1.0" encoding="UTF-8"?><pbcoreDescriptionDocument xmlns="http://www.pbcore.org/PBCore/PBCoreNamespace.html" annotation="V_DB579481D3A949289EC41708F62E4EC3">
    <pbcoreAssetType>Broadcast program</pbcoreAssetType><pbcoreIdentifier source="Open Vault UID">V_DB579481D3A949289EC41708F62E4EC3</pbcoreIdentifier><pbcoreTitle titleType="Program">Baroque</pbcoreTitle><pbcoreTitle titleType="Series">Museum Open House</pbcoreTitle><pbcoreDescription descriptionType="Series Description">Program hosted by Russell Connor of Boston's Museum of Fine Arts.  Each half hour program was devoted to a period of artists and showed works of art with Connor giving the background on the works. Early and Mid 1960’s.
Series release date: 1963</pbcoreDescription><pbcoreDescription descriptionType="Program Description">Series Description:  Program hosted by Russell Connor of Boston's Museum of Fine Arts.  Each half hour program was devoted to a period of artists and showed works of art with Connor giving the background on the works.</pbcoreDescription><pbcoreDescription descriptionType="Asset Description">TRANSFER FROM ORIGINAL KINESCOPE / CH 3: MAG FROM B &amp; W TRACK PRINT, CH 4: - MAG FROM OCLOR TRACK PRINT.  CH1: MAG FROM OPTICAL TRACK NEGATIVE; CH2: B&amp;W OPTICAL TRACK PRINT</pbcoreDescription><pbcoreGenre source="Series Topic">Fine Arts</pbcoreGenre><pbcoreGenre source="Series Genre">Educational</pbcoreGenre><pbcoreAnnotation annotationType="Media Type">Video</pbcoreAnnotation></pbcoreDescriptionDocument>