<?xml version="1.0" encoding="UTF-8"?><pbcoreDescriptionDocument xmlns="http://www.pbcore.org/PBCore/PBCoreNamespace.html" annotation="V_FCAF2E4D352848E3B4E1C54219421A37">
    <pbcoreAssetType>Broadcast program</pbcoreAssetType><pbcoreAssetDate dateType="Item Date">03/16/1970</pbcoreAssetDate><pbcoreIdentifier source="Open Vault UID">V_FCAF2E4D352848E3B4E1C54219421A37</pbcoreIdentifier><pbcoreTitle titleType="Series">Forsyte Saga, The</pbcoreTitle><pbcoreDescription descriptionType="Series Description">The original (1969) version of the Forsyte Saga that started it all! Spanning 50 years in the lives of an upper middle-class family, from the wealth and security of the mid-Victorian era through the Edwardian high-noon to a post-War world of change, strikes and social malaise.  Galsworthy shows the strengths, weaknesses, triumphs and failings of the extraordinary Forsyte clan against a detailed social history.  There are 120 speaking parts in the series. (B&amp;W)
Series release date: 1969</pbcoreDescription><pbcoreDescription descriptionType="Asset Description">“Excerpts to be used to promote showing on...”</pbcoreDescription><pbcoreGenre source="Series Genre">Drama</pbcoreGenre><pbcoreAnnotation annotationType="Duration">00:19:05:00</pbcoreAnnotation><pbcoreAnnotation annotationType="Media Type">Video</pbcoreAnnotation></pbcoreDescriptionDocument>