<?xml version="1.0" encoding="UTF-8"?><pbcoreDescriptionDocument xmlns="http://www.pbcore.org/PBCore/PBCoreNamespace.html" annotation="V_55251D00776A4D1A81EC62198FF5ECB2">
    <pbcoreAssetType>Broadcast program</pbcoreAssetType><pbcoreIdentifier source="Open Vault UID">V_55251D00776A4D1A81EC62198FF5ECB2</pbcoreIdentifier><pbcoreTitle titleType="Series">Catch 44</pbcoreTitle><pbcoreTitle titleType="Program">August Moonfest</pbcoreTitle><pbcoreDescription descriptionType="Asset Description">DOCUMENTS THE AUGUST MOON FESTIVAL IN BOSTON'S CHINATOWN</pbcoreDescription><pbcoreDescription descriptionType="Program Description">Series Description: Community access format on WGBX, Channel 44.  Local non-profit groups given technical assistance to produce their own half-hour television production.  Entertainment, interviews.</pbcoreDescription><pbcoreDescription descriptionType="Series Description">Community access format on WGBX, Channel 44.  Local non-profit groups given technical assistance to produce their own half-hour television production.  Entertainment, interviews.
Series release date: 1971</pbcoreDescription><pbcoreAnnotation annotationType="Media Type">Video</pbcoreAnnotation><pbcoreAnnotation annotationType="Duration">00:29:15:00</pbcoreAnnotation></pbcoreDescriptionDocument>