<?xml version="1.0" encoding="UTF-8"?><pbcoreDescriptionDocument xmlns="http://www.pbcore.org/PBCore/PBCoreNamespace.html" annotation="V_C43197E3DFCD4FAEB4BE5DC372D71780">
    <pbcoreAssetType>Broadcast program</pbcoreAssetType><pbcoreAssetDate dateType="Item Date">12/11/1978</pbcoreAssetDate><pbcoreIdentifier source="Open Vault UID">V_C43197E3DFCD4FAEB4BE5DC372D71780</pbcoreIdentifier><pbcoreTitle titleType="Series">Course of Our Times, The</pbcoreTitle><pbcoreTitle titleType="Program">Czechoslovakia And The “Prague Spring,” 1968</pbcoreTitle><pbcoreTitle titleType="Program Number">53</pbcoreTitle><pbcoreDescription descriptionType="Series Description">Historical survey hosted by Abram Sachar, Brandeis University.
Series release date: 1973</pbcoreDescription><pbcoreDescription descriptionType="Asset Description">Original date 12/11/78.  Dubbed from A2-02443.</pbcoreDescription><pbcoreDescription descriptionType="Program Description">“The death of Stalin in 1953 ended a thirty year rule during which the old buccaneer had pursued his terror with such malevolence that popular volume in Italy referred to the ‘planet’ Russia, as if it were indeed another world.  The new leaders took advantage of Stalin’s death to modify his tight dictatorship.  In the succeeding years, while the essential features of the Communist dogma remained, there was a thaw in the domestic policies and the constraints on national loyalty in the satellite states were loosened.  Where such liberalization did not threaten the hegemony of the Kremlin, as in Poland, East Germany and most of the Balkan states, good relations with the Soviet Union were maintained.  In Hungary the thaw led to outright defiance and the revolt was crushed with overwhelming force.  In Czechoslovakia, under the leadership of Alexander Dubcek, the nationalist fervor got out of control and the Soviet masters were fearful that the country would repudiate its ties with Russia.  In the spring of 1968 the crisis came to a bloody climax and Czechoslovakia was given the Hungarian treatment.”</pbcoreDescription><pbcoreGenre source="Series Topic">History</pbcoreGenre><pbcoreGenre source="Series Genre">Educational</pbcoreGenre><pbcoreAnnotation annotationType="Media Type">Video</pbcoreAnnotation><pbcoreAnnotation annotationType="Duration">00:28:57:00</pbcoreAnnotation></pbcoreDescriptionDocument>