<?xml version="1.0" encoding="UTF-8"?><pbcoreDescriptionDocument xmlns="http://www.pbcore.org/PBCore/PBCoreNamespace.html" annotation="V_89006D0611E649AE9ED98C660FC0288F">
    <pbcoreAssetType>Broadcast program</pbcoreAssetType><pbcoreAssetDate dateType="Item Date">12/07/1977</pbcoreAssetDate><pbcoreIdentifier source="Open Vault UID">V_89006D0611E649AE9ED98C660FC0288F</pbcoreIdentifier><pbcoreTitle titleType="Program">Edelin Conviction, The</pbcoreTitle><pbcoreDescription descriptionType="Program Description">Dramatization of the trial of Dr. Kenneth Edelin for performing abortions.  This high profile case put the Boston doctor at the head of the controversy between Pro-Life and Pro-Choice forces. Using an edited version of the official court records, this reenactment focuses sharply on the abortion issue, leaving it to the viewer to weigh the arguments and decide.

See Prime Time Nov. 1975 Program Guide for cover story.</pbcoreDescription><pbcoreDescription descriptionType="Asset Description">Dubbed from A2-04677.  Original date 12/7/77.</pbcoreDescription><pbcoreGenre source="Series Topic">Health</pbcoreGenre><pbcoreGenre source="Series Topic">Medicine</pbcoreGenre><pbcoreGenre source="Series Topic">Social Issues</pbcoreGenre><pbcoreGenre source="Series Topic">Women</pbcoreGenre><pbcoreAnnotation annotationType="Media Type">Video</pbcoreAnnotation><pbcoreAnnotation annotationType="Duration">00:59:53:00</pbcoreAnnotation></pbcoreDescriptionDocument>