<?xml version="1.0" encoding="UTF-8"?><pbcoreDescriptionDocument xmlns="http://www.pbcore.org/PBCore/PBCoreNamespace.html" annotation="V_4AF7009BC5844B44873B9F748E9407DE">
    <pbcoreAssetType>Broadcast program</pbcoreAssetType><pbcoreAssetDate dateType="Item Date">02/03/1973</pbcoreAssetDate><pbcoreIdentifier source="Open Vault UID">V_4AF7009BC5844B44873B9F748E9407DE</pbcoreIdentifier><pbcoreTitle titleType="Program Number">105</pbcoreTitle><pbcoreTitle titleType="Series">Bedtime Story</pbcoreTitle><pbcoreTitle titleType="Program">Mad Dogs Of Crawford Mass</pbcoreTitle><pbcoreDescription descriptionType="Program Description">Series Description: LITTLE BEDTIME STORIES FOR ADULTS LATE AT NIGHT.</pbcoreDescription><pbcoreDescription descriptionType="Series Description">LITTLE BEDTIME STORIES FOR ADULTS LATE AT NIGHT.
Series release date: 1973</pbcoreDescription><pbcoreAnnotation annotationType="Duration">00:14:35:00</pbcoreAnnotation><pbcoreAnnotation annotationType="Media Type">Video</pbcoreAnnotation></pbcoreDescriptionDocument>