<?xml version="1.0" encoding="UTF-8"?><pbcoreDescriptionDocument xmlns="http://www.pbcore.org/PBCore/PBCoreNamespace.html" annotation="V_104FCCFD5CCF4C4284EDA486C30BA48E">
    <pbcoreAssetType>Broadcast program</pbcoreAssetType><pbcoreAssetDate dateType="Item Date">08/19/1967</pbcoreAssetDate><pbcoreIdentifier source="Open Vault UID">V_104FCCFD5CCF4C4284EDA486C30BA48E</pbcoreIdentifier><pbcoreTitle titleType="Program Number">104</pbcoreTitle><pbcoreTitle titleType="Series">Conversations</pbcoreTitle><pbcoreTitle titleType="Program">Albert Finney With John Freeman</pbcoreTitle><pbcoreDescription descriptionType="Series Description">Original interviews.
Series release date: 1967</pbcoreDescription><pbcoreDescription descriptionType="Program Description">NET presentation.  Albert Finney interviewed by John Freeman.  Interview originally recorded in England by the BBC in 1962.  1967.</pbcoreDescription><pbcoreDescription descriptionType="Asset Description">Program date: 8/19/1967.  NET producer Tom Slevin.</pbcoreDescription><pbcoreGenre source="Series Genre">Talk Show</pbcoreGenre><pbcoreAnnotation annotationType="Media Type">Video</pbcoreAnnotation><pbcoreAnnotation annotationType="Duration">00:29:52:00</pbcoreAnnotation></pbcoreDescriptionDocument>