<?xml version="1.0" encoding="UTF-8"?><pbcoreDescriptionDocument xmlns="http://www.pbcore.org/PBCore/PBCoreNamespace.html" annotation="V_2D8BEC98745A426892CDC8CACDDA28AD">
    <pbcoreAssetType>Broadcast program</pbcoreAssetType><pbcoreAssetDate dateType="Item Date">08/14/1992</pbcoreAssetDate><pbcoreIdentifier source="Open Vault UID">V_2D8BEC98745A426892CDC8CACDDA28AD</pbcoreIdentifier><pbcoreTitle titleType="Series">New Television Workshop</pbcoreTitle><pbcoreDescription descriptionType="Asset Description">WEGMAN - MAN RAY &amp; COLLISIONS   NOT FINAL SHOW -- ORIGINAL FOOTAGE DUBBED FROM 2"</pbcoreDescription><pbcoreDescription descriptionType="Series Description">The New Television Workshop originated at WGBH in 1974 to support the creation and development of experimental video art. This experimental programming included dance, drama, music, performance and visual arts on video and film. As early as 1968, WGBH was committed to the development of video art through residency programs, with artists such as Nam June Paik. Many of these early works (pre-1974) were broadcast both locally and nationally.  Fred Barzyk, a WGBH producer and director, was the Workshop's Executive Director from 1974 to 1982. Susan Dowling was Executive Director from 1982 to 1993. In 1993 the Workshop ceased production at WGBH. Major broadcast series created by the Workshop included "Artist's Showcase," "Frames of Reference," "Dance for Camera," "Poetry Breaks," and "New Television." Individual works were created for "Visions," a series produced by WNET (New York), and "Alive From Off Center," a series produced by KTCA (St. Paul - Minneapolis). The Contemporary Art Television (CAT) Fund was co-founded by the Workshop and Boston's Institute for Contemporary Art (ICA) in the 1980's, to commission works by video artists. 
Series release date: 1974</pbcoreDescription><pbcoreGenre source="Series Topic">Film and Television</pbcoreGenre><pbcoreCreator>
      <creator>Dowling, Susan</creator><creatorRole>Series Producer</creatorRole></pbcoreCreator><pbcoreAnnotation annotationType="Duration">00:90:00:00</pbcoreAnnotation><pbcoreAnnotation annotationType="Media Type">Video</pbcoreAnnotation></pbcoreDescriptionDocument>