<?xml version="1.0" encoding="UTF-8"?><pbcoreDescriptionDocument xmlns="http://www.pbcore.org/PBCore/PBCoreNamespace.html" annotation="V_EC3855F9C3364CE1B578B43089355B00">
    <pbcoreAssetType>Broadcast program</pbcoreAssetType><pbcoreIdentifier source="Open Vault UID">V_EC3855F9C3364CE1B578B43089355B00</pbcoreIdentifier><pbcoreTitle titleType="Program Number">120</pbcoreTitle><pbcoreTitle titleType="Series">Read Your Way Up: TV Read In</pbcoreTitle><pbcoreDescription descriptionType="Series Description">Educational series, hosted by Dr. Melvin Howards of Northeastern University, that focuses on improving communicational skills, notably reading.  Program one ends by noting that series will address four major areas:  word skills; word derivations and meanings; study skills; and improved reading speed and comprehension.  Copyright Manpower Education Institute, 1968. 
Series release date: 1968</pbcoreDescription><pbcoreDescription descriptionType="Asset Description">Approximate date: 1968</pbcoreDescription><pbcoreGenre source="Series Genre">Educational</pbcoreGenre><pbcoreAnnotation annotationType="Duration">00:27:30:00</pbcoreAnnotation><pbcoreAnnotation annotationType="Media Type">Video</pbcoreAnnotation></pbcoreDescriptionDocument>