<?xml version="1.0" encoding="UTF-8"?><pbcoreDescriptionDocument xmlns="http://www.pbcore.org/PBCore/PBCoreNamespace.html" annotation="V_CF8408075F57457BB56736B0DCEE179C">
    <pbcoreAssetType>Broadcast program</pbcoreAssetType><pbcoreIdentifier source="Open Vault UID">V_CF8408075F57457BB56736B0DCEE179C</pbcoreIdentifier><pbcoreTitle titleType="Program">Advertising: Tell it Straight</pbcoreTitle><pbcoreTitle titleType="Series">Nader Report, The</pbcoreTitle><pbcoreTitle titleType="Program Number">104</pbcoreTitle><pbcoreDescription descriptionType="Program Description">Series Description: Ralph Nader on consumer issues - investigating everything from advertising to air pollution.</pbcoreDescription><pbcoreDescription descriptionType="Series Description">Broadcast: 1970, Beginning Nov. 7th.

The Nader Report is a series of eight half-hour investigations into the causes and effects of deceptive advertising, water and air pollution, pesticides, food additives, and the unhealthy relationship between industry and federal regulatory agencies.  The host is Raplh Nader.  

Ralph Nader on consumer issues - investigating everything from advertising to air pollution.
Series release date: 1970</pbcoreDescription><pbcoreGenre source="Series Topic">Social Issues</pbcoreGenre><pbcoreAnnotation annotationType="Media Type">Video</pbcoreAnnotation><pbcoreAnnotation annotationType="Duration">00:29:33:00</pbcoreAnnotation></pbcoreDescriptionDocument>