<?xml version="1.0" encoding="UTF-8"?><pbcoreDescriptionDocument xmlns="http://www.pbcore.org/PBCore/PBCoreNamespace.html" annotation="V_8B013D66FD6A4F4F84ADEEC9A5B8473A">
    <pbcoreAssetType>Broadcast program</pbcoreAssetType><pbcoreIdentifier source="Open Vault UID">V_8B013D66FD6A4F4F84ADEEC9A5B8473A</pbcoreIdentifier><pbcoreTitle titleType="Program Number">109</pbcoreTitle><pbcoreTitle titleType="Series">Advocates</pbcoreTitle><pbcoreTitle titleType="Program">Should the developed nations limit their economic growth? Part II</pbcoreTitle><pbcoreDescription descriptionType="Program Description">Moderator:  Michael Dukakis
Advocate:  William Rusher
Swedish Guest Advocate:  Åke Ortmark
Witnesses:  
Mahbub ul Haq – World Bank
Bruce Douglas-Mann – Member of Parliament, UK
Norman Macrae – Deputy Editor, “The Economist”
A.K. Sen – London School of Economics
Taped in Sweden and co-produced with Swedish Broadcasting Corp.
Bears copyright Swedish Broadcasting Corp./KCET.</pbcoreDescription><pbcoreDescription descriptionType="Asset Description">Should the developed nations limit their economic growth?
Moderator:  Michael Dukakis
Advocate:  William Rusher
Swedish Guest Advocate:  Åke Ortmark
Witnesses:  
Mahbub ul Haq – World Bank
Bruce Douglas-Mann – Member of Parliament, UK
Norman Macrae – Deputy Editor, “The Economist”
A.K. Sen – London School of Economics
Taped in Sweden and co-produced with Swedish Broadcasting Corp.
Bears copyright Swedish Broadcasting Corp./KCET.</pbcoreDescription><pbcoreDescription descriptionType="Series Description">A SERIES OF DEBATES with a moderator facilitating the discussion of national and international issues - using advocates who would introduce witnesses to support their point of view.  Debates recorded at Boston's Faneuil Hall.  Moderators included: Michael Dukakis;  Marilyn Berger; Michael Harrington, Robert Maynard.  (Premiered October, 1969; conceived by Prof. Roger Fisher.)  Other participants included Barney Frank, Avi Nelson, Antonin Scalia, S.I. Hayakawa, Paul Simon, Albert Shankar, Richard Bolling, Pete McCloskey, Chester Crocker, John Anderson, Elmo Zumwalt, George Ball, John Kenneth Galbraith, William Colby, Eleanor Smeal, Phyllis Schlafly, Sam Ervin, Laurence Tribe, Daniel Schorr, Orrin Hatch, Morris Udall, Edward Kennedy, George McGovern, Jake Garn, Paul Tsongas, Alan Dershowitz.
Series release date: 1969</pbcoreDescription><pbcoreGenre source="Series Topic">Public Affairs</pbcoreGenre><pbcoreGenre source="Series Genre">Debate</pbcoreGenre><pbcoreGenre source="Series Topic">Social Issues</pbcoreGenre><pbcoreAnnotation annotationType="Media Type">Video</pbcoreAnnotation></pbcoreDescriptionDocument>