<?xml version="1.0" encoding="UTF-8"?><pbcoreDescriptionDocument xmlns="http://www.pbcore.org/PBCore/PBCoreNamespace.html" annotation="V_DF21021AC18A4D868F35A5CFA9D827BA">
    <pbcoreAssetType>Broadcast program</pbcoreAssetType><pbcoreAssetDate dateType="Item Date">02/09/1978</pbcoreAssetDate><pbcoreIdentifier source="Open Vault UID">V_DF21021AC18A4D868F35A5CFA9D827BA</pbcoreIdentifier><pbcoreTitle titleType="Series">Ten O'Clock News</pbcoreTitle><pbcoreTitle titleType="Open Vault Title">Blizzard aftermath</pbcoreTitle><pbcoreSubject>Massachusetts. Dept. of State Police</pbcoreSubject><pbcoreSubject>Roads</pbcoreSubject><pbcoreSubject>Police</pbcoreSubject><pbcoreSubject>Automobiles</pbcoreSubject><pbcoreSubject>Blizzards</pbcoreSubject><pbcoreDescription descriptionType="Series Description">NIGHTLY NEWS WITH CHRISTOPHER LYDON AND CARMEN FIELDS
Began January 1976.  Replaced evening news show EVENING COMPASS. Original host: Steve Nevas.  Other anchors, Christopher Lydon (1977-91) and Gail Harris (1983). In 1980 - hour long.  Ended in 1991.

(PREDECESSORS:  Louis Lyons began news operations at WGBH in 1952.  The News at 10 began in 1966.  The Reporters premiered in 1970.  The Evening Compass started in 1974.)
Series release date: 1/1976</pbcoreDescription><pbcoreDescription descriptionType="Asset Description">No audio through first half of video. Aftermath of blizzard of '78. Sunny day on impassable highway with abandoned, buried cars. Snow removal by bulldozer. Tire skidding. Driver cleans off covered car. Interview with John Tarbox, a driver from Rockland, MA who was stranded. He gets in his still buried car and starts it up. Interview with Donald Jones, a young army man from California, who has never seen snow. State police cruiser, helicopter.
</pbcoreDescription><pbcoreGenre source="Series Genre">News Report</pbcoreGenre><pbcoreGenre source="Series Topic">News</pbcoreGenre><pbcoreContributor>
      <contributor>Cohen, Art</contributor><contributorRole>Reporter</contributorRole></pbcoreContributor><pbcoreAnnotation annotationType="Outside URL">http://bostonlocaltv.org/catalog/V_KA8YAS2XGD2G57B</pbcoreAnnotation><pbcoreAnnotation annotationType="Duration">00:17:33:03</pbcoreAnnotation><pbcoreAnnotation annotationType="Media Type">Video</pbcoreAnnotation></pbcoreDescriptionDocument>