<?xml version="1.0" encoding="UTF-8"?><pbcoreDescriptionDocument xmlns="http://www.pbcore.org/PBCore/PBCoreNamespace.html" annotation="V_3728365FD1264508BE32B808CDDBA740">
    <pbcoreAssetType>Broadcast program</pbcoreAssetType><pbcoreIdentifier source="Open Vault UID">V_3728365FD1264508BE32B808CDDBA740</pbcoreIdentifier><pbcoreTitle titleType="Series">America's Driving Passion</pbcoreTitle><pbcoreDescription descriptionType="Series Description">Series was produced for TBS - was not aired on PBS.
Series release date: 1995</pbcoreDescription><pbcoreDescription descriptionType="Asset Description">Hour 2  with titles</pbcoreDescription><pbcoreCreator>
      <creator>Drain, Margaret</creator><creatorRole>Series Producer</creatorRole></pbcoreCreator><pbcoreAnnotation annotationType="Media Type">Video</pbcoreAnnotation></pbcoreDescriptionDocument>