<?xml version="1.0" encoding="UTF-8"?><pbcoreDescriptionDocument xmlns="http://www.pbcore.org/PBCore/PBCoreNamespace.html" annotation="V_41D186E9227C4BEFA3C67567B8C91D83">
    <pbcoreAssetType>Broadcast program</pbcoreAssetType><pbcoreIdentifier source="Open Vault UID">V_41D186E9227C4BEFA3C67567B8C91D83</pbcoreIdentifier><pbcoreTitle titleType="Program Number">69</pbcoreTitle><pbcoreTitle titleType="Series">Advocates</pbcoreTitle><pbcoreTitle titleType="Program">Should the federal government compel suburbs to accept low-income housing?</pbcoreTitle><pbcoreDescription descriptionType="Series Description">A SERIES OF DEBATES with a moderator facilitating the discussion of national and international issues - using advocates who would introduce witnesses to support their point of view.  Debates recorded at Boston's Faneuil Hall.  Moderators included: Michael Dukakis;  Marilyn Berger; Michael Harrington, Robert Maynard.  (Premiered October, 1969; conceived by Prof. Roger Fisher.)  Other participants included Barney Frank, Avi Nelson, Antonin Scalia, S.I. Hayakawa, Paul Simon, Albert Shankar, Richard Bolling, Pete McCloskey, Chester Crocker, John Anderson, Elmo Zumwalt, George Ball, John Kenneth Galbraith, William Colby, Eleanor Smeal, Phyllis Schlafly, Sam Ervin, Laurence Tribe, Daniel Schorr, Orrin Hatch, Morris Udall, Edward Kennedy, George McGovern, Jake Garn, Paul Tsongas, Alan Dershowitz.
Series release date: 1969</pbcoreDescription><pbcoreDescription descriptionType="Program Description">Moderator:  Victor Palmieri
Advocate:  Howard Miller
Advocate:  J. Daniel Mahoney
Witnesses:
Paul Davidoff – Surbaban Action Inst.
Sumner Wolsky – Homeowner, Lexington Mass.
Herbert Franklin – Natl. Urban Coalition
Cecil Rouson – Greensboro, NC
Randy Hamilton – Institute, Local Self-Govt.
Edgar Olsen – Economist, Univ. of Virginia
Produced by WGBH (in LA), bears WGBH copyright</pbcoreDescription><pbcoreDescription descriptionType="Asset Description">Should the federal government compel suburbs to accept low-income housing?
Moderator:  Victor Palmieri
Advocate:  Howard Miller
Advocate:  J. Daniel Mahoney
Witnesses:
Paul Davidoff – Surbaban Action Inst.
Sumner Wolsky – Homeowner, Lexington Mass.
Herbert Franklin – Natl. Urban Coalition
Cecil Rouson – Greensboro, NC
Randy Hamilton – Institute, Local Self-Govt.
Edgar Olsen – Economist, Univ. of Virginia
Produced by WGBH (in LA), bears WGBH copyright</pbcoreDescription><pbcoreGenre source="Series Genre">Debate</pbcoreGenre><pbcoreGenre source="Series Topic">Public Affairs</pbcoreGenre><pbcoreGenre source="Series Topic">Social Issues</pbcoreGenre><pbcoreAnnotation annotationType="Media Type">Video</pbcoreAnnotation></pbcoreDescriptionDocument>