<?xml version="1.0" encoding="UTF-8"?><pbcoreDescriptionDocument xmlns="http://www.pbcore.org/PBCore/PBCoreNamespace.html" annotation="V_5B39E0062A08415DB82614C5F665A8B0">
    <pbcoreAssetType>Broadcast program</pbcoreAssetType><pbcoreIdentifier source="Open Vault UID">V_5B39E0062A08415DB82614C5F665A8B0</pbcoreIdentifier><pbcoreTitle titleType="Program">Should the Government Regulate the Foreign Operations of Multinational Corporations?</pbcoreTitle><pbcoreTitle titleType="Series">Advocates</pbcoreTitle><pbcoreTitle titleType="Program Number">96</pbcoreTitle><pbcoreDescription descriptionType="Asset Description">Moderator:  Michael Dukakis
Advocate:  Howard Miller
Advocate:  Gus Tyler
Witnesses:
Paul Jennings – Pres. International Union of Electrical workers
Stanley Ruttenberg – Former Asst. Secretary, Dept. of Labor
Peter Peterson (on film) – Secretary of Commerce
Harold Scott – Asst. Secretary, US Dept. of Commerce
John Hackett – Cummins Engine Co., Columbus Indiana
Samuel Pisar – International Lawyer, Paris France
Produced at KCET, bears KCET copyright</pbcoreDescription><pbcoreDescription descriptionType="Series Description">A SERIES OF DEBATES with a moderator facilitating the discussion of national and international issues - using advocates who would introduce witnesses to support their point of view.  Debates recorded at Boston's Faneuil Hall.  Moderators included: Michael Dukakis;  Marilyn Berger; Michael Harrington, Robert Maynard.  (Premiered October, 1969; conceived by Prof. Roger Fisher.)  Other participants included Barney Frank, Avi Nelson, Antonin Scalia, S.I. Hayakawa, Paul Simon, Albert Shankar, Richard Bolling, Pete McCloskey, Chester Crocker, John Anderson, Elmo Zumwalt, George Ball, John Kenneth Galbraith, William Colby, Eleanor Smeal, Phyllis Schlafly, Sam Ervin, Laurence Tribe, Daniel Schorr, Orrin Hatch, Morris Udall, Edward Kennedy, George McGovern, Jake Garn, Paul Tsongas, Alan Dershowitz.
Series release date: 1969</pbcoreDescription><pbcoreDescription descriptionType="Program Description">Moderator:  Michael Dukakis
Advocate:  Howard Miller
Advocate:  Gus Tyler
Witnesses:
Paul Jennings – Pres. International Union of Electrical workers
Stanley Ruttenberg – Former Asst. Secretary, Dept. of Labor
Peter Peterson (on film) – Secretary of Commerce
Harold Scott – Asst. Secretary, US Dept. of Commerce
John Hackett – Cummins Engine Co., Columbus Indiana
Samuel Pisar – International Lawyer, Paris France
Produced at KCET, bears KCET copyright</pbcoreDescription><pbcoreGenre source="Series Topic">Social Issues</pbcoreGenre><pbcoreGenre source="Series Genre">Debate</pbcoreGenre><pbcoreGenre source="Series Topic">Public Affairs</pbcoreGenre><pbcoreAnnotation annotationType="Media Type">Video</pbcoreAnnotation></pbcoreDescriptionDocument>