<?xml version="1.0" encoding="UTF-8"?><pbcoreDescriptionDocument xmlns="http://www.pbcore.org/PBCore/PBCoreNamespace.html" annotation="V_F170182A92DA47C588A9CCC8CC9BA805">
    <pbcoreAssetType>Broadcast program</pbcoreAssetType><pbcoreIdentifier source="Open Vault UID">V_F170182A92DA47C588A9CCC8CC9BA805</pbcoreIdentifier><pbcoreTitle titleType="Program">Should public funds be used for non-public education?</pbcoreTitle><pbcoreTitle titleType="Program Number">77</pbcoreTitle><pbcoreTitle titleType="Series">Advocates</pbcoreTitle><pbcoreDescription descriptionType="Program Description">Moderator:  Victor Palmieri
Advocate:  Howard Miller
Advocate:  William Rusher
Witnesses:
John Vanden Berg, Ph.D. – VP and Dean, Calvin College
Monsig. Eugene Clark – Dir. Of Communications, Archdiocese of NY
John M. Swomley, Jr., Ph.D. – Prof. Social Ethics, St. Paul School of Theology
Rosemary Crist – Exec. Board, National Assoc. of Laity
Produced by KCET, bears KCET copyright</pbcoreDescription><pbcoreDescription descriptionType="Asset Description">Should public funds be used for non-public education?
Moderator:  Victor Palmieri
Advocate:  Howard Miller
Advocate:  William Rusher
Witnesses:
John Vanden Berg, Ph.D. – VP and Dean, Calvin College
Monsig. Eugene Clark – Dir. Of Communications, Archdiocese of NY
John M. Swomley, Jr., Ph.D. – Prof. Social Ethics, St. Paul School of Theology
Rosemary Crist – Exec. Board, National Assoc. of Laity
Produced by KCET, bears KCET copyright</pbcoreDescription><pbcoreDescription descriptionType="Series Description">A SERIES OF DEBATES with a moderator facilitating the discussion of national and international issues - using advocates who would introduce witnesses to support their point of view.  Debates recorded at Boston's Faneuil Hall.  Moderators included: Michael Dukakis;  Marilyn Berger; Michael Harrington, Robert Maynard.  (Premiered October, 1969; conceived by Prof. Roger Fisher.)  Other participants included Barney Frank, Avi Nelson, Antonin Scalia, S.I. Hayakawa, Paul Simon, Albert Shankar, Richard Bolling, Pete McCloskey, Chester Crocker, John Anderson, Elmo Zumwalt, George Ball, John Kenneth Galbraith, William Colby, Eleanor Smeal, Phyllis Schlafly, Sam Ervin, Laurence Tribe, Daniel Schorr, Orrin Hatch, Morris Udall, Edward Kennedy, George McGovern, Jake Garn, Paul Tsongas, Alan Dershowitz.
Series release date: 1969</pbcoreDescription><pbcoreGenre source="Series Topic">Social Issues</pbcoreGenre><pbcoreGenre source="Series Genre">Debate</pbcoreGenre><pbcoreGenre source="Series Topic">Public Affairs</pbcoreGenre><pbcoreAnnotation annotationType="Media Type">Video</pbcoreAnnotation></pbcoreDescriptionDocument>