<?xml version="1.0" encoding="UTF-8"?><pbcoreDescriptionDocument xmlns="http://www.pbcore.org/PBCore/PBCoreNamespace.html" annotation="V_92A44D7617CB4D12AB0365E7243E3FD9">
    <pbcoreAssetType>Broadcast program</pbcoreAssetType><pbcoreAssetDate dateType="Item Date">03/05/1975</pbcoreAssetDate><pbcoreIdentifier source="Open Vault UID">V_92A44D7617CB4D12AB0365E7243E3FD9</pbcoreIdentifier><pbcoreTitle titleType="Program Number">106</pbcoreTitle><pbcoreTitle titleType="Series">Arabs and Israelis</pbcoreTitle><pbcoreTitle titleType="Program">PALESTINIAN QUESTION, The (Part II)</pbcoreTitle><pbcoreDescription descriptionType="Asset Description">part II   Original date 3/5/75.  Dubbed from A2-00765</pbcoreDescription><pbcoreDescription descriptionType="Series Description">Series of seven programs contrasting perceptions of Middle East conflict and the chance for peace expressed by some of the people who have the most at stake.  
Series release date: 1975</pbcoreDescription><pbcoreDescription descriptionType="Program Description">Series of seven programs contrasting perceptions of Middle East conflict and the chance for peace expressed by some of the people who have the most at stake.</pbcoreDescription><pbcoreGenre source="Series Topic">Global Affairs</pbcoreGenre><pbcoreGenre source="Series Genre">Documentary</pbcoreGenre><pbcoreGenre source="Series Topic">War and Conflict</pbcoreGenre><pbcoreAnnotation annotationType="Duration">00:29:11:00</pbcoreAnnotation><pbcoreAnnotation annotationType="Media Type">Video</pbcoreAnnotation></pbcoreDescriptionDocument>