<?xml version="1.0" encoding="UTF-8"?><pbcoreDescriptionDocument xmlns="http://www.pbcore.org/PBCore/PBCoreNamespace.html" annotation="V_4F8ABA9B4EE84ED9B1BFF5838D800A10">
    <pbcoreAssetType>Broadcast program</pbcoreAssetType><pbcoreAssetDate dateType="Item Date">02/07/1996</pbcoreAssetDate><pbcoreIdentifier source="Open Vault UID">V_4F8ABA9B4EE84ED9B1BFF5838D800A10</pbcoreIdentifier><pbcoreTitle titleType="Program Number">2307</pbcoreTitle><pbcoreTitle titleType="Series">NOVA</pbcoreTitle><pbcoreTitle titleType="Program">Flood!</pbcoreTitle><pbcoreDescription descriptionType="Program Description">In the summer of 1993, record floods struck the Mississippi River valley, killing 50 people, inundating 20 million acres and causing $12 billion in damages.  The disaster may actually have been worsened by the elaborate flood control structures designed to prevent just such an event.  This program relives one of America's greatest flood disasters and explores the problem of taming the mighty river.</pbcoreDescription><pbcoreDescription descriptionType="Series Description">Premiered March 1974
NOVA is a general-interest documentary series that addresses a single science issue each week.  Billed as "science adventures for curious grown-ups" when it first aired  in March, 1974, NOVA continues to offer an informative and entertaining approach to a challenging subject.  1996 marked NOVA's 23rd season, which makes it the longest-running science program on national television.  It is also one of television's most acclaimed series, having won every major television award, most of them many times over.
Series release date: 3/3/1974</pbcoreDescription><pbcoreDescription descriptionType="Asset Description">Revised full mix 2/26/96</pbcoreDescription><pbcoreGenre source="Series Genre">Documentary</pbcoreGenre><pbcoreGenre source="Series Topic">Science</pbcoreGenre><pbcoreAnnotation annotationType="Duration">00:56:42:00</pbcoreAnnotation><pbcoreAnnotation annotationType="Media Type">Video</pbcoreAnnotation></pbcoreDescriptionDocument>