<?xml version="1.0" encoding="UTF-8"?><pbcoreDescriptionDocument xmlns="http://www.pbcore.org/PBCore/PBCoreNamespace.html" annotation="V_49D0BCAC821E4F25B5EA6646BC5A01EC">
    <pbcoreAssetType>Broadcast program</pbcoreAssetType><pbcoreAssetDate dateType="Item Date">03/25/1971</pbcoreAssetDate><pbcoreIdentifier source="Open Vault UID">V_49D0BCAC821E4F25B5EA6646BC5A01EC</pbcoreIdentifier><pbcoreTitle titleType="Series">Community Challenge</pbcoreTitle><pbcoreTitle titleType="Program Number">104</pbcoreTitle><pbcoreDescription descriptionType="Series Description">Series release date: 1971</pbcoreDescription><pbcoreAnnotation annotationType="Duration">00:30:00:00</pbcoreAnnotation><pbcoreAnnotation annotationType="Media Type">Video</pbcoreAnnotation></pbcoreDescriptionDocument>