<?xml version="1.0" encoding="UTF-8"?><pbcoreDescriptionDocument xmlns="http://www.pbcore.org/PBCore/PBCoreNamespace.html" annotation="V_61006D09F8C04B0E924858907EE59C1A">
    <pbcoreAssetType>Broadcast program</pbcoreAssetType><pbcoreAssetDate dateType="Item Date">12/01/1959</pbcoreAssetDate><pbcoreIdentifier source="Open Vault UID">V_61006D09F8C04B0E924858907EE59C1A</pbcoreIdentifier><pbcoreTitle titleType="Program Number">S-002-60</pbcoreTitle><pbcoreTitle titleType="Series">Boston Symphony Orchestra</pbcoreTitle><pbcoreTitle titleType="Program">Munch Conducting: Wagner; Mendelssohn</pbcoreTitle><pbcoreDescription descriptionType="Program Description">Charles Munch conducting: Wagner: Excerpts from “Die Meistersinger”; Mendelssohn: Symphony no. 3.</pbcoreDescription><pbcoreDescription descriptionType="Asset Description">Munch conducting:  Mendelssohn - Symphony #3 in A Minor (NOTE:  pt.1 of this concert  - is missing)  
[RTRV: HP]  Dubbed 11/29/95 from WGBH 16mm kinescope print.  Original date 12/1/59</pbcoreDescription><pbcoreGenre source="Series Topic">Music</pbcoreGenre><pbcoreAnnotation annotationType="Media Type">Video</pbcoreAnnotation><pbcoreAnnotation annotationType="Duration">00:41:43:00</pbcoreAnnotation></pbcoreDescriptionDocument>