<?xml version="1.0" encoding="UTF-8"?><pbcoreDescriptionDocument xmlns="http://www.pbcore.org/PBCore/PBCoreNamespace.html" annotation="V_E9DC199C91014DD5B9B1B54A8F59CBBE">
    <pbcoreAssetType>Broadcast program</pbcoreAssetType><pbcoreAssetDate dateType="Item Date">04/15/1972</pbcoreAssetDate><pbcoreIdentifier source="Open Vault UID">V_E9DC199C91014DD5B9B1B54A8F59CBBE</pbcoreIdentifier><pbcoreTitle titleType="Series">Advocates</pbcoreTitle><pbcoreTitle titleType="Program">Should The Press Be Prohibited From Publishing Classified Material?</pbcoreTitle><pbcoreTitle titleType="Program Number">101</pbcoreTitle><pbcoreDescription descriptionType="Series Description">A SERIES OF DEBATES with a moderator facilitating the discussion of national and international issues - using advocates who would introduce witnesses to support their point of view.  Debates recorded at Boston's Faneuil Hall.  Moderators included: Michael Dukakis;  Marilyn Berger; Michael Harrington, Robert Maynard.  (Premiered October, 1969; conceived by Prof. Roger Fisher.)  Other participants included Barney Frank, Avi Nelson, Antonin Scalia, S.I. Hayakawa, Paul Simon, Albert Shankar, Richard Bolling, Pete McCloskey, Chester Crocker, John Anderson, Elmo Zumwalt, George Ball, John Kenneth Galbraith, William Colby, Eleanor Smeal, Phyllis Schlafly, Sam Ervin, Laurence Tribe, Daniel Schorr, Orrin Hatch, Morris Udall, Edward Kennedy, George McGovern, Jake Garn, Paul Tsongas, Alan Dershowitz.
Series release date: 1969</pbcoreDescription><pbcoreDescription descriptionType="Program Description">Moderator: Michael Dukakis
Advocate: William Rusher
Advocate: David Schoenbrun
Witnesses:
Ben Bradlee, Executive Editor, The Washington Post
Ellis O. Briggs, former Ambassador
Roger Fisher, Professor of Law, Harvard Law School
Rep. Thomas Foley, Democrat, Washington
L.G. Lohan, Colonel, freelance writer for The London Evening Standard
Aryeh Neier, Executive Director, American Civil Liberties Union</pbcoreDescription><pbcoreGenre source="Series Topic">Public Affairs</pbcoreGenre><pbcoreGenre source="Series Topic">Social Issues</pbcoreGenre><pbcoreGenre source="Series Genre">Debate</pbcoreGenre><pbcoreAnnotation annotationType="Media Type">Video</pbcoreAnnotation></pbcoreDescriptionDocument>