<?xml version="1.0" encoding="UTF-8"?><pbcoreDescriptionDocument xmlns="http://www.pbcore.org/PBCore/PBCoreNamespace.html" annotation="V_D1E84F7376BB4CB3B92FBD483CF99B31">
    <pbcoreAssetType>Broadcast program</pbcoreAssetType><pbcoreAssetDate dateType="Item Date">10/18/1971</pbcoreAssetDate><pbcoreIdentifier source="Open Vault UID">V_D1E84F7376BB4CB3B92FBD483CF99B31</pbcoreIdentifier><pbcoreTitle titleType="Program Number">204</pbcoreTitle><pbcoreTitle titleType="Series">Making Things Work</pbcoreTitle><pbcoreTitle titleType="Program">Silver Storage</pbcoreTitle><pbcoreDescription descriptionType="Program Description">Series Description: WGBH program (C. 1971) hosted by Thalassa Cruso on fix-it projects around the house - how to mend household items, remove stains.</pbcoreDescription><pbcoreDescription descriptionType="Series Description">WGBH program (C. 1971) hosted by Thalassa Cruso on fix-it projects around the house - how to mend household items, remove stains.
Series release date: 1971</pbcoreDescription><pbcoreGenre source="Series Topic">Home Improvement</pbcoreGenre><pbcoreGenre source="Series Genre">Instructional</pbcoreGenre><pbcoreAnnotation annotationType="Duration">00:14:24:00</pbcoreAnnotation><pbcoreAnnotation annotationType="Media Type">Video</pbcoreAnnotation></pbcoreDescriptionDocument>