<?xml version="1.0" encoding="UTF-8"?><pbcoreDescriptionDocument xmlns="http://www.pbcore.org/PBCore/PBCoreNamespace.html" annotation="V_147A24E236874578B4A7E370D8CFA5AE">
    <pbcoreAssetType>Broadcast program</pbcoreAssetType><pbcoreAssetDate dateType="Item Date">04/17/1968</pbcoreAssetDate><pbcoreIdentifier source="Open Vault UID">V_147A24E236874578B4A7E370D8CFA5AE</pbcoreIdentifier><pbcoreTitle titleType="Program Number">124</pbcoreTitle><pbcoreTitle titleType="Program">Mcluhan's Children</pbcoreTitle><pbcoreTitle titleType="Series">What's Happening Mr. Silver</pbcoreTitle><pbcoreDescription descriptionType="Program Description">Series Description:  This series experiments with new form and new ways of handling its subject matter by incorporating a youthful style and sense of concern.</pbcoreDescription><pbcoreDescription descriptionType="Series Description">This series experiments with new form and new ways of handling its subject matter by incorporating a youthful style and sense of concern.
Series release date: 1967</pbcoreDescription><pbcoreCreator>
      <creator>Barzyk, Fred</creator><creatorRole>Series Producer</creatorRole></pbcoreCreator><pbcoreAnnotation annotationType="Media Type">Video</pbcoreAnnotation><pbcoreAnnotation annotationType="Duration">00:37:40:00</pbcoreAnnotation></pbcoreDescriptionDocument>