<?xml version="1.0" encoding="UTF-8"?><pbcoreDescriptionDocument xmlns="http://www.pbcore.org/PBCore/PBCoreNamespace.html" annotation="V_5DDF298B8FFF44C89534F88E4DF86499">
    <pbcoreAssetType>Broadcast program</pbcoreAssetType><pbcoreIdentifier source="Open Vault UID">V_5DDF298B8FFF44C89534F88E4DF86499</pbcoreIdentifier><pbcoreTitle titleType="Series">Flick Out</pbcoreTitle><pbcoreTitle titleType="Program">Time Is</pbcoreTitle><pbcoreTitle titleType="Program Number">108</pbcoreTitle><pbcoreDescription descriptionType="Program Description">Through unusual film footage of birds flying, planes crashing, flowers growing, and football players running, filmmaker Don Levy, creates a concrete idea of some of the ways time affects our lives.  Time is a fickle friend that turns the new into old.  Its a biological clock that slows down with age.  It’s the measure of motion, an idea one lives with.  The dialogue, written by British philosopher Stephen Toulman, deals with the concept of time as succinctly as does Levy.  With the filmmaker’s visual images and philosopher’s words, you’ll begin to realize what Time Is to you.</pbcoreDescription><pbcoreDescription descriptionType="Series Description">Originally aired on May 22, 1968 as a four and a half hour marathon showcasing young filmmakers.  Hosted by Standish Lawder, Yale University film professor, “Flick Out” gave viewers the chance to watch some of the most creative films being produced at that time.  It included short documentaries, film essays, animated cartoons and full-length features that illuminated the art of film.

Beginning in July 1968, “Flickout” became a weekly half-hour series, produced by Henry Morgenthau, showing experimental films from both new, young filmmakers, and established craftsmen.  Whenever possible Morgenthau interviews the filmmaker whose work is being shown.
Series release date: 5/22/1968</pbcoreDescription><pbcoreGenre source="Series Topic">Film and Television</pbcoreGenre><pbcoreCreator>
      <creator>Morgenthau III, Henry</creator><creatorRole>Series Producer</creatorRole></pbcoreCreator><pbcoreAnnotation annotationType="Duration">00:28:51:00</pbcoreAnnotation><pbcoreAnnotation annotationType="Media Type">Video</pbcoreAnnotation></pbcoreDescriptionDocument>