<?xml version="1.0" encoding="UTF-8"?><pbcoreDescriptionDocument xmlns="http://www.pbcore.org/PBCore/PBCoreNamespace.html" annotation="V_F8AA3EFA99CD4B5DB5BE931550D275D0">
    <pbcoreAssetType>Broadcast program</pbcoreAssetType><pbcoreAssetDate dateType="Item Date">04/06/1973</pbcoreAssetDate><pbcoreIdentifier source="Open Vault UID">V_F8AA3EFA99CD4B5DB5BE931550D275D0</pbcoreIdentifier><pbcoreTitle titleType="Program">Louis Lyons Announces Death Of Bob Larsen</pbcoreTitle><pbcoreTitle titleType="Series">News and Comment</pbcoreTitle><pbcoreDescription descriptionType="Asset Description">Dubbed 6/25/1996 from A2-01492. Original airdate 4/6/1973.</pbcoreDescription><pbcoreDescription descriptionType="Program Description">Louis Lyons announces death of Bob Larsen  4/6/1973.</pbcoreDescription><pbcoreDescription descriptionType="Series Description">Series release date: 1952</pbcoreDescription><pbcoreGenre source="Series Topic">News</pbcoreGenre><pbcoreAnnotation annotationType="Duration">00:29:24:00</pbcoreAnnotation><pbcoreAnnotation annotationType="Media Type">Video</pbcoreAnnotation></pbcoreDescriptionDocument>