<?xml version="1.0" encoding="UTF-8"?><pbcoreDescriptionDocument xmlns="http://www.pbcore.org/PBCore/PBCoreNamespace.html" annotation="V_BD72B8DE70D44C04B933EAD81A6B14F9">
    <pbcoreAssetType>Broadcast program</pbcoreAssetType><pbcoreAssetDate dateType="Item Date">05/16/1969</pbcoreAssetDate><pbcoreIdentifier source="Open Vault UID">V_BD72B8DE70D44C04B933EAD81A6B14F9</pbcoreIdentifier><pbcoreTitle titleType="Series">Backgrounds</pbcoreTitle><pbcoreTitle titleType="Program">Harvard University President Nathan Pusey Statement (4/24/1969)</pbcoreTitle><pbcoreDescription descriptionType="Asset Description">Original date 4/24/69.  Filmed at Harvard.</pbcoreDescription><pbcoreDescription descriptionType="Series Description">Series release date: C. 1960</pbcoreDescription><pbcoreDescription descriptionType="Program Description">1969 Harvard University Student Strike, President Pusey discusses Harvard demonstrations.</pbcoreDescription><pbcoreAnnotation annotationType="Media Type">Video</pbcoreAnnotation><pbcoreAnnotation annotationType="Duration">00:15:29:00</pbcoreAnnotation></pbcoreDescriptionDocument>