<?xml version="1.0" encoding="UTF-8"?><pbcoreDescriptionDocument xmlns="http://www.pbcore.org/PBCore/PBCoreNamespace.html" annotation="V_7BFF6E9FEE3242E39E5CC009A78989E8">
    <pbcoreAssetType>Broadcast program</pbcoreAssetType><pbcoreAssetDate dateType="Item Date">01/26/1973</pbcoreAssetDate><pbcoreIdentifier source="Open Vault UID">V_7BFF6E9FEE3242E39E5CC009A78989E8</pbcoreIdentifier><pbcoreTitle titleType="Series">Bedtime Story</pbcoreTitle><pbcoreTitle titleType="Program Number">103</pbcoreTitle><pbcoreTitle titleType="Program">Somewhere In Somerville</pbcoreTitle><pbcoreDescription descriptionType="Series Description">LITTLE BEDTIME STORIES FOR ADULTS LATE AT NIGHT.
Series release date: 1973</pbcoreDescription><pbcoreDescription descriptionType="Program Description">Series Description: LITTLE BEDTIME STORIES FOR ADULTS LATE AT NIGHT.</pbcoreDescription><pbcoreAnnotation annotationType="Media Type">Video</pbcoreAnnotation><pbcoreAnnotation annotationType="Duration">00:20:00:00</pbcoreAnnotation></pbcoreDescriptionDocument>