<?xml version="1.0" encoding="UTF-8"?><pbcoreDescriptionDocument xmlns="http://www.pbcore.org/PBCore/PBCoreNamespace.html" annotation="V_44453CB499764238BBD8243A790F11CE">
    <pbcoreAssetType>Broadcast program</pbcoreAssetType><pbcoreAssetDate dateType="Item Date">05/06/1963</pbcoreAssetDate><pbcoreIdentifier source="Open Vault UID">V_44453CB499764238BBD8243A790F11CE</pbcoreIdentifier><pbcoreTitle titleType="Program Number">07</pbcoreTitle><pbcoreTitle titleType="Series">Museum Open House</pbcoreTitle><pbcoreTitle titleType="Program">My Son, The Artist</pbcoreTitle><pbcoreDescription descriptionType="Series Description">Program hosted by Russell Connor of Boston's Museum of Fine Arts.  Each half hour program was devoted to a period of artists and showed works of art with Connor giving the background on the works. Early and Mid 1960’s.
Series release date: 1963</pbcoreDescription><pbcoreDescription descriptionType="Asset Description">Dubbed from A2-03122.  Original date 5/6/63.</pbcoreDescription><pbcoreDescription descriptionType="Program Description">Russell Connor  discusses of Whislter’s career, ideas, and art, with special emphasis on Whistler’s painting of his mother, presently on view at the Museum of Fine Arts.</pbcoreDescription><pbcoreGenre source="Series Genre">Educational</pbcoreGenre><pbcoreGenre source="Series Topic">Fine Arts</pbcoreGenre><pbcoreAnnotation annotationType="Media Type">Video</pbcoreAnnotation><pbcoreAnnotation annotationType="Duration">00:28:58:00</pbcoreAnnotation></pbcoreDescriptionDocument>