<?xml version="1.0" encoding="UTF-8"?><pbcoreDescriptionDocument xmlns="http://www.pbcore.org/PBCore/PBCoreNamespace.html" annotation="V_54D9B8BA9FF8472C8AC39826844AE7DA">
    <pbcoreAssetType>Broadcast program</pbcoreAssetType><pbcoreAssetDate dateType="Item Date">02/24/1975</pbcoreAssetDate><pbcoreIdentifier source="Open Vault UID">V_54D9B8BA9FF8472C8AC39826844AE7DA</pbcoreIdentifier><pbcoreTitle titleType="Program">PALESTINIAN QUESTION, The (Part I)</pbcoreTitle><pbcoreTitle titleType="Program Number">105</pbcoreTitle><pbcoreTitle titleType="Series">Arabs and Israelis</pbcoreTitle><pbcoreDescription descriptionType="Asset Description">part I   Original date 2/24/75.  Dubbed from A2-00764</pbcoreDescription><pbcoreDescription descriptionType="Series Description">Series of seven programs contrasting perceptions of Middle East conflict and the chance for peace expressed by some of the people who have the most at stake.  
Series release date: 1975</pbcoreDescription><pbcoreDescription descriptionType="Program Description">Series of seven programs contrasting perceptions of Middle East conflict and the chance for peace expressed by some of the people who have the most at stake.</pbcoreDescription><pbcoreGenre source="Series Topic">Global Affairs</pbcoreGenre><pbcoreGenre source="Series Genre">Documentary</pbcoreGenre><pbcoreGenre source="Series Topic">War and Conflict</pbcoreGenre><pbcoreAnnotation annotationType="Duration">00:28:35:00</pbcoreAnnotation><pbcoreAnnotation annotationType="Media Type">Video</pbcoreAnnotation></pbcoreDescriptionDocument>