<?xml version="1.0" encoding="UTF-8"?><pbcoreDescriptionDocument xmlns="http://www.pbcore.org/PBCore/PBCoreNamespace.html" annotation="V_38738BB3AC01467F93A4A909FA50164D">
    <pbcoreAssetType>Broadcast program</pbcoreAssetType><pbcoreAssetDate dateType="Item Date">12/29/1970</pbcoreAssetDate><pbcoreIdentifier source="Open Vault UID">V_38738BB3AC01467F93A4A909FA50164D</pbcoreIdentifier><pbcoreTitle titleType="Program">Design For Safety</pbcoreTitle><pbcoreTitle titleType="Series">Issues In Education</pbcoreTitle><pbcoreDescription descriptionType="Series Description">AT&amp;T Production
Series release date: 1970</pbcoreDescription><pbcoreDescription descriptionType="Asset Description">AT&amp;T Production</pbcoreDescription><pbcoreAnnotation annotationType="Media Type">Video</pbcoreAnnotation><pbcoreAnnotation annotationType="Duration">00:27:58:00</pbcoreAnnotation></pbcoreDescriptionDocument>