<?xml version="1.0" encoding="UTF-8"?><pbcoreDescriptionDocument xmlns="http://www.pbcore.org/PBCore/PBCoreNamespace.html" annotation="V_776525EAC775438FB6AB1AF68A61972D">
    <pbcoreAssetType>Broadcast program</pbcoreAssetType><pbcoreAssetDate dateType="Item Date">11/06/1970</pbcoreAssetDate><pbcoreIdentifier source="Open Vault UID">V_776525EAC775438FB6AB1AF68A61972D</pbcoreIdentifier><pbcoreTitle titleType="Series">Reporters, The</pbcoreTitle><pbcoreTitle titleType="Program">11/6/1970</pbcoreTitle><pbcoreDescription descriptionType="Program Description">Series description:   WGBH News program 1970-1973</pbcoreDescription><pbcoreDescription descriptionType="Series Description">Premiered October 12, 1970, Succeeded by Evening Compass in January 1974 

A 30-minute show to deliver accurate news and information with a concentration on important issues and continuity of coverage. 30 minutes, 5 nights a week. The Reporters boasted a format that covered “neighborhood” stories other media might miss and incorporated a state news digest in 1973. Staff included Stephen Teichner, Maureen Bunyan, Alan Lupo, Dianne Dumanoski, Joseph Day, Ed Baumeister, Rosemary Driscoll, Lee Daniels, Greg Pilkington and Judy Stoia.

See Program Guides and Prime Times: October 1970, January and May 1971, May 1973
Series release date: 10/12/1970</pbcoreDescription><pbcoreGenre source="Series Genre">News Report</pbcoreGenre><pbcoreGenre source="Series Topic">News</pbcoreGenre><pbcoreAnnotation annotationType="Media Type">Video</pbcoreAnnotation><pbcoreAnnotation annotationType="Duration">00:30:00:00</pbcoreAnnotation></pbcoreDescriptionDocument>