<?xml version="1.0" encoding="UTF-8"?><pbcoreDescriptionDocument xmlns="http://www.pbcore.org/PBCore/PBCoreNamespace.html" annotation="V_1F8C566546014F9A9C32A8A4FEF6973F">
    <pbcoreAssetType>Broadcast program</pbcoreAssetType><pbcoreIdentifier source="Open Vault UID">V_1F8C566546014F9A9C32A8A4FEF6973F</pbcoreIdentifier><pbcoreTitle titleType="Series">College Bound</pbcoreTitle><pbcoreTitle titleType="Program Number">106</pbcoreTitle><pbcoreDescription descriptionType="Series Description">Hosted by Harold G. Ridlon, Asst. Professor of English, Tufts University.  B&amp;W, recorded in WGBH Studio.  Producer: Sharon Pucker, Director: Christopher Sarson.
Series release date: 1965</pbcoreDescription><pbcoreCreator>
      <creator>Pucker, Sharon</creator><creatorRole>Series Producer</creatorRole></pbcoreCreator><pbcoreAnnotation annotationType="Duration">00:28:55:00</pbcoreAnnotation><pbcoreAnnotation annotationType="Media Type">Video</pbcoreAnnotation></pbcoreDescriptionDocument>