<?xml version="1.0" encoding="UTF-8"?><pbcoreDescriptionDocument xmlns="http://www.pbcore.org/PBCore/PBCoreNamespace.html" annotation="V_B82C21AAE5F24BD385EFA42C1685B71C">
    <pbcoreAssetType>Broadcast program</pbcoreAssetType><pbcoreAssetDate dateType="Item Date">11/09/1994</pbcoreAssetDate><pbcoreIdentifier source="Open Vault UID">V_B82C21AAE5F24BD385EFA42C1685B71C</pbcoreIdentifier><pbcoreTitle titleType="Series">NOVA</pbcoreTitle><pbcoreTitle titleType="Program Number">2119K</pbcoreTitle><pbcoreTitle titleType="Program">Journey To The Sacred Sea</pbcoreTitle><pbcoreDescription descriptionType="Series Description">Premiered March 1974
NOVA is a general-interest documentary series that addresses a single science issue each week.  Billed as "science adventures for curious grown-ups" when it first aired  in March, 1974, NOVA continues to offer an informative and entertaining approach to a challenging subject.  1996 marked NOVA's 23rd season, which makes it the longest-running science program on national television.  It is also one of television's most acclaimed series, having won every major television award, most of them many times over.
Series release date: 3/3/1974</pbcoreDescription><pbcoreDescription descriptionType="Program Description">Nova travels to Lake Baikal, the world's oldest and deepest lake, containing one-fifth of all the fresh water on Earth.  Lake Baikal has been called Russia's Grand Canyon, the Pearl of Siberia, and the Sacred Sea.  Investigating Baikal from above, below and all around, NOVA charts its dramatically changing environment over the course of four seasons.</pbcoreDescription><pbcoreDescription descriptionType="Asset Description">Mono</pbcoreDescription><pbcoreGenre source="Series Topic">Science</pbcoreGenre><pbcoreGenre source="Series Genre">Documentary</pbcoreGenre><pbcoreAnnotation annotationType="Media Type">Video</pbcoreAnnotation><pbcoreAnnotation annotationType="Duration">00:60:00:00</pbcoreAnnotation></pbcoreDescriptionDocument>