<?xml version="1.0" encoding="UTF-8"?><pbcoreDescriptionDocument xmlns="http://www.pbcore.org/PBCore/PBCoreNamespace.html" annotation="V_06DE6C6CE2764ADCB46F778633BB5879">
    <pbcoreAssetType>Broadcast program</pbcoreAssetType><pbcoreAssetDate dateType="Item Date">05/19/1997</pbcoreAssetDate><pbcoreIdentifier source="Open Vault UID">V_06DE6C6CE2764ADCB46F778633BB5879</pbcoreIdentifier><pbcoreTitle titleType="Series">Nuevos Destinos</pbcoreTitle><pbcoreTitle titleType="Program Number">111, 112, 113, 114, 115</pbcoreTitle><pbcoreDescription descriptionType="Asset Description">Captioned master</pbcoreDescription><pbcoreDescription descriptionType="Series Description">New video episodes and a CD-ROM extend the Spanish immersion experience of the original Destinos series. The multimedia Nuevos Destinos expands the ways you can use the original Destinos story. Retelling the story of lawyer Raquel Rodrìguez's original investigation within the framework of a new legal intrigue, Nuevos Destinos is designed for courses in which less video and a specific pedagogical focus are needed. Using the companion CD-ROM, students become Raquel's legal assistant.
Series release date: 1997</pbcoreDescription><pbcoreCreator>
      <creator>Sicker, Ted</creator><creatorRole>Series Producer</creatorRole></pbcoreCreator><pbcoreAnnotation annotationType="Duration">00:90:00:00</pbcoreAnnotation><pbcoreAnnotation annotationType="Media Type">Video</pbcoreAnnotation></pbcoreDescriptionDocument>