<?xml version="1.0" encoding="UTF-8"?><pbcoreDescriptionDocument xmlns="http://www.pbcore.org/PBCore/PBCoreNamespace.html" annotation="V_4C7BA2BBFEF64EB1A3A1144A402A4AA8">
    <pbcoreAssetType>Broadcast program</pbcoreAssetType><pbcoreAssetDate dateType="Item Date">07/11/1968</pbcoreAssetDate><pbcoreIdentifier source="Open Vault UID">V_4C7BA2BBFEF64EB1A3A1144A402A4AA8</pbcoreIdentifier><pbcoreTitle titleType="Program">Painters And Protest: The Lutheran Revolution</pbcoreTitle><pbcoreTitle titleType="Series">Images</pbcoreTitle><pbcoreDescription descriptionType="Series Description">Presented the Museum of Fine Arts, Boston.
Series release date: 1968</pbcoreDescription><pbcoreDescription descriptionType="Program Description">Presented the Museum of Fine Arts, Boston, this program tells the story of Martin Luther and the Protestant Reformation through paintings, drawings, and engravings of the period.  1968.</pbcoreDescription><pbcoreDescription descriptionType="Asset Description">Original record date: 7/11/1968.  Directed by Phil Collyer; written and produced by  Rebecca  Lawrence; narrated by Rick Hauser; executive producer Patricia Barnard. Presented by the Museum of Fine Arts, Boston.</pbcoreDescription><pbcoreGenre source="Series Topic">Fine Arts</pbcoreGenre><pbcoreAnnotation annotationType="Media Type">Video</pbcoreAnnotation><pbcoreAnnotation annotationType="Duration">00:29:03:00</pbcoreAnnotation></pbcoreDescriptionDocument>