<?xml version="1.0" encoding="UTF-8"?><pbcoreDescriptionDocument xmlns="http://www.pbcore.org/PBCore/PBCoreNamespace.html" annotation="V_D3218847D19F42E28D261070DFB527C0">
    <pbcoreAssetType>Broadcast program</pbcoreAssetType><pbcoreAssetDate dateType="Item Date">12/27/1968</pbcoreAssetDate><pbcoreIdentifier source="Open Vault UID">V_D3218847D19F42E28D261070DFB527C0</pbcoreIdentifier><pbcoreTitle titleType="Program">Igor</pbcoreTitle><pbcoreDescription descriptionType="Asset Description">Program master</pbcoreDescription><pbcoreAnnotation annotationType="Duration">00:05:35:00</pbcoreAnnotation><pbcoreAnnotation annotationType="Media Type">Video</pbcoreAnnotation></pbcoreDescriptionDocument>