<?xml version="1.0" encoding="UTF-8"?><pbcoreDescriptionDocument xmlns="http://www.pbcore.org/PBCore/PBCoreNamespace.html" annotation="V_249047C1EA5C44729FF9AFA88AC5A6CA">
    <pbcoreAssetType>Broadcast program</pbcoreAssetType><pbcoreAssetDate dateType="Item Date">12/11/1996</pbcoreAssetDate><pbcoreIdentifier source="Open Vault UID">V_249047C1EA5C44729FF9AFA88AC5A6CA</pbcoreIdentifier><pbcoreTitle titleType="Program">Curse of T. Rex</pbcoreTitle><pbcoreTitle titleType="Program Number">2408</pbcoreTitle><pbcoreTitle titleType="Series">NOVA</pbcoreTitle><pbcoreDescription descriptionType="Asset Description">Has lower thirds and other packaging.</pbcoreDescription><pbcoreDescription descriptionType="Series Description">Premiered March 1974
NOVA is a general-interest documentary series that addresses a single science issue each week.  Billed as "science adventures for curious grown-ups" when it first aired  in March, 1974, NOVA continues to offer an informative and entertaining approach to a challenging subject.  1996 marked NOVA's 23rd season, which makes it the longest-running science program on national television.  It is also one of television's most acclaimed series, having won every major television award, most of them many times over.
Series release date: 3/3/1974</pbcoreDescription><pbcoreDescription descriptionType="Program Description">They were the rarest and most spectacular creatures ever to walk the earth.  Now, their bones are for sale.  Paleontologists have to compete with commercial fossil hunters for dinosaur bones.  NOVA follows the hot trail of legal and illegal fossil-dealing as the FBI tries to protect the best Tyrannosaurus Rex specimen ever found from winding up on the shelves of a souvenir shop.</pbcoreDescription><pbcoreGenre source="Series Genre">Documentary</pbcoreGenre><pbcoreGenre source="Series Topic">Science</pbcoreGenre><pbcoreAnnotation annotationType="Duration">00:56:46:00</pbcoreAnnotation><pbcoreAnnotation annotationType="Media Type">Video</pbcoreAnnotation></pbcoreDescriptionDocument>