<?xml version="1.0" encoding="UTF-8"?><pbcoreDescriptionDocument xmlns="http://www.pbcore.org/PBCore/PBCoreNamespace.html" annotation="V_F98D94DF8FC84C7FB2EAAA6BB6E0570C">
    <pbcoreAssetType>Broadcast program</pbcoreAssetType><pbcoreAssetDate dateType="Item Date">07/14/1972</pbcoreAssetDate><pbcoreIdentifier source="Open Vault UID">V_F98D94DF8FC84C7FB2EAAA6BB6E0570C</pbcoreIdentifier><pbcoreTitle titleType="Program Number">109</pbcoreTitle><pbcoreTitle titleType="Program">Charlie Byrd</pbcoreTitle><pbcoreTitle titleType="Series">Evening at Pops</pbcoreTitle><pbcoreDescription descriptionType="Series Description">Taped shows of the Boston Pops.   First telecast on WGBH in June 1957; Arthur Fiedler conducting at MIT Kresge Auditorium.  Premiered nationally July 5, 1970, performances at Symphony Hall. 
Series release date: 1970</pbcoreDescription><pbcoreDescription descriptionType="Asset Description">Dubbed from 2" master (A2-04315).  Original date 7/14/72</pbcoreDescription><pbcoreDescription descriptionType="Program Description">In studio performance by Charlie Byrd

Directed by William Cosel.

Series description from press release of the time: 
"Jazz is a live half-hour weekly program featuring musical jazz stars of local, national and international fame.  Host for the series is Herb Pomeroy, a Boston resident, who is an outstanding jazz musician, composer, and teacher.  Jazz is a performance show with little talk and an emphasis on good jazz for your musical enjoyment."  First program in the series aired on Friday, January 8, 1965.</pbcoreDescription><pbcoreGenre source="Series Topic">Music</pbcoreGenre><pbcoreGenre source="Series Genre">Performance for a Live Audience</pbcoreGenre><pbcoreCreator>
      <creator>Dangel, Susan</creator><creatorRole>Series Producer</creatorRole></pbcoreCreator><pbcoreAnnotation annotationType="Duration">00:60:00:00</pbcoreAnnotation><pbcoreAnnotation annotationType="Media Type">Video</pbcoreAnnotation></pbcoreDescriptionDocument>