<?xml version="1.0" encoding="UTF-8"?><pbcoreDescriptionDocument xmlns="http://www.pbcore.org/PBCore/PBCoreNamespace.html" annotation="V_FA3E29423F34401087493621318844FF">
    <pbcoreAssetType>Broadcast program</pbcoreAssetType><pbcoreAssetDate dateType="Item Date">12/16/1973</pbcoreAssetDate><pbcoreIdentifier source="Open Vault UID">V_FA3E29423F34401087493621318844FF</pbcoreIdentifier><pbcoreTitle titleType="Series">Making Things Work</pbcoreTitle><pbcoreTitle titleType="Program Number">213, 214, 215, 216, 217, 218</pbcoreTitle><pbcoreDescription descriptionType="Series Description">WGBH program (C. 1971) hosted by Thalassa Cruso on fix-it projects around the house - how to mend household items, remove stains.
Series release date: 1971</pbcoreDescription><pbcoreGenre source="Series Genre">Instructional</pbcoreGenre><pbcoreGenre source="Series Topic">Home Improvement</pbcoreGenre><pbcoreAnnotation annotationType="Duration">00:60:00:00</pbcoreAnnotation><pbcoreAnnotation annotationType="Media Type">Video</pbcoreAnnotation></pbcoreDescriptionDocument>