<?xml version="1.0" encoding="UTF-8"?><pbcoreDescriptionDocument xmlns="http://www.pbcore.org/PBCore/PBCoreNamespace.html" annotation="V_5FFB154924D74C2C9630EFF7D9379C81">
    <pbcoreAssetType>Broadcast program</pbcoreAssetType><pbcoreAssetDate dateType="Item Date">08/23/1968</pbcoreAssetDate><pbcoreIdentifier source="Open Vault UID">V_5FFB154924D74C2C9630EFF7D9379C81</pbcoreIdentifier><pbcoreTitle titleType="Program">In The Beginning Was The Holocaust</pbcoreTitle><pbcoreDescription descriptionType="Asset Description">Original date:  8/23/1968.  Produced and directed by Christopher Sarson.</pbcoreDescription><pbcoreDescription descriptionType="Program Description">Program portrays the emotions of the Holocaust through in studio  dramatic performances and readings of Holocaust-related literary works.   Divided into three separate, but related dramatically acted segments as follows:  
Part One:  Performance of “Selections From the Chocolate Deal” by Haim Gouri, Translated by Seymour Simckes.
Part Two: “The Authors”.  Authors Jerzy Kosinski and Elie Wiesel are interviewed by Lawrence Langer, Associate Professor of English, Simmons College.  Dramatic readings of the authors works are intercut into the  interviews.  Later in segment,  dramatic piece is acted out.
Part Three: Performance of “Journey Through The Night” by Jakov Lind.   1968.</pbcoreDescription><pbcoreGenre source="Series Genre">Performance in a Studio</pbcoreGenre><pbcoreGenre source="Series Topic">War and Conflict</pbcoreGenre><pbcoreAnnotation annotationType="Duration">00:56:50:00</pbcoreAnnotation><pbcoreAnnotation annotationType="Media Type">Video</pbcoreAnnotation></pbcoreDescriptionDocument>