<?xml version="1.0" encoding="UTF-8"?><pbcoreDescriptionDocument xmlns="http://www.pbcore.org/PBCore/PBCoreNamespace.html" annotation="V_6517741415D54D01A7DE952BE1B437AC">
    <pbcoreAssetType>Broadcast program</pbcoreAssetType><pbcoreAssetDate dateType="Item Date">12/16/1980</pbcoreAssetDate><pbcoreIdentifier source="Open Vault UID">V_6517741415D54D01A7DE952BE1B437AC</pbcoreIdentifier><pbcoreTitle titleType="Program">Aloha, Bruyeres</pbcoreTitle><pbcoreDescription descriptionType="Program Description">DOCUMENTARY RECORDING THE 34TH ANNUAL REUNION OF THE 442ND REGIMENTAL COMBAT TEAM OF THE US ARMY IN BRUYERES, FRANCE.</pbcoreDescription><pbcoreGenre source="Series Topic">History</pbcoreGenre><pbcoreGenre source="Series Genre">Documentary</pbcoreGenre><pbcoreAnnotation annotationType="Media Type">Video</pbcoreAnnotation><pbcoreAnnotation annotationType="Duration">00:58:09:00</pbcoreAnnotation></pbcoreDescriptionDocument>