<?xml version="1.0" encoding="UTF-8"?><pbcoreDescriptionDocument xmlns="http://www.pbcore.org/PBCore/PBCoreNamespace.html" annotation="V_3EA5682ABF4044328B3DA91E8DE846AB">
    <pbcoreAssetType>Broadcast program</pbcoreAssetType><pbcoreAssetDate dateType="Item Date">06/05/1995</pbcoreAssetDate><pbcoreIdentifier source="Open Vault UID">V_3EA5682ABF4044328B3DA91E8DE846AB</pbcoreIdentifier><pbcoreTitle titleType="Program Number">2210</pbcoreTitle><pbcoreTitle titleType="Program">Venus Unveiled</pbcoreTitle><pbcoreTitle titleType="Series">NOVA</pbcoreTitle><pbcoreDescription descriptionType="Series Description">Premiered March 1974
NOVA is a general-interest documentary series that addresses a single science issue each week.  Billed as "science adventures for curious grown-ups" when it first aired  in March, 1974, NOVA continues to offer an informative and entertaining approach to a challenging subject.  1996 marked NOVA's 23rd season, which makes it the longest-running science program on national television.  It is also one of television's most acclaimed series, having won every major television award, most of them many times over.
Series release date: 3/3/1974</pbcoreDescription><pbcoreDescription descriptionType="Program Description">Viewers travel through the sulfurous clouds of earth's nearest planetary neighbor to its hellish surface, where no spacecraft has been able to survive for more than a few minutes. The Venusian landscape presents scientists with a bizarre puzzle unlike anything else in the solar system.
</pbcoreDescription><pbcoreGenre source="Series Topic">Science</pbcoreGenre><pbcoreGenre source="Series Genre">Documentary</pbcoreGenre><pbcoreAnnotation annotationType="Media Type">Video</pbcoreAnnotation><pbcoreAnnotation annotationType="Duration">00:56:19:00</pbcoreAnnotation></pbcoreDescriptionDocument>