<?xml version="1.0" encoding="UTF-8"?><pbcoreDescriptionDocument xmlns="http://www.pbcore.org/PBCore/PBCoreNamespace.html" annotation="V_51A36789EFF042248A55997C95C75E9A">
    <pbcoreAssetType>Broadcast program</pbcoreAssetType><pbcoreAssetDate dateType="Item Date">06/15/1971</pbcoreAssetDate><pbcoreIdentifier source="Open Vault UID">V_51A36789EFF042248A55997C95C75E9A</pbcoreIdentifier><pbcoreTitle titleType="Program Number">71</pbcoreTitle><pbcoreTitle titleType="Series">Advocates</pbcoreTitle><pbcoreTitle titleType="Program">Should Capital Gains be taxed as ordinary income?</pbcoreTitle><pbcoreDescription descriptionType="Asset Description">Should Capital Gains be taxed as ordinary income?
Moderator:  Roger Fisher
Advocate:  Howard Miller
Advocate:  William Rusher
Witnesses:
Philip Stern – Author
Richard A. Musgrave – Economist, Harvard
James Corcoran – Attorney
Lowell Harris – Professor of Economics, Columbia
Stanley Goldstein – CPA, New York
Ernest Monrad – Investment Advisor
Produced by/at WGBH, bears WGBH copyright</pbcoreDescription><pbcoreDescription descriptionType="Program Description">Moderator:  Roger Fisher
Advocate:  Howard Miller
Advocate:  William Rusher
Witnesses:
Philip Stern – Author
Richard A. Musgrave – Economist, Harvard
James Corcoran – Attorney
Lowell Harris – Professor of Economics, Columbia
Stanley Goldstein – CPA, New York
Ernest Monrad – Investment Advisor
Produced by/at WGBH, bears WGBH copyright</pbcoreDescription><pbcoreDescription descriptionType="Series Description">A SERIES OF DEBATES with a moderator facilitating the discussion of national and international issues - using advocates who would introduce witnesses to support their point of view.  Debates recorded at Boston's Faneuil Hall.  Moderators included: Michael Dukakis;  Marilyn Berger; Michael Harrington, Robert Maynard.  (Premiered October, 1969; conceived by Prof. Roger Fisher.)  Other participants included Barney Frank, Avi Nelson, Antonin Scalia, S.I. Hayakawa, Paul Simon, Albert Shankar, Richard Bolling, Pete McCloskey, Chester Crocker, John Anderson, Elmo Zumwalt, George Ball, John Kenneth Galbraith, William Colby, Eleanor Smeal, Phyllis Schlafly, Sam Ervin, Laurence Tribe, Daniel Schorr, Orrin Hatch, Morris Udall, Edward Kennedy, George McGovern, Jake Garn, Paul Tsongas, Alan Dershowitz.
Series release date: 1969</pbcoreDescription><pbcoreGenre source="Series Topic">Social Issues</pbcoreGenre><pbcoreGenre source="Series Topic">Public Affairs</pbcoreGenre><pbcoreGenre source="Series Genre">Debate</pbcoreGenre><pbcoreAnnotation annotationType="Media Type">Video</pbcoreAnnotation></pbcoreDescriptionDocument>