<?xml version="1.0" encoding="UTF-8"?><pbcoreDescriptionDocument xmlns="http://www.pbcore.org/PBCore/PBCoreNamespace.html" annotation="V_3F1D3D84A9C64BF4B24DFC9E1E4E5037">
    <pbcoreAssetType>Broadcast program</pbcoreAssetType><pbcoreAssetDate dateType="Item Date">03/11/1971</pbcoreAssetDate><pbcoreIdentifier source="Open Vault UID">V_3F1D3D84A9C64BF4B24DFC9E1E4E5037</pbcoreIdentifier><pbcoreTitle titleType="Series">Community Challenge</pbcoreTitle><pbcoreTitle titleType="Program Number">102</pbcoreTitle><pbcoreDescription descriptionType="Series Description">Series release date: 1971</pbcoreDescription><pbcoreAnnotation annotationType="Media Type">Video</pbcoreAnnotation><pbcoreAnnotation annotationType="Duration">00:28:55:00</pbcoreAnnotation></pbcoreDescriptionDocument>