<?xml version="1.0" encoding="UTF-8"?><pbcoreDescriptionDocument xmlns="http://www.pbcore.org/PBCore/PBCoreNamespace.html" annotation="V_B1ADDE45B7B447DBB816C978CD0047D6">
    <pbcoreAssetType>Broadcast program</pbcoreAssetType><pbcoreAssetDate dateType="Item Date">12/07/1971</pbcoreAssetDate><pbcoreIdentifier source="Open Vault UID">V_B1ADDE45B7B447DBB816C978CD0047D6</pbcoreIdentifier><pbcoreTitle titleType="Series">Eye to Eye</pbcoreTitle><pbcoreTitle titleType="Program Number">104</pbcoreTitle><pbcoreTitle titleType="Program">Stopping Time</pbcoreTitle><pbcoreDescription descriptionType="Asset Description">Dubbed 7/28/96 from A2-01436.  Original date 12/7/71.</pbcoreDescription><pbcoreDescription descriptionType="Series Description">If the gobble-de-jargon of art criticism turns you off - If you know what you like but t say so in a very soft voice - then here’s a TV series for you.  Remember the commercial on TV for Heinz’ Great American Soups - with tap-dancing and a chorus line and hydraulic soup cans?  That’s Art?  Have you ever seen a painting of a pipe, and it says on it French, “This is not a pipe”?  That’s Magritte.  And that’s art.

It’s all on Eye to Eye - a fast-moving, pop-up compendium of everything you always wanted to know but were afraid to ask about art.  You’ll find out about the most successful art forger in history.  And learn a little bit about counterfeiting.  And quilts.  And Dossena’s Hoax.  And find out if maybe that stuff in your grandmother’s attic is worth a lot or a little.  Know what you’ll end up with?  The beautiful knowledge that art is all around you.   And every day you’ll see and make up your mind.  And really know what you like.  And feel happy about it.  Watch Eye To Eye.
Series release date: 1971</pbcoreDescription><pbcoreDescription descriptionType="Program Description">A revolution began with “snap”..the “snap” of a camera shutter.  What did photography do to the world of art?   And how did itchange the way we see the world around us?  Are images really captured?  Do they really stand still?  And when is photography art?</pbcoreDescription><pbcoreGenre source="Series Topic">Fine Arts</pbcoreGenre><pbcoreGenre source="Series Genre">Magazine</pbcoreGenre><pbcoreCreator>
      <creator>Hauser, Richard</creator><creatorRole>Series Producer</creatorRole></pbcoreCreator><pbcoreAnnotation annotationType="Media Type">Video</pbcoreAnnotation><pbcoreAnnotation annotationType="Duration">00:28:54:00</pbcoreAnnotation></pbcoreDescriptionDocument>