<?xml version="1.0" encoding="UTF-8"?><pbcoreDescriptionDocument xmlns="http://www.pbcore.org/PBCore/PBCoreNamespace.html" annotation="V_24C7AB9F2E41479996A9616E0096ED79">
    <pbcoreAssetType>Broadcast program</pbcoreAssetType><pbcoreIdentifier source="Open Vault UID">V_24C7AB9F2E41479996A9616E0096ED79</pbcoreIdentifier><pbcoreTitle titleType="Program">Journey Is A Person In Itself, A</pbcoreTitle><pbcoreTitle titleType="Series">ITV Humanities Project, The: a history of five experimental programs for instructional television</pbcoreTitle><pbcoreDescription descriptionType="Program Description">The ITV Humanities Project : a history of five experimental programs for instructional television / [Richard H. Thomas, project director] ; Administered by the WGBH Educational Foundation under a grant from the National Endowment for the Humanities.  C. 1967.</pbcoreDescription><pbcoreDescription descriptionType="Series Description">The ITV Humanities Project : a history of five experimental programs for instructional television / [Richard H. Thomas, project director] ; Administered by the WGBH Educational Foundation under a grant from the National Endowment for the Humanities.
Series release date: 1967</pbcoreDescription><pbcoreAnnotation annotationType="Media Type">Video</pbcoreAnnotation></pbcoreDescriptionDocument>