<?xml version="1.0" encoding="UTF-8"?><pbcoreDescriptionDocument xmlns="http://www.pbcore.org/PBCore/PBCoreNamespace.html" annotation="V_7BB9ED4F4C78449C90F23E840026D8E3">
    <pbcoreAssetType>Broadcast program</pbcoreAssetType><pbcoreAssetDate dateType="Item Date">02/13/1973</pbcoreAssetDate><pbcoreIdentifier source="Open Vault UID">V_7BB9ED4F4C78449C90F23E840026D8E3</pbcoreIdentifier><pbcoreTitle titleType="Program">Al Pacino, Paul Benedict, David Wheeler: Richard III</pbcoreTitle><pbcoreTitle titleType="Series">Elliot Norton Reviews</pbcoreTitle><pbcoreDescription descriptionType="Program Description">Elliot Norton interviews actors Al Pacino (Richard III) and Paul Benedict (Duke of Buckingham), and director David Wheeler about a production of Shakespeare’s “Richard III” in the Church of the Covenant on Newbury St by the Theater Company of Boston. This production drew national attention because of Al Pacino, who had made his breakthrough the year before with The Godfather. Norton notes that Pacino started out opening night with a slight accent and he was nervous that the actor had “gone Mafia.” Pacino blames this on nerves, claiming that when he is nervous, he inadvertently slips into accents.

Pacino explains that he has always wanted to do Shakespeare, because of his love of language. He used to do soliloquies from Hamlet and Macbeth alone in his room and chose to perform Shakespeare scenes for acting classes. He is inspired by the language and feels that as an actor, “language serves you,” as opposed to the other way around. He believes that today people are lazy and do not open their mouths to speak, so this is an opportunity to really use language. Although this is his first professional Shakespeare production, he talks about performing the first half hour of Richard III at the Actor’s Studio three or four years prior. In this production, he did not use a director, which he claims is the “best way to do it,” casting a sheepish look at director David Wheeler.

Norton commends Pacino’s ability to balance playing the demon that kills his way to the crown and the comic that enjoys himself while opening up to the audience. Norton likes the way Pacino addresses the audience and sets it up as a ‘game’ in which he is enjoying himself and encourages the audience to do the same. Pacino feels that he connects so strongly with the audience that when he tells them about the crimes he committed, he starts to wonder about what they will do to him. 

Other subjects that were discussed include the decision for modern costumes and the use of the church as a playing space.

Director: Russ Fortier.  Taped 2/13/1973.</pbcoreDescription><pbcoreDescription descriptionType="Asset Description">Transferred from  videotaped 2/13/1973.  Dubbed 3/31/1993.</pbcoreDescription><pbcoreDescription descriptionType="Series Description">Boston theatre critic Elliot Norton interviews prominent actors, directors and producers on their craft.
(Aired from October, 1958 to 1982.  Winner of both Peabody and Tony Awards.)
Series release date: 1958</pbcoreDescription><pbcoreGenre source="Series Genre">Talk Show</pbcoreGenre><pbcoreGenre source="Series Topic">Performing Arts</pbcoreGenre><pbcoreAnnotation annotationType="Media Type">Video</pbcoreAnnotation><pbcoreAnnotation annotationType="Duration">00:28:52:00</pbcoreAnnotation></pbcoreDescriptionDocument>