<?xml version="1.0" encoding="UTF-8"?><pbcoreDescriptionDocument xmlns="http://www.pbcore.org/PBCore/PBCoreNamespace.html" annotation="V_535685B2A646467AB524C7296693A660">
    <pbcoreAssetType>Broadcast program</pbcoreAssetType><pbcoreIdentifier source="Open Vault UID">V_535685B2A646467AB524C7296693A660</pbcoreIdentifier><pbcoreTitle titleType="Series">America's Driving Passion</pbcoreTitle><pbcoreDescription descriptionType="Series Description">Series was produced for TBS - was not aired on PBS.
Series release date: 1995</pbcoreDescription><pbcoreDescription descriptionType="Asset Description">Hour 3  with titles (clone line 21 blanked)</pbcoreDescription><pbcoreCreator>
      <creator>Drain, Margaret</creator><creatorRole>Series Producer</creatorRole></pbcoreCreator><pbcoreAnnotation annotationType="Media Type">Video</pbcoreAnnotation></pbcoreDescriptionDocument>