<?xml version="1.0" encoding="UTF-8"?><pbcoreDescriptionDocument xmlns="http://www.pbcore.org/PBCore/PBCoreNamespace.html" annotation="V_A01253DF594E475885E399E8A7F7FF37">
    <pbcoreAssetType>Broadcast program</pbcoreAssetType><pbcoreIdentifier source="Open Vault UID">V_A01253DF594E475885E399E8A7F7FF37</pbcoreIdentifier><pbcoreTitle titleType="Program">South Boston High School</pbcoreTitle><pbcoreDescription descriptionType="Asset Description">Original date 12/28/84.  Dubbed from A1-05211.</pbcoreDescription><pbcoreAnnotation annotationType="Duration">00:61:00:00</pbcoreAnnotation><pbcoreAnnotation annotationType="Media Type">Video</pbcoreAnnotation></pbcoreDescriptionDocument>