<?xml version="1.0" encoding="UTF-8"?><pbcoreDescriptionDocument xmlns="http://www.pbcore.org/PBCore/PBCoreNamespace.html" annotation="V_1553931AB7C847A7B6C1DF5237F96FD3">
    <pbcoreAssetType>Broadcast program</pbcoreAssetType><pbcoreAssetDate dateType="Item Date">12/07/1975</pbcoreAssetDate><pbcoreIdentifier source="Open Vault UID">V_1553931AB7C847A7B6C1DF5237F96FD3</pbcoreIdentifier><pbcoreTitle titleType="Series">Masterpiece Theatre</pbcoreTitle><pbcoreTitle titleType="Program">Notorious Woman: Prelude</pbcoreTitle><pbcoreTitle titleType="Program Number">105</pbcoreTitle><pbcoreDescription descriptionType="Series Description">Program premiered in 1971 with The First Churchills.  Hosted by Alastair Cooke.  Intended as a showcase for the best of British television drama.  Spawned MYSTERY! in 1980.  Current executive producer Rebecca Eaton.  All promotion of program done by Frank Goodman &amp; Associates (see below).  Synopsis, cast information and producers listed by individual title.
Series release date: 1971</pbcoreDescription><pbcoreDescription descriptionType="Program Description">Series Description: The story of George Sand, the notorious novelist who sparked controversy as a cigar-smoking, trouser-clad woman who took a succession of lovers insisting that "My body is mine to give and I shall give it to whom I wish." Aurore Dupin, a young French girl just out of convent school, grows up to become the most scandalous woman of nineteenth century Paris.  Her Bohemian life-style, affairs with artists, dress of men's clothing and writing activities all combined to make her an outrageous character for her time.  Story follows her career, including her relationships with composers Liszt and Chopin.</pbcoreDescription><pbcoreGenre source="Series Genre">Drama</pbcoreGenre><pbcoreAnnotation annotationType="Media Type">Video</pbcoreAnnotation></pbcoreDescriptionDocument>