<?xml version="1.0" encoding="UTF-8"?><pbcoreDescriptionDocument xmlns="http://www.pbcore.org/PBCore/PBCoreNamespace.html" annotation="V_AB8D998B63B84B0B8D2317A68477535E">
    <pbcoreAssetType>Broadcast program</pbcoreAssetType><pbcoreIdentifier source="Open Vault UID">V_AB8D998B63B84B0B8D2317A68477535E</pbcoreIdentifier><pbcoreTitle titleType="Program">Christmas At Pops, A (1976)</pbcoreTitle><pbcoreTitle titleType="Series">Evening at Pops</pbcoreTitle><pbcoreDescription descriptionType="Asset Description">CHRISTMAS AT POPS 1976  DUB FROM ORIG. 2" MASTER #04323
Approximate date: 1976</pbcoreDescription><pbcoreDescription descriptionType="Series Description">Taped shows of the Boston Pops.   First telecast on WGBH in June 1957; Arthur Fiedler conducting at MIT Kresge Auditorium.  Premiered nationally July 5, 1970, performances at Symphony Hall. 
Series release date: 1970</pbcoreDescription><pbcoreGenre source="Series Topic">Music</pbcoreGenre><pbcoreGenre source="Series Genre">Performance for a Live Audience</pbcoreGenre><pbcoreCreator>
      <creator>Dangel, Susan</creator><creatorRole>Series Producer</creatorRole></pbcoreCreator><pbcoreAnnotation annotationType="Duration">00:60:00:00</pbcoreAnnotation><pbcoreAnnotation annotationType="Media Type">Video</pbcoreAnnotation></pbcoreDescriptionDocument>