<?xml version="1.0" encoding="UTF-8"?><pbcoreDescriptionDocument xmlns="http://www.pbcore.org/PBCore/PBCoreNamespace.html" annotation="V_6E0A4A13105D4E37BEF4CCB48E76915D">
    <pbcoreAssetType>Broadcast program</pbcoreAssetType><pbcoreAssetDate dateType="Item Date">10/01/1967</pbcoreAssetDate><pbcoreIdentifier source="Open Vault UID">V_6E0A4A13105D4E37BEF4CCB48E76915D</pbcoreIdentifier><pbcoreTitle titleType="Program">Evening's Journey to Conway, Massachusetts, An</pbcoreTitle><pbcoreTitle titleType="Series">NET Playhouse</pbcoreTitle><pbcoreDescription descriptionType="Program Description">Dramatic production of the Archibald MacLeish play “An Evening’s Journey To Conway, Massachusetts,” written to commemorate the bicentennial of MacLeish’s hometown.  Program opens with B/W footage of MacLeish in and around Conway discussing the town and setting the stage for the play that follows (play is in color).  Play stars John Beal; Royal Beal; Paul Benedict; Gary Burghoff; Charlotte Glenn; Howard Lemay; George Mathews; John McQuade; Lou Polan; Harriet Rogers; Edgar Stehli.  1967.</pbcoreDescription><pbcoreDescription descriptionType="Series Description">Series release date: C. 1965</pbcoreDescription><pbcoreDescription descriptionType="Asset Description">Original record date: 10/1/1967.  Produced by Greg Harney, directed by John Desmond.  There are (2) takes of an in-studio introduction to the play by Archibald MacLeish before the program begins with the NET Playhouse opening.  Discounting the (2) opens by MacLeish; program from NET open, to NET Close, runs app: 50:00.</pbcoreDescription><pbcoreAnnotation annotationType="Media Type">Video</pbcoreAnnotation><pbcoreAnnotation annotationType="Duration">00:50:00:00</pbcoreAnnotation></pbcoreDescriptionDocument>