<?xml version="1.0" encoding="UTF-8"?><pbcoreDescriptionDocument xmlns="http://www.pbcore.org/PBCore/PBCoreNamespace.html" annotation="V_BBE5180E7FFA4C61BA777E1E6A58F640">
    <pbcoreAssetType>Broadcast program</pbcoreAssetType><pbcoreAssetDate dateType="Item Date">04/24/1971</pbcoreAssetDate><pbcoreIdentifier source="Open Vault UID">V_BBE5180E7FFA4C61BA777E1E6A58F640</pbcoreIdentifier><pbcoreTitle titleType="Program">Let's Celebrate By Elma Lewis</pbcoreTitle><pbcoreDescription descriptionType="Program Description">Elma Lewis hosts this program celebrating the US Army’s Ninth and Tenth Calvary Units which were historically comprised solely of black men.  Segments in the show include an interview and childhood recollections of Margaret (Mimi) Morgan whose father was a calvaryman stationed at West Point.  Show also has discussion with J. Marcus Mitchell, Curator of the Museum of Afro-American History in Boston and Edmund Barry Gaither, Curator of the Museum   of the National Center for Afro-American Artists, Boston.  Curators and Lewis discuss a sculpture of a calvaryman created by Lloyd A. Lillie.  Program also has two dance sequences, choreographed by Billy Wilson, that honor the Ninth and Tenth Calvary.  1971.</pbcoreDescription><pbcoreDescription descriptionType="Asset Description">Original record date:  4/24/1971.  Directed by Russ Morash</pbcoreDescription><pbcoreGenre source="Series Topic">Dance</pbcoreGenre><pbcoreGenre source="Series Genre">Magazine</pbcoreGenre><pbcoreGenre source="Series Genre">Performance in a Studio</pbcoreGenre><pbcoreGenre source="Series Topic">Performing Arts</pbcoreGenre><pbcoreGenre source="Series Topic">History</pbcoreGenre><pbcoreGenre source="Series Topic">Race and Ethnicity</pbcoreGenre><pbcoreAnnotation annotationType="Media Type">Video</pbcoreAnnotation><pbcoreAnnotation annotationType="Duration">00:28:15:00</pbcoreAnnotation></pbcoreDescriptionDocument>