<?xml version="1.0" encoding="UTF-8"?><pbcoreDescriptionDocument xmlns="http://www.pbcore.org/PBCore/PBCoreNamespace.html" annotation="V_AF50AD16145D437C95A30D6029CAD87E">
    <pbcoreAssetType>Broadcast program</pbcoreAssetType><pbcoreAssetDate dateType="Item Date">11/05/1971</pbcoreAssetDate><pbcoreIdentifier source="Open Vault UID">V_AF50AD16145D437C95A30D6029CAD87E</pbcoreIdentifier><pbcoreTitle titleType="Series">Making Things Work</pbcoreTitle><pbcoreTitle titleType="Program Number">205</pbcoreTitle><pbcoreTitle titleType="Program">Stainless Steel, Chrome and Aluminum</pbcoreTitle><pbcoreDescription descriptionType="Program Description">thalasa discusses stainless steel, cautioning against “bargins” and suggesting not so obvious remedies for grubby stainless such as tooth paste and club soda. Thalassa suggests cleaning chrome with kerosene and water and for the truly rusted and pitted pieces she revives the original finish with wet crumpled aluminum foil. Thalassa winds up by cleaning carbon steel blades with 19th century method of a smooth pebble.</pbcoreDescription><pbcoreDescription descriptionType="Series Description">WGBH program (C. 1971) hosted by Thalassa Cruso on fix-it projects around the house - how to mend household items, remove stains.
Series release date: 1971</pbcoreDescription><pbcoreGenre source="Series Genre">Instructional</pbcoreGenre><pbcoreGenre source="Series Topic">Home Improvement</pbcoreGenre><pbcoreAnnotation annotationType="Media Type">Video</pbcoreAnnotation><pbcoreAnnotation annotationType="Duration">00:14:25:00</pbcoreAnnotation></pbcoreDescriptionDocument>