<?xml version="1.0" encoding="UTF-8"?><pbcoreDescriptionDocument xmlns="http://www.pbcore.org/PBCore/PBCoreNamespace.html" annotation="V_FD65A78E38414583AD22684E8E5EE4FE">
    <pbcoreAssetType>Broadcast program</pbcoreAssetType><pbcoreAssetDate dateType="Item Date">08/27/1994</pbcoreAssetDate><pbcoreIdentifier source="Open Vault UID">V_FD65A78E38414583AD22684E8E5EE4FE</pbcoreIdentifier><pbcoreTitle titleType="Series">Think Twice</pbcoreTitle><pbcoreTitle titleType="Program Number">119</pbcoreTitle><pbcoreDescription descriptionType="Series Description">This quiz show is designed to test contestant's knowledge, imagination and intuition on a variety of subjects--from popular culture, current affairs and history to science, technology and the arts.  The program is taped before a live audience at WGBH's Allston studios and consists of three game rounds - "Information," "Imagination" and "Intuition" rounds - and a bonus round.  Hosted by Monteria Ivey.
Series release date: 1994</pbcoreDescription><pbcoreGenre source="Series Genre">Game Show</pbcoreGenre><pbcoreAnnotation annotationType="Media Type">Video</pbcoreAnnotation></pbcoreDescriptionDocument>