<?xml version="1.0" encoding="UTF-8"?><pbcoreDescriptionDocument xmlns="http://www.pbcore.org/PBCore/PBCoreNamespace.html" annotation="V_9AF740C95D80423AB3A5B3E557C21152">
    <pbcoreAssetType>Broadcast program</pbcoreAssetType><pbcoreAssetDate dateType="Item Date">10/14/1970</pbcoreAssetDate><pbcoreIdentifier source="Open Vault UID">V_9AF740C95D80423AB3A5B3E557C21152</pbcoreIdentifier><pbcoreTitle titleType="Series">Boston Symphony Chamber Players</pbcoreTitle><pbcoreTitle titleType="Program">Double Reed, The</pbcoreTitle><pbcoreDescription descriptionType="Program Description">With Ralph Gomberg, Oboe and Sherman Walt, Bassoon, both principals of the Boston Symphony Orchestra, guest pianist Gilbert Kalish.  This joint production of the Council for Massachusetts Humanities, Inc. and WGBH won the CPB award for excellence in local public television programming for 1971.</pbcoreDescription><pbcoreDescription descriptionType="Series Description">Series release date: 1971</pbcoreDescription><pbcoreGenre source="Series Topic">Music</pbcoreGenre><pbcoreAnnotation annotationType="Media Type">Video</pbcoreAnnotation><pbcoreAnnotation annotationType="Duration">00:30:00:00</pbcoreAnnotation></pbcoreDescriptionDocument>