<?xml version="1.0" encoding="UTF-8"?><pbcoreDescriptionDocument xmlns="http://www.pbcore.org/PBCore/PBCoreNamespace.html" annotation="V_59E27899406D42E586C97894F7041D99">
    <pbcoreAssetType>Broadcast program</pbcoreAssetType><pbcoreAssetDate dateType="Item Date">03/29/1996</pbcoreAssetDate><pbcoreIdentifier source="Open Vault UID">V_59E27899406D42E586C97894F7041D99</pbcoreIdentifier><pbcoreTitle titleType="Series">Breakthrough: The Changing Face Of Science In America</pbcoreTitle><pbcoreTitle titleType="Program">With Nerve and Muscle</pbcoreTitle><pbcoreTitle titleType="Program Number">103</pbcoreTitle><pbcoreDescription descriptionType="Program Description">The cell is the basic building block of life -- and sometimes the cauldron of death.  Although some of its deepest secrets remain out of reach, scientists are now decoding many of the communications systems that regulate the life of a cell. The process is fascinating pure research; the result is often an advance in the war against disease.  Featured scientists:  Wilfred Denetclaw, Jr., Ph.D., post doctoral fellow, Department of Anatomy and Cardiovascular Research Institute, University of California, San Francisco; Gladys Escalona de Motta, Ph.D., professor and dean, College of Natural Sciences, University of Puerto Rico; George Langford, Ph.D., E.E. Just Professor, Department of Biological Sciences, Dartmouth College.  •Episode producer:  Trudi Brown
</pbcoreDescription><pbcoreDescription descriptionType="Asset Description">Blackside / WGBH master.</pbcoreDescription><pbcoreDescription descriptionType="Series Description">Series release date: 1996</pbcoreDescription><pbcoreGenre source="Series Topic">Science</pbcoreGenre><pbcoreAnnotation annotationType="Duration">00:56:46:00</pbcoreAnnotation><pbcoreAnnotation annotationType="Media Type">Video</pbcoreAnnotation></pbcoreDescriptionDocument>