<?xml version="1.0" encoding="UTF-8"?><pbcoreDescriptionDocument xmlns="http://www.pbcore.org/PBCore/PBCoreNamespace.html" annotation="V_B9908E8B28B24A67BB69500B5405455F">
    <pbcoreAssetType>Broadcast program</pbcoreAssetType><pbcoreAssetDate dateType="Item Date">12/21/1974</pbcoreAssetDate><pbcoreIdentifier source="Open Vault UID">V_B9908E8B28B24A67BB69500B5405455F</pbcoreIdentifier><pbcoreTitle titleType="Program">To Be Irish In Boston</pbcoreTitle><pbcoreDescription descriptionType="Asset Description">Original date 12/21/74.  Dubbed from A2-02869.</pbcoreDescription><pbcoreGenre source="Series Topic">Local Communities</pbcoreGenre><pbcoreAnnotation annotationType="Media Type">Video</pbcoreAnnotation><pbcoreAnnotation annotationType="Duration">00:28:40:00</pbcoreAnnotation></pbcoreDescriptionDocument>