<?xml version="1.0" encoding="UTF-8"?><pbcoreDescriptionDocument xmlns="http://www.pbcore.org/PBCore/PBCoreNamespace.html" annotation="V_BDE944DC9149423BAD3E9D462EF048FD">
    <pbcoreAssetType>Broadcast program</pbcoreAssetType><pbcoreIdentifier source="Open Vault UID">V_BDE944DC9149423BAD3E9D462EF048FD</pbcoreIdentifier><pbcoreTitle titleType="Series">What's Happening Mr. Silver</pbcoreTitle><pbcoreTitle titleType="Program Number">104</pbcoreTitle><pbcoreTitle titleType="Program">Love Revolution, The</pbcoreTitle><pbcoreDescription descriptionType="Series Description">This series experiments with new form and new ways of handling its subject matter by incorporating a youthful style and sense of concern.
Series release date: 1967</pbcoreDescription><pbcoreDescription descriptionType="Program Description">computer dating, a “Love-In,” talks with hippies and comments by Dr. Kenneth Keniston of Yale. Includes studio discussion with participants including Abbie Hoffman.</pbcoreDescription><pbcoreDescription descriptionType="Asset Description">ABBIE HOFFMAN APPEARS IN STUDIO / RE-DUBBED WITH COLORBURST</pbcoreDescription><pbcoreCreator>
      <creator>Barzyk, Fred</creator><creatorRole>Series Producer</creatorRole></pbcoreCreator><pbcoreAnnotation annotationType="Duration">00:59:00:00</pbcoreAnnotation><pbcoreAnnotation annotationType="Media Type">Video</pbcoreAnnotation></pbcoreDescriptionDocument>