<?xml version="1.0" encoding="UTF-8"?><pbcoreDescriptionDocument xmlns="http://www.pbcore.org/PBCore/PBCoreNamespace.html" annotation="V_78AAAEA9A9714A029B2E09D98BF484A5">
    <pbcoreAssetType>Broadcast program</pbcoreAssetType><pbcoreAssetDate dateType="Item Date">03/02/1973</pbcoreAssetDate><pbcoreIdentifier source="Open Vault UID">V_78AAAEA9A9714A029B2E09D98BF484A5</pbcoreIdentifier><pbcoreTitle titleType="Program">Family Album (1973)</pbcoreTitle><pbcoreDescription descriptionType="Asset Description">Dubbed from A2-02175.  Original date 3/2/73.</pbcoreDescription><pbcoreAnnotation annotationType="Duration">00:58:49:00</pbcoreAnnotation><pbcoreAnnotation annotationType="Media Type">Video</pbcoreAnnotation></pbcoreDescriptionDocument>