<?xml version="1.0" encoding="UTF-8"?><pbcoreDescriptionDocument xmlns="http://www.pbcore.org/PBCore/PBCoreNamespace.html" annotation="V_9D7B9E1F6ECC4C5AB1EA40FCF3121A46">
    <pbcoreAssetType>Broadcast program</pbcoreAssetType><pbcoreAssetDate dateType="Item Date">07/07/1996</pbcoreAssetDate><pbcoreIdentifier source="Open Vault UID">V_9D7B9E1F6ECC4C5AB1EA40FCF3121A46</pbcoreIdentifier><pbcoreTitle titleType="Series">Say Brother</pbcoreTitle><pbcoreTitle titleType="Program">Montgomery to Memphis</pbcoreTitle><pbcoreTitle titleType="Program Number">312</pbcoreTitle><pbcoreSubject>Television broadcasting of films</pbcoreSubject><pbcoreSubject>King: A Filmed Record, Montgomery to Memphis (Motion picture)</pbcoreSubject><pbcoreSubject>King, Martin Luther, Jr., 1929-1968</pbcoreSubject><pbcoreSubject>Civil rights movement </pbcoreSubject><pbcoreSubject>Civil rights--United States</pbcoreSubject><pbcoreSubject>Segregation</pbcoreSubject><pbcoreSubject>African Americans--Civil rights</pbcoreSubject><pbcoreSubject>Civil rights</pbcoreSubject><pbcoreDescription descriptionType="Program Description">A Say Brother Special Film Presentation, program 312 is a public television airing of Ely Landau’s 1970 documentary film "Montgomery to Memphis."  The film, which is about Martin Luther King, Jr. and the Civil Rights movement, was originally issued by the Martin Luther King, Jr. Foundation and produced by Ely Landau with Richard Kaplan.  It consists of archival newsreel and television footage assembled in chronological order.  The film was nominated for an Oscar in 1970 for Best Documentary Film. In black and white.</pbcoreDescription><pbcoreDescription descriptionType="Series Description">Say Brother is WGBH's longest running public affairs television program by, for and about African Americans, and is now known as Basic Black. Since its inception in 1968, Say Brother has featured the voices of both locally and nationally known African American artists, athletes, performers, politicians, professionals, and writers including: Muhammad Ali, Maya Angelou, Thomas Atkins, Amiri Baraka, Doris Bunte, Julian Bond, Stokely Carmichael, Louis Farrakhan, Nikki Giovanni, Odetta Gordon, Henry Hampton, Benjamin Hooks, Jesse Jackson, Hubie Jones, Mel King, Eartha Kitt, Elma Lewis, Haki Madhubuti, Wallace D. Muhammad, Charles Ogletree, Babatunde Olatunji, Byron Rushing, Owusu Sadaukai, and Sonia Sanchez.
Series release date: 7/15/1968</pbcoreDescription><pbcoreDescription descriptionType="Asset Description">Dubbed from A2-03292. Original date 1/2/73.</pbcoreDescription><pbcoreGenre source="Series Topic">Race and Ethnicity</pbcoreGenre><pbcoreGenre source="Series Genre">Magazine</pbcoreGenre><pbcoreCreator>
      <creator>Eli Landau</creator><creatorRole>Producer</creatorRole></pbcoreCreator><pbcoreCreator>
      <creator>Carew, Topper</creator><creatorRole>Producer</creatorRole></pbcoreCreator><pbcoreAnnotation annotationType="Media Type">Video</pbcoreAnnotation><pbcoreAnnotation annotationType="Duration">01:28:07:00</pbcoreAnnotation><pbcoreAnnotation annotationType="Special Collection Tag">sb_record</pbcoreAnnotation><pbcoreAnnotation annotationType="Special Collection">say_brother</pbcoreAnnotation></pbcoreDescriptionDocument>