<?xml version="1.0" encoding="UTF-8"?><pbcoreDescriptionDocument xmlns="http://www.pbcore.org/PBCore/PBCoreNamespace.html" annotation="V_68C82FE07D7F4DA79F4013141C739160">
    <pbcoreAssetType>Broadcast program</pbcoreAssetType><pbcoreAssetDate dateType="Item Date">12/14/1980</pbcoreAssetDate><pbcoreIdentifier source="Open Vault UID">V_68C82FE07D7F4DA79F4013141C739160</pbcoreIdentifier><pbcoreTitle titleType="Program">UNDERCOUNT EFFECT; WHAT COUNTS</pbcoreTitle><pbcoreDescription descriptionType="Asset Description">Program master</pbcoreDescription><pbcoreAnnotation annotationType="Duration">00:27:22:00</pbcoreAnnotation><pbcoreAnnotation annotationType="Media Type">Video</pbcoreAnnotation></pbcoreDescriptionDocument>