<?xml version="1.0" encoding="UTF-8"?><pbcoreDescriptionDocument xmlns="http://www.pbcore.org/PBCore/PBCoreNamespace.html" annotation="V_5DA192C9AB754AECB7A30E4B9CA0E5B9">
    <pbcoreAssetType>Broadcast program</pbcoreAssetType><pbcoreIdentifier source="Open Vault UID">V_5DA192C9AB754AECB7A30E4B9CA0E5B9</pbcoreIdentifier><pbcoreTitle titleType="Program">Debate #3 in the McGovern - Nixon 1972 Presidential Election: Do you support the President’s policy in Indochina?</pbcoreTitle><pbcoreTitle titleType="Program Number">303</pbcoreTitle><pbcoreTitle titleType="Series">Advocates</pbcoreTitle><pbcoreDescription descriptionType="Program Description">Moderator:  Michael Dukakis
Advocate:  Alan Dershowitz
Advocate:  John Marshall
Ramsey Clark – Former United States Attorney General
Rep. Michael Harrington – Dem., Massachusetts 
Dr. John McLaughlin – Special Assistant to the President
Milton Sacks – Professor of Politics, Brandeis
Produced by WGBH at Faneuil Hall, bears WGBH copyright</pbcoreDescription><pbcoreDescription descriptionType="Series Description">A SERIES OF DEBATES with a moderator facilitating the discussion of national and international issues - using advocates who would introduce witnesses to support their point of view.  Debates recorded at Boston's Faneuil Hall.  Moderators included: Michael Dukakis;  Marilyn Berger; Michael Harrington, Robert Maynard.  (Premiered October, 1969; conceived by Prof. Roger Fisher.)  Other participants included Barney Frank, Avi Nelson, Antonin Scalia, S.I. Hayakawa, Paul Simon, Albert Shankar, Richard Bolling, Pete McCloskey, Chester Crocker, John Anderson, Elmo Zumwalt, George Ball, John Kenneth Galbraith, William Colby, Eleanor Smeal, Phyllis Schlafly, Sam Ervin, Laurence Tribe, Daniel Schorr, Orrin Hatch, Morris Udall, Edward Kennedy, George McGovern, Jake Garn, Paul Tsongas, Alan Dershowitz.
Series release date: 1969</pbcoreDescription><pbcoreDescription descriptionType="Asset Description">Debate #3 in the 1972 McGovern-Nixon presidential election.  Do you support the President’s policy in Indochina?
Moderator:  Michael Dukakis
Advocate:  Alan Dershowitz
Advocate:  John Marshall
Ramsey Clark – Former United States Attorney General
Rep. Michael Harrington – Dem., Massachusetts 
Dr. John McLaughlin – Special Assistant to the President
Milton Sacks – Professor of Politics, Brandeis
Produced by WGBH at Faneuil Hall, bears WGBH copyright</pbcoreDescription><pbcoreGenre source="Series Topic">Public Affairs</pbcoreGenre><pbcoreGenre source="Series Topic">Social Issues</pbcoreGenre><pbcoreGenre source="Series Genre">Debate</pbcoreGenre><pbcoreAnnotation annotationType="Media Type">Video</pbcoreAnnotation></pbcoreDescriptionDocument>