<?xml version="1.0" encoding="UTF-8"?><pbcoreDescriptionDocument xmlns="http://www.pbcore.org/PBCore/PBCoreNamespace.html" annotation="V_3D29164DE343433DA72EB97AAEED79A0">
    <pbcoreAssetType>Broadcast program</pbcoreAssetType><pbcoreAssetDate dateType="Item Date">02/14/1968</pbcoreAssetDate><pbcoreIdentifier source="Open Vault UID">V_3D29164DE343433DA72EB97AAEED79A0</pbcoreIdentifier><pbcoreTitle titleType="Series">What's Happening Mr. Silver</pbcoreTitle><pbcoreTitle titleType="Program">David Silver's Party</pbcoreTitle><pbcoreTitle titleType="Program Number">118</pbcoreTitle><pbcoreDescription descriptionType="Series Description">This series experiments with new form and new ways of handling its subject matter by incorporating a youthful style and sense of concern.
Series release date: 1967</pbcoreDescription><pbcoreDescription descriptionType="Asset Description">Edward Rowe Snow; Michael Haynes; Joseph Oteri; Bud Collins and Diane White ; The Proposition (Fred Grandy, Kenneth Tigar, 2 unidentified women); Stan Lathan; rock band "Hello People"); Uncle T.</pbcoreDescription><pbcoreDescription descriptionType="Program Description">Series Description:  This series experiments with new form and new ways of handling its subject matter by incorporating a youthful style and sense of concern.

Edward Rowe Snow; Michael Haynes; Joseph Oteri; Bud Collins and Diane White ; The Proposition (Fred Grandy, Kenneth Tigar, 2 unidentified women); Stan Lathan; rock band "Hello People"; Uncle T.</pbcoreDescription><pbcoreCreator>
      <creator>Barzyk, Fred</creator><creatorRole>Series Producer</creatorRole></pbcoreCreator><pbcoreAnnotation annotationType="Media Type">Video</pbcoreAnnotation><pbcoreAnnotation annotationType="Duration">00:35:22:00</pbcoreAnnotation></pbcoreDescriptionDocument>