<?xml version="1.0" encoding="UTF-8"?><pbcoreDescriptionDocument xmlns="http://www.pbcore.org/PBCore/PBCoreNamespace.html" annotation="V_C419C0AA8E0E4979982B7698C6E8F4E4">
    <pbcoreAssetType>Broadcast program</pbcoreAssetType><pbcoreAssetDate dateType="Item Date">06/12/1972</pbcoreAssetDate><pbcoreIdentifier source="Open Vault UID">V_C419C0AA8E0E4979982B7698C6E8F4E4</pbcoreIdentifier><pbcoreTitle titleType="Series">Faces of War</pbcoreTitle><pbcoreDescription descriptionType="Asset Description">Dubbed 7/28/96 from A2-00821.  Original date 6/12/72.  Part 2</pbcoreDescription><pbcoreDescription descriptionType="Series Description">Program features first person narratives from military personnel who had served in Vietnam during the war, over montage of still images of the region and its peoples.  Focus of recollections is on the Vietnamese people and their country, rather than recollections of combat.
Series release date: 1972</pbcoreDescription><pbcoreGenre source="Series Genre">Documentary</pbcoreGenre><pbcoreGenre source="Series Topic">War and Conflict</pbcoreGenre><pbcoreAnnotation annotationType="Media Type">Video</pbcoreAnnotation><pbcoreAnnotation annotationType="Duration">00:26:01:00</pbcoreAnnotation></pbcoreDescriptionDocument>