<?xml version="1.0" encoding="UTF-8"?><pbcoreDescriptionDocument xmlns="http://www.pbcore.org/PBCore/PBCoreNamespace.html" annotation="V_2356200A9BD142ED87CA45A0094F8D93">
    <pbcoreAssetType>Broadcast program</pbcoreAssetType><pbcoreAssetDate dateType="Item Date">07/30/1962</pbcoreAssetDate><pbcoreIdentifier source="Open Vault UID">V_2356200A9BD142ED87CA45A0094F8D93</pbcoreIdentifier><pbcoreTitle titleType="Program">Jean Shepherd: An American Humorist Looks At America</pbcoreTitle><pbcoreDescription descriptionType="Asset Description">From Fred Barzyk Collection.</pbcoreDescription><pbcoreDescription descriptionType="Program Description">Shot on location on the shores of the Charles River, Boston, Jean Shepherd muses on all things American.  1962.</pbcoreDescription><pbcoreGenre source="Series Topic">Humor</pbcoreGenre><pbcoreAnnotation annotationType="Duration">00:29:06:00</pbcoreAnnotation><pbcoreAnnotation annotationType="Media Type">Video</pbcoreAnnotation></pbcoreDescriptionDocument>