<?xml version="1.0" encoding="UTF-8"?><pbcoreDescriptionDocument xmlns="http://www.pbcore.org/PBCore/PBCoreNamespace.html" annotation="V_D91015038A3C479F9ACC4E8666C46865">
    <pbcoreAssetType>Broadcast program</pbcoreAssetType><pbcoreAssetDate dateType="Item Date">12/08/1972</pbcoreAssetDate><pbcoreIdentifier source="Open Vault UID">V_D91015038A3C479F9ACC4E8666C46865</pbcoreIdentifier><pbcoreTitle titleType="Program Number">124</pbcoreTitle><pbcoreTitle titleType="Program">Ghiges Me Arni</pbcoreTitle><pbcoreTitle titleType="Series">Theonie On Greek Island Cooking</pbcoreTitle><pbcoreDescription descriptionType="Program Description">White dry beans cooked with lamb.

Series Description: How-to program on Greek cooking  hosted by Theonie Mark.  Produced by Margaret MacLeod, Directed by Russ Fortier, 1972.</pbcoreDescription><pbcoreDescription descriptionType="Series Description">How-to program on Greek cooking  hosted by Theonie Mark.  Produced by Margaret MacLeod, Directed by Russ Fortier.   
Series release date: 1972</pbcoreDescription><pbcoreGenre source="Series Topic">Cooking</pbcoreGenre><pbcoreGenre source="Series Genre">Instructional</pbcoreGenre><pbcoreCreator>
      <creator>MacLeod, Margaret I.</creator><creatorRole>Producer</creatorRole></pbcoreCreator><pbcoreAnnotation annotationType="Duration">00:20:00:00</pbcoreAnnotation><pbcoreAnnotation annotationType="Media Type">Video</pbcoreAnnotation></pbcoreDescriptionDocument>