<?xml version="1.0" encoding="UTF-8"?><pbcoreDescriptionDocument xmlns="http://www.pbcore.org/PBCore/PBCoreNamespace.html" annotation="V_F76F61F17501467AA0A73BBE24A61AFB">
    <pbcoreAssetType>Broadcast program</pbcoreAssetType><pbcoreIdentifier source="Open Vault UID">V_F76F61F17501467AA0A73BBE24A61AFB</pbcoreIdentifier><pbcoreTitle titleType="Program Number">1</pbcoreTitle><pbcoreTitle titleType="Program">ORAL MEDICINE</pbcoreTitle><pbcoreTitle titleType="Series">New England Dental Report</pbcoreTitle><pbcoreDescription descriptionType="Series Description">These programs were designed for practicing dentists to upgrade information on recent professional developments. 
Series release date: 1968</pbcoreDescription><pbcoreDescription descriptionType="Program Description">These programs were designed for practicing dentists to upgrade information on recent professional developments.  Color, RT: 30:00.  Rights are held by the Tufts University Post Graduate Medical Institute.</pbcoreDescription><pbcoreGenre source="Series Topic">Medicine</pbcoreGenre><pbcoreAnnotation annotationType="Media Type">Video</pbcoreAnnotation><pbcoreAnnotation annotationType="Duration">00:28:55:00</pbcoreAnnotation></pbcoreDescriptionDocument>