<?xml version="1.0" encoding="UTF-8"?><pbcoreDescriptionDocument xmlns="http://www.pbcore.org/PBCore/PBCoreNamespace.html" annotation="V_0EFFF1E336194C6BAA6FF4DCF6734BA7">
    <pbcoreAssetType>Broadcast program</pbcoreAssetType><pbcoreAssetDate dateType="Item Date">12/19/1971</pbcoreAssetDate><pbcoreIdentifier source="Open Vault UID">V_0EFFF1E336194C6BAA6FF4DCF6734BA7</pbcoreIdentifier><pbcoreTitle titleType="Series">Issues In Education</pbcoreTitle><pbcoreDescription descriptionType="Series Description">AT&amp;T Production
Series release date: 1970</pbcoreDescription><pbcoreAnnotation annotationType="Media Type">Video</pbcoreAnnotation><pbcoreAnnotation annotationType="Duration">00:43:14:00</pbcoreAnnotation></pbcoreDescriptionDocument>