<?xml version="1.0" encoding="UTF-8"?><pbcoreDescriptionDocument xmlns="http://www.pbcore.org/PBCore/PBCoreNamespace.html" annotation="V_E910074B4CE1425987B56C130B8C40CC">
    <pbcoreAssetType>Broadcast program</pbcoreAssetType><pbcoreAssetDate dateType="Item Date">05/13/1994</pbcoreAssetDate><pbcoreIdentifier source="Open Vault UID">V_E910074B4CE1425987B56C130B8C40CC</pbcoreIdentifier><pbcoreTitle titleType="Series">Reality Check</pbcoreTitle><pbcoreDescription descriptionType="Series Description">Local programming production.
Series release date: 1996</pbcoreDescription><pbcoreAnnotation annotationType="Media Type">Video</pbcoreAnnotation><pbcoreAnnotation annotationType="Duration">00:26:33:00</pbcoreAnnotation></pbcoreDescriptionDocument>