<?xml version="1.0" encoding="UTF-8"?><pbcoreDescriptionDocument xmlns="http://www.pbcore.org/PBCore/PBCoreNamespace.html" annotation="V_28B3B297B1814709BAE5264F9DC11C19">
    <pbcoreAssetType>Broadcast program</pbcoreAssetType><pbcoreAssetDate dateType="Item Date">12/08/1968</pbcoreAssetDate><pbcoreIdentifier source="Open Vault UID">V_28B3B297B1814709BAE5264F9DC11C19</pbcoreIdentifier><pbcoreTitle titleType="Program">Incredible Ivy League Pot Case</pbcoreTitle><pbcoreDescription descriptionType="Asset Description">Mock trial at Yale</pbcoreDescription><pbcoreAnnotation annotationType="Duration">00:28:45:00</pbcoreAnnotation><pbcoreAnnotation annotationType="Media Type">Video</pbcoreAnnotation></pbcoreDescriptionDocument>