<?xml version="1.0" encoding="UTF-8"?><pbcoreDescriptionDocument xmlns="http://www.pbcore.org/PBCore/PBCoreNamespace.html" annotation="V_A22730DB36434C5D84F98978F43688CE">
    <pbcoreAssetType>Broadcast program</pbcoreAssetType><pbcoreAssetDate dateType="Item Date">12/18/1974</pbcoreAssetDate><pbcoreIdentifier source="Open Vault UID">V_A22730DB36434C5D84F98978F43688CE</pbcoreIdentifier><pbcoreTitle titleType="Program">Hub City Hotshots 101</pbcoreTitle><pbcoreTitle titleType="Series">Hub City Hotshots</pbcoreTitle><pbcoreTitle titleType="Program Number">101</pbcoreTitle><pbcoreDescription descriptionType="Asset Description">Original date: 12/18/1974.  Produced and directed by James Field.</pbcoreDescription><pbcoreDescription descriptionType="Series Description">Self professed “panel of experts”  (tongue-in-cheek) discuss local Boston arts, culture, media, and generally all things Boston.  Cast:  Jane Appleton; Jerry Gershman; Whitney Haley; Tony Kahn; Jackie Scott.  Pilot program consists of in-studio discussions, coupled with on location segments, such as a visit to Boston’s Haymarket.   
Series release date: 1974</pbcoreDescription><pbcoreGenre source="Series Genre">Talk Show</pbcoreGenre><pbcoreGenre source="Series Topic">Humor</pbcoreGenre><pbcoreCreator>
      <creator>Field, James</creator><creatorRole>Series Producer</creatorRole></pbcoreCreator><pbcoreAnnotation annotationType="Media Type">Video</pbcoreAnnotation><pbcoreAnnotation annotationType="Duration">00:29:37:00</pbcoreAnnotation></pbcoreDescriptionDocument>