<?xml version="1.0" encoding="UTF-8"?><pbcoreDescriptionDocument xmlns="http://www.pbcore.org/PBCore/PBCoreNamespace.html" annotation="V_6BDD5ADDE47F471DB117637A2CFA1C2B">
    <pbcoreAssetType>Broadcast program</pbcoreAssetType><pbcoreAssetDate dateType="Item Date">09/25/1973</pbcoreAssetDate><pbcoreIdentifier source="Open Vault UID">V_6BDD5ADDE47F471DB117637A2CFA1C2B</pbcoreIdentifier><pbcoreTitle titleType="Series">Elliot Norton Reviews</pbcoreTitle><pbcoreTitle titleType="Program">Happy Anniversary Elliot Norton</pbcoreTitle><pbcoreDescription descriptionType="Series Description">Boston theatre critic Elliot Norton interviews prominent actors, directors and producers on their craft.
(Aired from October, 1958 to 1982.  Winner of both Peabody and Tony Awards.)
Series release date: 1958</pbcoreDescription><pbcoreDescription descriptionType="Program Description">David Ives interviews Elliot Norton, celebrating Norton's 15th anniversary with WGBH.</pbcoreDescription><pbcoreDescription descriptionType="Asset Description">David Ives interviews Elliot Norton, celebrating Norton's 15th anniversary with WGBH
Preservation dub made from 2" master</pbcoreDescription><pbcoreGenre source="Series Topic">Performing Arts</pbcoreGenre><pbcoreGenre source="Series Genre">Talk Show</pbcoreGenre><pbcoreAnnotation annotationType="Media Type">Video</pbcoreAnnotation><pbcoreAnnotation annotationType="Duration">00:30:00:00</pbcoreAnnotation></pbcoreDescriptionDocument>