<?xml version="1.0" encoding="UTF-8"?><pbcoreDescriptionDocument xmlns="http://www.pbcore.org/PBCore/PBCoreNamespace.html" annotation="V_F19F3FD7C5444DA397C829DA1D282428">
    <pbcoreAssetType>Broadcast program</pbcoreAssetType><pbcoreAssetDate dateType="Item Date">02/28/1990</pbcoreAssetDate><pbcoreIdentifier source="Open Vault UID">V_F19F3FD7C5444DA397C829DA1D282428</pbcoreIdentifier><pbcoreTitle titleType="Program">Remembering Bing</pbcoreTitle><pbcoreDescription descriptionType="Program Description">Dorothy Lamour hosts this retrospective tribute to Bing Crosby,  which includes film and TV clips (with an emphasis on musicals and variety shows as well as the "Road" comedies with Bob Hope), rarely seen clips of the Rhythm Boys and of Crosby's film debut in 1929 plus news and private film footage, stills, and celebrity interviews.</pbcoreDescription><pbcoreDescription descriptionType="Asset Description">PLEDGE VERSION  - BROADCAST TAPE</pbcoreDescription><pbcoreGenre source="Series Genre">Special</pbcoreGenre><pbcoreGenre source="Series Topic">Biography</pbcoreGenre><pbcoreAnnotation annotationType="Duration">00:90:00:00</pbcoreAnnotation><pbcoreAnnotation annotationType="Media Type">Video</pbcoreAnnotation></pbcoreDescriptionDocument>