<?xml version="1.0" encoding="UTF-8"?><pbcoreDescriptionDocument xmlns="http://www.pbcore.org/PBCore/PBCoreNamespace.html" annotation="V_1C83C99B4BE64D90BB7F5CFD25CE4A27">
    <pbcoreAssetType>Broadcast program</pbcoreAssetType><pbcoreAssetDate dateType="Item Date">12/09/1971</pbcoreAssetDate><pbcoreIdentifier source="Open Vault UID">V_1C83C99B4BE64D90BB7F5CFD25CE4A27</pbcoreIdentifier><pbcoreTitle titleType="Series">Senior Citizens' Voice</pbcoreTitle><pbcoreTitle titleType="Program">White House Conference on Aging</pbcoreTitle><pbcoreDescription descriptionType="Program Description">Discussions between faculty and students from universities and colleges that are members of the Lowell Institute Cooperative Broadcasting Council  (LICBC).</pbcoreDescription><pbcoreDescription descriptionType="Asset Description">Dubbed from A2-00508.  Original date 12/9/71</pbcoreDescription><pbcoreDescription descriptionType="Series Description">Discussions between faculty and students from universities and colleges that are members of the Lowell Institute Cooperative Broadcasting Council  (LICBC).
Series release date: 1971</pbcoreDescription><pbcoreGenre source="Series Genre">Talk Show</pbcoreGenre><pbcoreAnnotation annotationType="Media Type">Video</pbcoreAnnotation><pbcoreAnnotation annotationType="Duration">00:28:57:00</pbcoreAnnotation></pbcoreDescriptionDocument>