<?xml version="1.0" encoding="UTF-8"?><pbcoreDescriptionDocument xmlns="http://www.pbcore.org/PBCore/PBCoreNamespace.html" annotation="V_DF0466022D844AEC96CCB4B90C412483">
    <pbcoreAssetType>Broadcast program</pbcoreAssetType><pbcoreAssetDate dateType="Item Date">12/04/1981</pbcoreAssetDate><pbcoreIdentifier source="Open Vault UID">V_DF0466022D844AEC96CCB4B90C412483</pbcoreIdentifier><pbcoreTitle titleType="Program Number">108</pbcoreTitle><pbcoreTitle titleType="Program">Creatures of Prometheus Overture; Symphony #8 in F</pbcoreTitle><pbcoreTitle titleType="Series">Bernstein and Beethoven</pbcoreTitle><pbcoreDescription descriptionType="Asset Description">Dub from PBS 2" tape.  Original date 12/4/81</pbcoreDescription><pbcoreDescription descriptionType="Series Description">Series release date: 1981</pbcoreDescription><pbcoreAnnotation annotationType="Media Type">Video</pbcoreAnnotation><pbcoreAnnotation annotationType="Duration">00:58:54:00</pbcoreAnnotation></pbcoreDescriptionDocument>