<?xml version="1.0" encoding="UTF-8"?><pbcoreDescriptionDocument xmlns="http://www.pbcore.org/PBCore/PBCoreNamespace.html" annotation="V_0B8CDA881BB44228BBA761FB11B2E945">
    <pbcoreAssetType>Broadcast program</pbcoreAssetType><pbcoreAssetDate dateType="Item Date">03/05/1993</pbcoreAssetDate><pbcoreIdentifier source="Open Vault UID">V_0B8CDA881BB44228BBA761FB11B2E945</pbcoreIdentifier><pbcoreTitle titleType="Program">New Television, Episode 201</pbcoreTitle><pbcoreTitle titleType="Series">New Television</pbcoreTitle><pbcoreTitle titleType="Program Number">201</pbcoreTitle><pbcoreSubject>Food</pbcoreSubject><pbcoreSubject>Writing</pbcoreSubject><pbcoreDescription descriptionType="Asset Description">M.F.K. Fisher: Writer with a Bite</pbcoreDescription><pbcoreDescription descriptionType="Series Description">"New Television" began as a local pilot production of WNET (New York) in 1986. In 1987, WGBH signed on as co-producer, and the shows were aired in Boston and New York. In 1988 and 1989, KCET (Los Angeles) and WETA (D.C.) became producers in association. In 1991, PBS picked up "New Television," and it was broadcast nationally. The following year, the Wexner Center for the Arts in Columbus, Ohio, replaced WNET, WETA, and KCET as co-producer with WGBH. In 1993, WGBH ceased to be a co-producer for the series, and the "home base" moved to Connecticut Public Television (CPTV) in Hartford, CT.

"New Television" commissioned, produced, and acquired programming. In its early years, "New Television" broadcast works commissioned by The Contemporary Art Television (CAT) Fund. Increasingly, experimental films as well as video works were broadcast as a part of this series. Many of the later episodes of "New Television" contain works that play with and deconstruct the documentary genre.
Series release date: 1986</pbcoreDescription><pbcoreDescription descriptionType="Program Description">Features “M. F. K. Fisher: Writer with a Bite” by Kathi Wheater.</pbcoreDescription><pbcoreGenre source="Series Topic">Film and Television</pbcoreGenre><pbcoreCreator>
      <creator>WNET</creator><creatorRole>Producer</creatorRole></pbcoreCreator><pbcoreContributor>
      <contributor>Wheater, Kathi</contributor></pbcoreContributor><pbcoreContributor>
      <contributor>Fisher, M. F. K. (Mary Frances Kennedy), 1908-1992</contributor></pbcoreContributor><pbcoreAnnotation annotationType="Special Collection Tag">ntw_record</pbcoreAnnotation><pbcoreAnnotation annotationType="Media Type">Video</pbcoreAnnotation><pbcoreAnnotation annotationType="Duration">00:26:46:00</pbcoreAnnotation><pbcoreAnnotation annotationType="Special Collection">new_television_workshop</pbcoreAnnotation></pbcoreDescriptionDocument>