<?xml version="1.0" encoding="UTF-8"?><pbcoreDescriptionDocument xmlns="http://www.pbcore.org/PBCore/PBCoreNamespace.html" annotation="V_65004CB45F464FCCB893587663101388">
    <pbcoreAssetType>Broadcast program</pbcoreAssetType><pbcoreAssetDate dateType="Item Date">09/09/1975</pbcoreAssetDate><pbcoreIdentifier source="Open Vault UID">V_65004CB45F464FCCB893587663101388</pbcoreIdentifier><pbcoreTitle titleType="Series">Evening Compass, The</pbcoreTitle><pbcoreDescription descriptionType="Asset Description">Dubbed from 3/4" original Ten O'Clock News tape 1396 
Digitized clip available on disk TOCN 1 and at http://main.wgbh.org/ton/</pbcoreDescription><pbcoreDescription descriptionType="Series Description">Premiered January 1974

The Evening Compass was a half-hour program airing Monday - Friday at 7 pm, repeated at 10:30. With co-anchormen Ed Baumeister and Louis Lyons, its purpose was to interpret news already reported elsewhere and to recognize, report and interpret news not reported elsewhere.  Compass Specials were occasional broadcasts at other times that usually covered actual events as opportunities and resources permitted. Evening Compass incorporated the staff of Louis Lyons/News and Comment and The Reporters. 

See Prime Time January and February 1974 for cover stories.
Series release date: 1/2/1974</pbcoreDescription><pbcoreGenre source="Series Topic">News</pbcoreGenre><pbcoreGenre source="Series Genre">News Report</pbcoreGenre><pbcoreCreator>
      <creator>Stuart, Charles</creator><creatorRole>Series Producer</creatorRole></pbcoreCreator><pbcoreAnnotation annotationType="Duration">00:60:00:00</pbcoreAnnotation><pbcoreAnnotation annotationType="Media Type">Video</pbcoreAnnotation></pbcoreDescriptionDocument>