<?xml version="1.0" encoding="UTF-8"?><pbcoreDescriptionDocument xmlns="http://www.pbcore.org/PBCore/PBCoreNamespace.html" annotation="V_3275C40D182E4CA8B16E8E7A6A677A61">
    <pbcoreAssetType>Broadcast program</pbcoreAssetType><pbcoreAssetDate dateType="Item Date">06/17/1996</pbcoreAssetDate><pbcoreIdentifier source="Open Vault UID">V_3275C40D182E4CA8B16E8E7A6A677A61</pbcoreIdentifier><pbcoreTitle titleType="Program">Irish Treasures</pbcoreTitle><pbcoreDescription descriptionType="Program Description">Alexander Sourby narrates this WGBH produced documentary on the Museum of Fine Arts exhibition, “Treasures of Early Irish Art.” The camera examines the ancient artifacts at close range, magnifying the finely crafted jewelry, gold ecclesiastical objects and brilliantly colored manuscript pages. The various works on display are noted not only for their artistic merit, but for their historical context in the story of the Irish nation.</pbcoreDescription><pbcoreGenre source="Series Topic">History</pbcoreGenre><pbcoreGenre source="Series Topic">Fine Arts</pbcoreGenre><pbcoreGenre source="Series Genre">Documentary</pbcoreGenre><pbcoreAnnotation annotationType="Media Type">Video</pbcoreAnnotation><pbcoreAnnotation annotationType="Duration">00:28:10:00</pbcoreAnnotation></pbcoreDescriptionDocument>