<?xml version="1.0" encoding="UTF-8"?><pbcoreDescriptionDocument xmlns="http://www.pbcore.org/PBCore/PBCoreNamespace.html" annotation="V_5A5CF69B3B274305975E5354F3FEF99D">
    <pbcoreAssetType>Broadcast program</pbcoreAssetType><pbcoreAssetDate dateType="Item Date">08/12/1997</pbcoreAssetDate><pbcoreIdentifier source="Open Vault UID">V_5A5CF69B3B274305975E5354F3FEF99D</pbcoreIdentifier><pbcoreTitle titleType="Series">Say Brother</pbcoreTitle><pbcoreTitle titleType="Program">Theatre and the Arts</pbcoreTitle><pbcoreTitle titleType="Program Number">408</pbcoreTitle><pbcoreSubject>Mayfield, Julian, 1928-</pbcoreSubject><pbcoreSubject>Glass, Arthur, Jr.</pbcoreSubject><pbcoreSubject>Batson Ford, Susan</pbcoreSubject><pbcoreSubject>African American arts</pbcoreSubject><pbcoreSubject>African Americans in the performing arts</pbcoreSubject><pbcoreSubject>Women's Educational and Industrial Union (Boston, Mass.)</pbcoreSubject><pbcoreSubject>Johnson, Fred (Halim Adbur Rashid)</pbcoreSubject><pbcoreSubject>Turner, Charles</pbcoreSubject><pbcoreSubject>African American theater</pbcoreSubject><pbcoreSubject>Charles Drew Family Life Center (Boston, Mass.)</pbcoreSubject><pbcoreSubject>Edwards, Allison</pbcoreSubject><pbcoreSubject>Mime</pbcoreSubject><pbcoreSubject>Fernandez, Peter</pbcoreSubject><pbcoreDescription descriptionType="Asset Description">Dubbed from A2-00830.  Original date 12/4/74.</pbcoreDescription><pbcoreDescription descriptionType="Program Description">Program features a discussion of the theater and the role of African Americans in the theater.  Host Barbara Barrow and guests Fred Johnson (mime), Charles Turner (actor/director), and Susan Batson Ford (actor) discuss working in the theater, the pros and cons of theater work, the importance of the audience in theater, the verbal and nonverbal communication of actors, performance vs. the technical aspects of the theater, African American mime artists, and the politics of the theater.  Additional segments include a performances by Fred Johnson, "Blast From the Past" (with a 1969 interview with actor Julian Mayfield), "Information" (with a description of homemaker services narrated by a member of the Women’s Educational and Industrial Union), "Access" (with a description of the services of the the Charles Drew Family Life Center), the "Community Calendar," and "Commentary" with Producer Marita Rivero.</pbcoreDescription><pbcoreDescription descriptionType="Series Description">Say Brother is WGBH's longest running public affairs television program by, for and about African Americans, and is now known as Basic Black. Since its inception in 1968, Say Brother has featured the voices of both locally and nationally known African American artists, athletes, performers, politicians, professionals, and writers including: Muhammad Ali, Maya Angelou, Thomas Atkins, Amiri Baraka, Doris Bunte, Julian Bond, Stokely Carmichael, Louis Farrakhan, Nikki Giovanni, Odetta Gordon, Henry Hampton, Benjamin Hooks, Jesse Jackson, Hubie Jones, Mel King, Eartha Kitt, Elma Lewis, Haki Madhubuti, Wallace D. Muhammad, Charles Ogletree, Babatunde Olatunji, Byron Rushing, Owusu Sadaukai, and Sonia Sanchez.
Series release date: 7/15/1968</pbcoreDescription><pbcoreGenre source="Series Genre">Magazine</pbcoreGenre><pbcoreGenre source="Series Topic">Race and Ethnicity</pbcoreGenre><pbcoreCreator>
      <creator>Marita Rivero</creator><creatorRole>Producer</creatorRole></pbcoreCreator><pbcoreCreator>
      <creator>White, Conrad</creator><creatorRole>Director</creatorRole></pbcoreCreator><pbcoreCreator>
      <creator>Barrow-Murray, Barbara</creator><creatorRole>Associate Producer</creatorRole></pbcoreCreator><pbcoreContributor>
      <contributor>Boston Art Ensemble</contributor><contributorRole>Theme Music</contributorRole></pbcoreContributor><pbcoreContributor>
      <contributor>Cogell, Lloyd</contributor><contributorRole>Still Photography</contributorRole></pbcoreContributor><pbcoreContributor>
      <contributor>Cross, June</contributor><contributorRole>Community Coordinator</contributorRole></pbcoreContributor><pbcoreContributor>
      <contributor>Farrier, Steven</contributor><contributorRole>Community Coordinator</contributorRole></pbcoreContributor><pbcoreContributor>
      <contributor>Barrow-Murray, Barbara</contributor><contributorRole>Host</contributorRole></pbcoreContributor><pbcoreContributor>
      <contributor>McGuire Nicholas, Sallie</contributor><contributorRole>Production Assistant</contributorRole></pbcoreContributor><pbcoreAnnotation annotationType="Special Collection Tag">sb_record</pbcoreAnnotation><pbcoreAnnotation annotationType="Special Collection">say_brother</pbcoreAnnotation><pbcoreAnnotation annotationType="Media Type">Video</pbcoreAnnotation><pbcoreAnnotation annotationType="Duration">00:60:00:00</pbcoreAnnotation></pbcoreDescriptionDocument>