<?xml version="1.0" encoding="UTF-8"?><pbcoreDescriptionDocument xmlns="http://www.pbcore.org/PBCore/PBCoreNamespace.html" annotation="V_1BBC4C652D1E492A8C8AF11987074584">
    <pbcoreAssetType>Broadcast program</pbcoreAssetType><pbcoreAssetDate dateType="Item Date">05/28/1975</pbcoreAssetDate><pbcoreIdentifier source="Open Vault UID">V_1BBC4C652D1E492A8C8AF11987074584</pbcoreIdentifier><pbcoreTitle titleType="Program">Charlestown: Three Centuries of Town Life</pbcoreTitle><pbcoreDescription descriptionType="Asset Description">Dubbed from A2-02702.  Original date 5/28/75</pbcoreDescription><pbcoreDescription descriptionType="Program Description">Documentary on the city of Charlestown, MA - made by residents</pbcoreDescription><pbcoreGenre source="Series Topic">Local Communities</pbcoreGenre><pbcoreGenre source="Series Topic">History</pbcoreGenre><pbcoreGenre source="Series Genre">Documentary</pbcoreGenre><pbcoreAnnotation annotationType="Duration">00:27:55:00</pbcoreAnnotation><pbcoreAnnotation annotationType="Media Type">Video</pbcoreAnnotation></pbcoreDescriptionDocument>