<?xml version="1.0" encoding="UTF-8"?><pbcoreDescriptionDocument xmlns="http://www.pbcore.org/PBCore/PBCoreNamespace.html" annotation="V_82E5EC77C1A84C54B70AC5E588B3699A">
    <pbcoreAssetType>Broadcast program</pbcoreAssetType><pbcoreAssetDate dateType="Item Date">04/04/1972</pbcoreAssetDate><pbcoreIdentifier source="Open Vault UID">V_82E5EC77C1A84C54B70AC5E588B3699A</pbcoreIdentifier><pbcoreTitle titleType="Program">1972 Election</pbcoreTitle><pbcoreDescription descriptionType="Asset Description">Wisconsin Primary:  MCGOVERN STATEMENT</pbcoreDescription><pbcoreGenre source="Series Topic">News</pbcoreGenre><pbcoreGenre source="Series Topic">Politics</pbcoreGenre><pbcoreAnnotation annotationType="Duration">00:20:00:00</pbcoreAnnotation><pbcoreAnnotation annotationType="Media Type">Video</pbcoreAnnotation></pbcoreDescriptionDocument>