<?xml version="1.0" encoding="UTF-8"?><pbcoreDescriptionDocument xmlns="http://www.pbcore.org/PBCore/PBCoreNamespace.html" annotation="V_9B3FB3D27BCE485C9FB30D84AA5C54BF">
    <pbcoreAssetType>Broadcast program</pbcoreAssetType><pbcoreAssetDate dateType="Item Date">12/04/1981</pbcoreAssetDate><pbcoreIdentifier source="Open Vault UID">V_9B3FB3D27BCE485C9FB30D84AA5C54BF</pbcoreIdentifier><pbcoreTitle titleType="Program Number">102</pbcoreTitle><pbcoreTitle titleType="Program">Coriolan Overture: Symphony # 2 in D Major</pbcoreTitle><pbcoreTitle titleType="Series">Bernstein and Beethoven</pbcoreTitle><pbcoreDescription descriptionType="Asset Description">Dub from PBS 2" tape.  Original record date 12/4/81</pbcoreDescription><pbcoreDescription descriptionType="Series Description">Series release date: 1981</pbcoreDescription><pbcoreAnnotation annotationType="Media Type">Video</pbcoreAnnotation></pbcoreDescriptionDocument>