<?xml version="1.0" encoding="UTF-8"?><pbcoreDescriptionDocument xmlns="http://www.pbcore.org/PBCore/PBCoreNamespace.html" annotation="V_6065401FD485427BBF7B611C363F337F">
    <pbcoreAssetType>Broadcast program</pbcoreAssetType><pbcoreAssetDate dateType="Item Date">11/19/1977</pbcoreAssetDate><pbcoreIdentifier source="Open Vault UID">V_6065401FD485427BBF7B611C363F337F</pbcoreIdentifier><pbcoreTitle titleType="Series">South Africa Special</pbcoreTitle><pbcoreDescription descriptionType="Asset Description">Dubbed from A2-04096.  Original date 11/19/77</pbcoreDescription><pbcoreAnnotation annotationType="Media Type">Video</pbcoreAnnotation><pbcoreAnnotation annotationType="Duration">00:58:50:00</pbcoreAnnotation></pbcoreDescriptionDocument>