<?xml version="1.0" encoding="UTF-8"?><pbcoreDescriptionDocument xmlns="http://www.pbcore.org/PBCore/PBCoreNamespace.html" annotation="V_1D3E43C2557F4ABC895E2C36EC1357B2">
    <pbcoreAssetType>Broadcast program</pbcoreAssetType><pbcoreAssetDate dateType="Item Date">11/10/1972</pbcoreAssetDate><pbcoreIdentifier source="Open Vault UID">V_1D3E43C2557F4ABC895E2C36EC1357B2</pbcoreIdentifier><pbcoreTitle titleType="Series">Theonie On Greek Island Cooking</pbcoreTitle><pbcoreTitle titleType="Program">Phinika</pbcoreTitle><pbcoreTitle titleType="Program Number">121</pbcoreTitle><pbcoreDescription descriptionType="Program Description">Spiced Bars with Walnut Filling and Lemon Syrup.

Series Description: How-to program on Greek cooking  hosted by Theonie Mark.  Produced by Margaret MacLeod, Directed by Russ Fortier, 1972.</pbcoreDescription><pbcoreDescription descriptionType="Series Description">How-to program on Greek cooking  hosted by Theonie Mark.  Produced by Margaret MacLeod, Directed by Russ Fortier.   
Series release date: 1972</pbcoreDescription><pbcoreGenre source="Series Topic">Cooking</pbcoreGenre><pbcoreGenre source="Series Genre">Instructional</pbcoreGenre><pbcoreCreator>
      <creator>MacLeod, Margaret I.</creator><creatorRole>Producer</creatorRole></pbcoreCreator><pbcoreAnnotation annotationType="Media Type">Video</pbcoreAnnotation><pbcoreAnnotation annotationType="Duration">00:20:00:00</pbcoreAnnotation></pbcoreDescriptionDocument>