<?xml version="1.0" encoding="UTF-8"?><pbcoreDescriptionDocument xmlns="http://www.pbcore.org/PBCore/PBCoreNamespace.html" annotation="V_B9A44A27B984467FBF0C783E6FB4352C">
    <pbcoreAssetType>Broadcast program</pbcoreAssetType><pbcoreAssetDate dateType="Item Date">12/11/1978</pbcoreAssetDate><pbcoreIdentifier source="Open Vault UID">V_B9A44A27B984467FBF0C783E6FB4352C</pbcoreIdentifier><pbcoreTitle titleType="Series">Course of Our Times, The</pbcoreTitle><pbcoreTitle titleType="Program">Tito And And The Strategy Of Nonalignment</pbcoreTitle><pbcoreTitle titleType="Program Number">58</pbcoreTitle><pbcoreDescription descriptionType="Asset Description">Original date 12/11/78.  Dubbed from A2-02434.</pbcoreDescription><pbcoreDescription descriptionType="Program Description">“Soon after Tito and Partisans expelled the Nazi invaders from Yugoslavia and established a strong Communist state, he repudiated the control of the Kremlin.  His action was more that a Quarrel over the specific issues that had arisen between him and Stalin.  It represented the difference between centralized power in a monolithic Communist world organization, and a decentralized structure in which the various segments of the Communist bloc enjoyed full autonomy.  Tito’s heresy was bitterly fought by Stalin and, afterwards, by Khruschev, but ultimately the Kremlin had to yield.  Tito for the next quarter century not only retained his dominance in Yugoslavia, but became the symbol of the deviationist principle that shattered the monolithic structure of international Communism and made it ‘poly centric’.”</pbcoreDescription><pbcoreDescription descriptionType="Series Description">Historical survey hosted by Abram Sachar, Brandeis University.
Series release date: 1973</pbcoreDescription><pbcoreGenre source="Series Genre">Educational</pbcoreGenre><pbcoreGenre source="Series Topic">History</pbcoreGenre><pbcoreAnnotation annotationType="Media Type">Video</pbcoreAnnotation><pbcoreAnnotation annotationType="Duration">00:28:58:00</pbcoreAnnotation></pbcoreDescriptionDocument>