<?xml version="1.0" encoding="UTF-8"?><pbcoreDescriptionDocument xmlns="http://www.pbcore.org/PBCore/PBCoreNamespace.html" annotation="V_1971F497F30346FA9DB9344F527D355A">
    <pbcoreAssetType>Broadcast program</pbcoreAssetType><pbcoreAssetDate dateType="Item Date">11/24/1980</pbcoreAssetDate><pbcoreIdentifier source="Open Vault UID">V_1971F497F30346FA9DB9344F527D355A</pbcoreIdentifier><pbcoreTitle titleType="Series">La Plaza</pbcoreTitle><pbcoreDescription descriptionType="Series Description">Premiered January 10, 1979- Officially La Plaza as a separate series title ended after  season 28 (2006).  It was replaced by the interview series: Maria Hinojosa: One-on-One which premiered in 2007.

Producer Raquel Ortiz anticipates that the bilingual series will serve as a plaza for the entire local Latino community. Ortiz also served as the host during the first season along with guest hosts. The program format varied from week to week, between musical specials, documentaries, in-studio debates, both locally produced and acquired. Spanish language programs were subtitled in English and English language programs were captioned in Spanish.

See January 1979 Prime Time Program Guide for cover story.
Series release date: 1/10/1979</pbcoreDescription><pbcoreDescription descriptionType="Asset Description">BUMP-UP AQUISITION (no program name on tape label)</pbcoreDescription><pbcoreCreator>
      <creator>Ortiz, Raquel</creator><creatorRole>Series Producer</creatorRole></pbcoreCreator><pbcoreAnnotation annotationType="Duration">00:20:00:00</pbcoreAnnotation><pbcoreAnnotation annotationType="Media Type">Video</pbcoreAnnotation></pbcoreDescriptionDocument>