<?xml version="1.0" encoding="UTF-8"?><pbcoreDescriptionDocument xmlns="http://www.pbcore.org/PBCore/PBCoreNamespace.html" annotation="V_5AFE0C3C12744FD88E60B0FBD07C4DD7">
    <pbcoreAssetType>Broadcast program</pbcoreAssetType><pbcoreAssetDate dateType="Item Date">02/21/1973</pbcoreAssetDate><pbcoreIdentifier source="Open Vault UID">V_5AFE0C3C12744FD88E60B0FBD07C4DD7</pbcoreIdentifier><pbcoreTitle titleType="Program Number">106</pbcoreTitle><pbcoreTitle titleType="Program">March Hare Meets Harry Hound</pbcoreTitle><pbcoreTitle titleType="Series">Bedtime Story</pbcoreTitle><pbcoreDescription descriptionType="Series Description">LITTLE BEDTIME STORIES FOR ADULTS LATE AT NIGHT.
Series release date: 1973</pbcoreDescription><pbcoreDescription descriptionType="Program Description">Series Description: LITTLE BEDTIME STORIES FOR ADULTS LATE AT NIGHT.</pbcoreDescription><pbcoreAnnotation annotationType="Media Type">Video</pbcoreAnnotation><pbcoreAnnotation annotationType="Duration">00:15:10:00</pbcoreAnnotation></pbcoreDescriptionDocument>