<?xml version="1.0" encoding="UTF-8"?><pbcoreDescriptionDocument xmlns="http://www.pbcore.org/PBCore/PBCoreNamespace.html" annotation="V_E502C9F1CF3B40D39D10602234CEEC42">
    <pbcoreAssetType>Broadcast program</pbcoreAssetType><pbcoreAssetDate dateType="Item Date">04/03/1967</pbcoreAssetDate><pbcoreIdentifier source="Open Vault UID">V_E502C9F1CF3B40D39D10602234CEEC42</pbcoreIdentifier><pbcoreTitle titleType="Program">Zero Mostel at Brandeis: The Performer’s Role in Society</pbcoreTitle><pbcoreDescription descriptionType="Program Description">The Adolph Ullman Memorial Lectures in the Creative Arts, with Abram L. Sachar, presents Zero Mostel on the Performer’s Role in Society.  The lecture took place on March 28th, 1967 at the Shapiro Athletci Center at Brandeis.</pbcoreDescription><pbcoreDescription descriptionType="Asset Description">Full title:  The Adolph Ullman Memorial Lectures in the Creative Arts, with Abram L. Sacher, presents Zero Mostel on the Performer’s Role in Society.  4/3/1967.</pbcoreDescription><pbcoreGenre source="Series Genre">Event Coverage</pbcoreGenre><pbcoreGenre source="Series Topic">Performing Arts</pbcoreGenre><pbcoreAnnotation annotationType="Duration">00:57:40:00</pbcoreAnnotation><pbcoreAnnotation annotationType="Media Type">Video</pbcoreAnnotation></pbcoreDescriptionDocument>