<?xml version="1.0" encoding="UTF-8"?><pbcoreDescriptionDocument xmlns="http://www.pbcore.org/PBCore/PBCoreNamespace.html" annotation="V_25C209B2415A470F91C2F6A9808962C6">
    <pbcoreAssetType>Broadcast program</pbcoreAssetType><pbcoreAssetDate dateType="Item Date">03/23/1964</pbcoreAssetDate><pbcoreIdentifier source="Open Vault UID">V_25C209B2415A470F91C2F6A9808962C6</pbcoreIdentifier><pbcoreTitle titleType="Program Number">02</pbcoreTitle><pbcoreTitle titleType="Series">Museum Open House</pbcoreTitle><pbcoreTitle titleType="Program">Vocabulary of Art</pbcoreTitle><pbcoreDescription descriptionType="Series Description">Program hosted by Russell Connor of Boston's Museum of Fine Arts.  Each half hour program was devoted to a period of artists and showed works of art with Connor giving the background on the works. Early and Mid 1960’s.
Series release date: 1963</pbcoreDescription><pbcoreDescription descriptionType="Asset Description">Dubbed from A2-03138.  Original date 3/23/64.</pbcoreDescription><pbcoreDescription descriptionType="Program Description">Series Description:  Program hosted by Russell Connor of Boston's Museum of Fine Arts.  Each half hour program was devoted to a period of artists and showed works of art with Connor giving the background on the works.</pbcoreDescription><pbcoreGenre source="Series Genre">Educational</pbcoreGenre><pbcoreGenre source="Series Topic">Fine Arts</pbcoreGenre><pbcoreAnnotation annotationType="Duration">00:28:59:00</pbcoreAnnotation><pbcoreAnnotation annotationType="Media Type">Video</pbcoreAnnotation></pbcoreDescriptionDocument>