<?xml version="1.0" encoding="UTF-8"?><pbcoreDescriptionDocument xmlns="http://www.pbcore.org/PBCore/PBCoreNamespace.html" annotation="V_172E386EDCC84E21B39EB78FFF3C276A">
    <pbcoreAssetType>Broadcast program</pbcoreAssetType><pbcoreIdentifier source="Open Vault UID">V_172E386EDCC84E21B39EB78FFF3C276A</pbcoreIdentifier><pbcoreTitle titleType="Program">Why America Hates the Press</pbcoreTitle><pbcoreTitle titleType="Program Number">1503</pbcoreTitle><pbcoreTitle titleType="Series">FRONTLINE</pbcoreTitle><pbcoreDescription descriptionType="Series Description">Premiered January 1983
Since January 1983, FRONTLINE has served as American public television's - PBS - flagship public affairs series. Hailed upon its television broadcast debut as "the last best hope for broadcast documentaries," FRONTLINE's stature over 23 years is reaffirmed each week through incisive documentaries covering the scope and complexity of the human experience.
Series release date: 1/1983</pbcoreDescription><pbcoreDescription descriptionType="Program Description">"Frontline" offers an insider's examination of the  culture and tactics of the national press corps. With public respect for the press at an all-time low -- on par with public regard for politicians -- journalists have begun to break ranks to probe what has gone wrong.  "Frontline" follows the nation's top political journalists along the 1996  presidential campaign trail and behind the scenes of the weekly talk shows where reporters are transformed into celebrity pundits.  Through the eyes of a few key journalists, this report explores the dynamics of the news business and its troubling impact on American politics.</pbcoreDescription><pbcoreGenre source="Series Topic">Public Affairs</pbcoreGenre><pbcoreGenre source="Series Topic">News</pbcoreGenre><pbcoreGenre source="Series Genre">Documentary</pbcoreGenre><pbcoreAnnotation annotationType="Media Type">Video</pbcoreAnnotation><pbcoreAnnotation annotationType="Duration">00:60:00:00</pbcoreAnnotation></pbcoreDescriptionDocument>