<?xml version="1.0" encoding="UTF-8"?><pbcoreDescriptionDocument xmlns="http://www.pbcore.org/PBCore/PBCoreNamespace.html" annotation="V_51B65D30794E4B0E8365E1BA5BEDC4E8">
    <pbcoreAssetType>Broadcast program</pbcoreAssetType><pbcoreAssetDate dateType="Item Date">08/13/1992</pbcoreAssetDate><pbcoreIdentifier source="Open Vault UID">V_51B65D30794E4B0E8365E1BA5BEDC4E8</pbcoreIdentifier><pbcoreTitle titleType="Program">Pretzels</pbcoreTitle><pbcoreDescription descriptionType="Program Description">A rollicking hour of deft satire, expertly played and written by various members of the Proposition cast, including Jane Curtin. The sketches run the gamut from the one involving a Puerto Rican woman trying to collect unemployment who winds up being hired by the unemployment bureau to one on an India raga dedicated to cockroaches.  Also features the comedy duo Bob and Ray.  A co-production of WGBH and HBO.</pbcoreDescription><pbcoreGenre source="Series Topic">Humor</pbcoreGenre><pbcoreGenre source="Series Genre">Drama</pbcoreGenre><pbcoreAnnotation annotationType="Duration">00:60:00:00</pbcoreAnnotation><pbcoreAnnotation annotationType="Media Type">Video</pbcoreAnnotation></pbcoreDescriptionDocument>