<?xml version="1.0" encoding="UTF-8"?><pbcoreDescriptionDocument xmlns="http://www.pbcore.org/PBCore/PBCoreNamespace.html" annotation="V_38945F7B0B464F86BF5129FD841C3DCC">
    <pbcoreAssetType>Broadcast program</pbcoreAssetType><pbcoreIdentifier source="Open Vault UID">V_38945F7B0B464F86BF5129FD841C3DCC</pbcoreIdentifier><pbcoreTitle titleType="Program Number">103</pbcoreTitle><pbcoreTitle titleType="Program">Freedom And The Fourth</pbcoreTitle><pbcoreTitle titleType="Series">What's Happening Mr. Silver</pbcoreTitle><pbcoreDescription descriptionType="Series Description">This series experiments with new form and new ways of handling its subject matter by incorporating a youthful style and sense of concern.
Series release date: 1967</pbcoreDescription><pbcoreDescription descriptionType="Program Description">Invasion of personal privacy and restriction of personal rights, studied in interviews with policemen,m lawyers, those who feel their rights have been invaded and M.I.T.’s Jerome Lettvin.</pbcoreDescription><pbcoreCreator>
      <creator>Barzyk, Fred</creator><creatorRole>Series Producer</creatorRole></pbcoreCreator><pbcoreAnnotation annotationType="Duration">00:58:29:00</pbcoreAnnotation><pbcoreAnnotation annotationType="Media Type">Video</pbcoreAnnotation></pbcoreDescriptionDocument>