<?xml version="1.0" encoding="UTF-8"?><pbcoreDescriptionDocument xmlns="http://www.pbcore.org/PBCore/PBCoreNamespace.html" annotation="V_FFECA2CEA276496799CE09944D26AA2B">
    <pbcoreAssetType>Broadcast program</pbcoreAssetType><pbcoreAssetDate dateType="Item Date">03/05/1973</pbcoreAssetDate><pbcoreIdentifier source="Open Vault UID">V_FFECA2CEA276496799CE09944D26AA2B</pbcoreIdentifier><pbcoreTitle titleType="Program">Hypnotic Sam / Search For Self</pbcoreTitle><pbcoreTitle titleType="Series">Bedtime Story</pbcoreTitle><pbcoreTitle titleType="Program Number">110</pbcoreTitle><pbcoreDescription descriptionType="Series Description">LITTLE BEDTIME STORIES FOR ADULTS LATE AT NIGHT.
Series release date: 1973</pbcoreDescription><pbcoreDescription descriptionType="Program Description">Series Description: LITTLE BEDTIME STORIES FOR ADULTS LATE AT NIGHT.</pbcoreDescription><pbcoreAnnotation annotationType="Duration">00:20:00:00</pbcoreAnnotation><pbcoreAnnotation annotationType="Media Type">Video</pbcoreAnnotation></pbcoreDescriptionDocument>