<?xml version="1.0" encoding="UTF-8"?><pbcoreDescriptionDocument xmlns="http://www.pbcore.org/PBCore/PBCoreNamespace.html" annotation="V_21082BDA47DF4EEFB50FA85154CADDCB">
    <pbcoreAssetType>Broadcast program</pbcoreAssetType><pbcoreAssetDate dateType="Item Date">05/16/1968</pbcoreAssetDate><pbcoreIdentifier source="Open Vault UID">V_21082BDA47DF4EEFB50FA85154CADDCB</pbcoreIdentifier><pbcoreTitle titleType="Program">Boston</pbcoreTitle><pbcoreTitle titleType="Program Number">104</pbcoreTitle><pbcoreTitle titleType="Series">Cabinets In Crisis</pbcoreTitle><pbcoreDescription descriptionType="Series Description">Series release date: 1968</pbcoreDescription><pbcoreDescription descriptionType="Program Description">Radio.  1969.</pbcoreDescription><pbcoreAnnotation annotationType="Media Type">Video</pbcoreAnnotation><pbcoreAnnotation annotationType="Duration">00:30:00:00</pbcoreAnnotation></pbcoreDescriptionDocument>