<?xml version="1.0" encoding="UTF-8"?><pbcoreDescriptionDocument xmlns="http://www.pbcore.org/PBCore/PBCoreNamespace.html" annotation="V_0768E8F52FA24B9FB325EF0988FEC05E">
    <pbcoreAssetType>Broadcast program</pbcoreAssetType><pbcoreAssetDate dateType="Item Date">03/11/1994</pbcoreAssetDate><pbcoreIdentifier source="Open Vault UID">V_0768E8F52FA24B9FB325EF0988FEC05E</pbcoreIdentifier><pbcoreTitle titleType="Program">Community in Action</pbcoreTitle><pbcoreTitle titleType="Program Number">256</pbcoreTitle><pbcoreTitle titleType="Series">Say Brother</pbcoreTitle><pbcoreSubject>Segregation</pbcoreSubject><pbcoreSubject>Music--Performance</pbcoreSubject><pbcoreSubject>B., Eddie</pbcoreSubject><pbcoreSubject>Jones, Benjamin</pbcoreSubject><pbcoreSubject>African American lawyers</pbcoreSubject><pbcoreSubject>Waters, Arnett</pbcoreSubject><pbcoreSubject>Civil rights</pbcoreSubject><pbcoreSubject>African American musicians</pbcoreSubject><pbcoreSubject>Brydie, Barbara</pbcoreSubject><pbcoreSubject>Hill, Russell</pbcoreSubject><pbcoreSubject>Human services--Massachusetts</pbcoreSubject><pbcoreSubject>Massachusetts Black Lawyers Association</pbcoreSubject><pbcoreSubject>African American singers</pbcoreSubject><pbcoreSubject>African American judges--Massachusetts</pbcoreSubject><pbcoreSubject>Action for Boston Community Development</pbcoreSubject><pbcoreSubject>African American women</pbcoreSubject><pbcoreSubject>Dilday, Clarence</pbcoreSubject><pbcoreSubject>Contemporary Jazz Trio</pbcoreSubject><pbcoreSubject>Simmonds, Helaine</pbcoreSubject><pbcoreDescription descriptionType="Asset Description">Preservation dub made for Women In Science series</pbcoreDescription><pbcoreDescription descriptionType="Series Description">Say Brother is WGBH's longest running public affairs television program by, for and about African Americans, and is now known as Basic Black. Since its inception in 1968, Say Brother has featured the voices of both locally and nationally known African American artists, athletes, performers, politicians, professionals, and writers including: Muhammad Ali, Maya Angelou, Thomas Atkins, Amiri Baraka, Doris Bunte, Julian Bond, Stokely Carmichael, Louis Farrakhan, Nikki Giovanni, Odetta Gordon, Henry Hampton, Benjamin Hooks, Jesse Jackson, Hubie Jones, Mel King, Eartha Kitt, Elma Lewis, Haki Madhubuti, Wallace D. Muhammad, Charles Ogletree, Babatunde Olatunji, Byron Rushing, Owusu Sadaukai, and Sonia Sanchez.
Series release date: 7/15/1968</pbcoreDescription><pbcoreDescription descriptionType="Program Description">Program discusses a variety of topics via a magazine-style format.  Host John Slade introduces a moderated discussion led by Say Brother filmmaker Henry Johnson with Action for Boston Community Development (ABCD) employees Barbara Brydie, Arnett Waters, and Russell Hill (who discuss the agency's threatened status due to a proposed withdrawal of federal aid in President Nixon's proposed budget), an interview and performance by vocalist Eddie B. with the Contemporary Jazz Trio; and an interview conducted by John Slade with  Helaine Simmonds, Clarence Dilday, and Benjamin Jones of the Massachusetts Black Lawyers Association (on Governor Francis Williams Sargent's judgeship nominations).</pbcoreDescription><pbcoreGenre source="Series Genre">Magazine</pbcoreGenre><pbcoreGenre source="Series Topic">Race and Ethnicity</pbcoreGenre><pbcoreCreator>
      <creator>John Slade</creator><creatorRole>Producer</creatorRole></pbcoreCreator><pbcoreCreator>
      <creator>Tillman, Russell</creator><creatorRole>Director</creatorRole></pbcoreCreator><pbcoreContributor>
      <contributor>Barrow-Murray, Barbara</contributor><contributorRole>Production Assistant</contributorRole></pbcoreContributor><pbcoreContributor>
      <contributor>Lewis, Webster</contributor><contributorRole>Theme Music</contributorRole></pbcoreContributor><pbcoreContributor>
      <contributor>Slade, John</contributor><contributorRole>Host</contributorRole></pbcoreContributor><pbcoreContributor>
      <contributor>Johnson, Henry</contributor><contributorRole>Filmmaker</contributorRole><contributorRole>Host</contributorRole></pbcoreContributor><pbcoreAnnotation annotationType="Media Type">Video</pbcoreAnnotation><pbcoreAnnotation annotationType="Special Collection">say_brother</pbcoreAnnotation><pbcoreAnnotation annotationType="Special Collection Tag">sb_record</pbcoreAnnotation><pbcoreAnnotation annotationType="Duration">00:59:00:00</pbcoreAnnotation></pbcoreDescriptionDocument>