<?xml version="1.0" encoding="UTF-8"?><pbcoreDescriptionDocument xmlns="http://www.pbcore.org/PBCore/PBCoreNamespace.html" annotation="V_A38CA25C41D64B938E328EB6E5E15063">
    <pbcoreAssetType>Broadcast program</pbcoreAssetType><pbcoreAssetDate dateType="Item Date">12/16/1973</pbcoreAssetDate><pbcoreIdentifier source="Open Vault UID">V_A38CA25C41D64B938E328EB6E5E15063</pbcoreIdentifier><pbcoreTitle titleType="Program Number">207, 208, 209, 210, 211, 212</pbcoreTitle><pbcoreTitle titleType="Series">Making Things Work</pbcoreTitle><pbcoreDescription descriptionType="Series Description">WGBH program (C. 1971) hosted by Thalassa Cruso on fix-it projects around the house - how to mend household items, remove stains.
Series release date: 1971</pbcoreDescription><pbcoreGenre source="Series Genre">Instructional</pbcoreGenre><pbcoreGenre source="Series Topic">Home Improvement</pbcoreGenre><pbcoreAnnotation annotationType="Duration">00:90:00:00</pbcoreAnnotation><pbcoreAnnotation annotationType="Media Type">Video</pbcoreAnnotation></pbcoreDescriptionDocument>