<?xml version="1.0" encoding="UTF-8"?><pbcoreDescriptionDocument xmlns="http://www.pbcore.org/PBCore/PBCoreNamespace.html" annotation="V_D924A8B279DF4D2180B128BFBF403DC4">
    <pbcoreAssetType>Broadcast program</pbcoreAssetType><pbcoreAssetDate dateType="Item Date">01/05/1972</pbcoreAssetDate><pbcoreIdentifier source="Open Vault UID">V_D924A8B279DF4D2180B128BFBF403DC4</pbcoreIdentifier><pbcoreTitle titleType="Series">Fleamarket</pbcoreTitle><pbcoreTitle titleType="Program Number">101</pbcoreTitle><pbcoreDescription descriptionType="Series Description">Programs consist of short films about interesting and quirky people in the Boston area.  Films are introduced and later commented on by a group of young people in studio.   The footage and/or stills were shot by the in-studio cast or others young people that later appear in the show.  Topics for pilot show include a singing cabdriver; local couple studying to be clowns; an impoverished senior; and a photo montage of a day in the emergency ward of Boston City Hospital.  Directed by David Atwood; 1972.
Series release date: 1972</pbcoreDescription><pbcoreDescription descriptionType="Asset Description">Original date 1/5/1972.</pbcoreDescription><pbcoreGenre source="Series Topic">Local Communities</pbcoreGenre><pbcoreGenre source="Series Genre">Magazine</pbcoreGenre><pbcoreCreator>
      <creator>Becton, Henry</creator><creatorRole>Series Producer</creatorRole></pbcoreCreator><pbcoreCreator>
      <creator>Jones, Brooks</creator><creatorRole>Series Producer</creatorRole></pbcoreCreator><pbcoreAnnotation annotationType="Duration">00:29:03:00</pbcoreAnnotation><pbcoreAnnotation annotationType="Media Type">Video</pbcoreAnnotation></pbcoreDescriptionDocument>