<?xml version="1.0" encoding="UTF-8"?><pbcoreDescriptionDocument xmlns="http://www.pbcore.org/PBCore/PBCoreNamespace.html" annotation="V_2D964678C28E455EA6230684968F778B">
    <pbcoreAssetType>Broadcast program</pbcoreAssetType><pbcoreAssetDate dateType="Item Date">01/03/1975</pbcoreAssetDate><pbcoreIdentifier source="Open Vault UID">V_2D964678C28E455EA6230684968F778B</pbcoreIdentifier><pbcoreTitle titleType="Program Number">101</pbcoreTitle><pbcoreTitle titleType="Program">Two Families</pbcoreTitle><pbcoreTitle titleType="Series">Arabs and Israelis</pbcoreTitle><pbcoreDescription descriptionType="Program Description">Series of seven programs contrasting perceptions of Middle East conflict and the chance for peace expressed by some of the people who have the most at stake.</pbcoreDescription><pbcoreDescription descriptionType="Series Description">Series of seven programs contrasting perceptions of Middle East conflict and the chance for peace expressed by some of the people who have the most at stake.  
Series release date: 1975</pbcoreDescription><pbcoreDescription descriptionType="Asset Description">Dubbed from A2-00760 on 5/21/96.  Original date 1/3/75</pbcoreDescription><pbcoreGenre source="Series Genre">Documentary</pbcoreGenre><pbcoreGenre source="Series Topic">War and Conflict</pbcoreGenre><pbcoreGenre source="Series Topic">Global Affairs</pbcoreGenre><pbcoreAnnotation annotationType="Duration">00:28:50:00</pbcoreAnnotation><pbcoreAnnotation annotationType="Media Type">Video</pbcoreAnnotation></pbcoreDescriptionDocument>