<?xml version="1.0" encoding="UTF-8"?><pbcoreDescriptionDocument xmlns="http://www.pbcore.org/PBCore/PBCoreNamespace.html" annotation="V_3AD3D0B9BF6D46EAA8A17E3B8FF7B3FC">
    <pbcoreAssetType>Broadcast program</pbcoreAssetType><pbcoreIdentifier source="Open Vault UID">V_3AD3D0B9BF6D46EAA8A17E3B8FF7B3FC</pbcoreIdentifier><pbcoreTitle titleType="Program Number">126</pbcoreTitle><pbcoreTitle titleType="Program">Ghetto Law; A Tisket, A Tasket, David Silver's in a Basket</pbcoreTitle><pbcoreTitle titleType="Series">What's Happening Mr. Silver</pbcoreTitle><pbcoreDescription descriptionType="Series Description">This series experiments with new form and new ways of handling its subject matter by incorporating a youthful style and sense of concern.
Series release date: 1967</pbcoreDescription><pbcoreDescription descriptionType="Program Description">Program comprised of (2) films:
1) Ghetto Law by Jack Stroud
2) A Tisket, A Tasket, David Silver's in a Basket by Boyd Estus and Dick Bartlett.

At end of program (and end of series) David Silver thanks the entire crew by name.

Series Description:  This series experiments with new form and new ways of handling its subject matter by incorporating a youthful style and sense of concern.</pbcoreDescription><pbcoreCreator>
      <creator>Barzyk, Fred</creator><creatorRole>Series Producer</creatorRole></pbcoreCreator><pbcoreAnnotation annotationType="Media Type">Video</pbcoreAnnotation><pbcoreAnnotation annotationType="Duration">00:56:00:00</pbcoreAnnotation></pbcoreDescriptionDocument>