<?xml version="1.0" encoding="UTF-8"?><pbcoreDescriptionDocument xmlns="http://www.pbcore.org/PBCore/PBCoreNamespace.html" annotation="V_03D782184288481F85BCDD4BBD8AC424">
    <pbcoreAssetType>Broadcast program</pbcoreAssetType><pbcoreIdentifier source="Open Vault UID">V_03D782184288481F85BCDD4BBD8AC424</pbcoreIdentifier><pbcoreTitle titleType="Series">Discovering Women</pbcoreTitle><pbcoreDescription descriptionType="Series Description">"Discovering Women," narrated by Michelle Pfeiffer, presents the professional and personal stories of six notable women scientists whose work is invaluable to understanding the world. The women profiled range from those at the peak of their careers in the top of their fields to several who are up-and-coming. Their stories reveal how women in the 20th century have made choices, and sometimes sacrifices, to open doors through which the next generation of women can follows.
Series release date: 1995</pbcoreDescription><pbcoreDescription descriptionType="Asset Description">Stunt opens, full mix with titles</pbcoreDescription><pbcoreGenre source="Series Genre">Documentary</pbcoreGenre><pbcoreGenre source="Series Topic">Science</pbcoreGenre><pbcoreGenre source="Series Topic">Biography</pbcoreGenre><pbcoreGenre source="Series Topic">Women</pbcoreGenre><pbcoreAnnotation annotationType="Duration">00:12:00:00</pbcoreAnnotation><pbcoreAnnotation annotationType="Media Type">Video</pbcoreAnnotation></pbcoreDescriptionDocument>