<?xml version="1.0" encoding="UTF-8"?><pbcoreDescriptionDocument xmlns="http://www.pbcore.org/PBCore/PBCoreNamespace.html" annotation="V_2784BF5CB9DA44D58AA3CBDAF06DC858">
    <pbcoreAssetType>Broadcast program</pbcoreAssetType><pbcoreAssetDate dateType="Item Date">09/21/1994</pbcoreAssetDate><pbcoreIdentifier source="Open Vault UID">V_2784BF5CB9DA44D58AA3CBDAF06DC858</pbcoreIdentifier><pbcoreTitle titleType="Series">NOVA</pbcoreTitle><pbcoreTitle titleType="Program">Rescue Mission in Space</pbcoreTitle><pbcoreTitle titleType="Program Number">2118</pbcoreTitle><pbcoreDescription descriptionType="Program Description">Hobbled by defective eyesight because of its original, bungled prescription, the Hubble Space Telescope (named after astronomer Edwin Hubble) was recently repaired in a dramatic Space Shuttle mission.  NOVA follows the exploits of astronauts who saved the day, and the stunning work that Hubble has performed in the months since its repair.</pbcoreDescription><pbcoreDescription descriptionType="Series Description">Premiered March 1974
NOVA is a general-interest documentary series that addresses a single science issue each week.  Billed as "science adventures for curious grown-ups" when it first aired  in March, 1974, NOVA continues to offer an informative and entertaining approach to a challenging subject.  1996 marked NOVA's 23rd season, which makes it the longest-running science program on national television.  It is also one of television's most acclaimed series, having won every major television award, most of them many times over.
Series release date: 3/3/1974</pbcoreDescription><pbcoreDescription descriptionType="Asset Description">w/ fixed credit bed</pbcoreDescription><pbcoreGenre source="Series Topic">Science</pbcoreGenre><pbcoreGenre source="Series Genre">Documentary</pbcoreGenre><pbcoreAnnotation annotationType="Duration">00:60:00:00</pbcoreAnnotation><pbcoreAnnotation annotationType="Media Type">Video</pbcoreAnnotation></pbcoreDescriptionDocument>