<?xml version="1.0" encoding="UTF-8"?><pbcoreDescriptionDocument xmlns="http://www.pbcore.org/PBCore/PBCoreNamespace.html" annotation="V_9986089F8C344EB9A11633C4DE4EF5D3">
    <pbcoreAssetType>Broadcast program</pbcoreAssetType><pbcoreAssetDate dateType="Item Date">12/29/1975</pbcoreAssetDate><pbcoreIdentifier source="Open Vault UID">V_9986089F8C344EB9A11633C4DE4EF5D3</pbcoreIdentifier><pbcoreTitle titleType="Series">Masterpiece Theatre</pbcoreTitle><pbcoreTitle titleType="Program Number">105</pbcoreTitle><pbcoreTitle titleType="Program">Shoulder To Shoulder</pbcoreTitle><pbcoreDescription descriptionType="Series Description">Program premiered in 1971 with The First Churchills.  Hosted by Alastair Cooke.  Intended as a showcase for the best of British television drama.  Spawned MYSTERY! in 1980.  Current executive producer Rebecca Eaton.  All promotion of program done by Frank Goodman &amp; Associates (see below).  Synopsis, cast information and producers listed by individual title.
Series release date: 1971</pbcoreDescription><pbcoreDescription descriptionType="Program Description">Broadcast: Oct. 5- Nov. 9, 1975
Dramatized history of women's suffrage struggle in England from 1886-1918 focuses on the Pankhurst family -- four women who mobilized an army of women -- Mrs Emmeline Pankhurst, her militant daughter Christabel, her determined pacifist daughter Sylvia, and the youngest Adela. Series also depicts Annie Kenney - the mill girl who brought working-class women into what had been an upper-class struggle; Lady Constance Lytton; and Emily Wilding Davison -- the women's movement's first martyr who threw herself under the King's horse at the Derby.  SERIES ALSO AIRED AS SEPARATE SERIES IN 1988, hosted by Jane Alexander.</pbcoreDescription><pbcoreGenre source="Series Genre">Drama</pbcoreGenre><pbcoreAnnotation annotationType="Media Type">Video</pbcoreAnnotation><pbcoreAnnotation annotationType="Duration">00:60:00:00</pbcoreAnnotation></pbcoreDescriptionDocument>