<?xml version="1.0" encoding="UTF-8"?><pbcoreDescriptionDocument xmlns="http://www.pbcore.org/PBCore/PBCoreNamespace.html" annotation="V_5E678D620FB5467EBBE5E01B120BFFE1">
    <pbcoreAssetType>Broadcast program</pbcoreAssetType><pbcoreIdentifier source="Open Vault UID">V_5E678D620FB5467EBBE5E01B120BFFE1</pbcoreIdentifier><pbcoreTitle titleType="Series">America's Driving Passion</pbcoreTitle><pbcoreDescription descriptionType="Asset Description">Hour 1  with titles</pbcoreDescription><pbcoreDescription descriptionType="Series Description">Series was produced for TBS - was not aired on PBS.
Series release date: 1995</pbcoreDescription><pbcoreCreator>
      <creator>Drain, Margaret</creator><creatorRole>Series Producer</creatorRole></pbcoreCreator><pbcoreAnnotation annotationType="Media Type">Video</pbcoreAnnotation></pbcoreDescriptionDocument>