<?xml version="1.0" encoding="UTF-8"?><pbcoreDescriptionDocument xmlns="http://www.pbcore.org/PBCore/PBCoreNamespace.html" annotation="V_ABE32905A1D3418FBB424DCDAEEA2AB1">
    <pbcoreAssetType>Broadcast program</pbcoreAssetType><pbcoreAssetDate dateType="Item Date">02/26/1970</pbcoreAssetDate><pbcoreIdentifier source="Open Vault UID">V_ABE32905A1D3418FBB424DCDAEEA2AB1</pbcoreIdentifier><pbcoreTitle titleType="Program">Hartford Gunn</pbcoreTitle><pbcoreTitle titleType="Series">News and Comment</pbcoreTitle><pbcoreDescription descriptionType="Asset Description">Dubbed from A2-01493.  Original date 2/26/70.</pbcoreDescription><pbcoreDescription descriptionType="Series Description">Series release date: 1952</pbcoreDescription><pbcoreGenre source="Series Topic">News</pbcoreGenre><pbcoreAnnotation annotationType="Media Type">Video</pbcoreAnnotation><pbcoreAnnotation annotationType="Duration">00:28:53:00</pbcoreAnnotation></pbcoreDescriptionDocument>