<?xml version="1.0" encoding="UTF-8"?><pbcoreDescriptionDocument xmlns="http://www.pbcore.org/PBCore/PBCoreNamespace.html" annotation="V_E0E47F8E475541E3A17884631F109358">
    <pbcoreAssetType>Broadcast program</pbcoreAssetType><pbcoreIdentifier source="Open Vault UID">V_E0E47F8E475541E3A17884631F109358</pbcoreIdentifier><pbcoreTitle titleType="Series">America's Driving Passion</pbcoreTitle><pbcoreDescription descriptionType="Asset Description">Hour 4 (no titles)</pbcoreDescription><pbcoreDescription descriptionType="Series Description">Series was produced for TBS - was not aired on PBS.
Series release date: 1995</pbcoreDescription><pbcoreCreator>
      <creator>Drain, Margaret</creator><creatorRole>Series Producer</creatorRole></pbcoreCreator><pbcoreAnnotation annotationType="Media Type">Video</pbcoreAnnotation></pbcoreDescriptionDocument>