<?xml version="1.0" encoding="UTF-8"?><pbcoreDescriptionDocument xmlns="http://www.pbcore.org/PBCore/PBCoreNamespace.html" annotation="V_CBCF286D6895420E8005A5CE8D4363B6">
    <pbcoreAssetType>Broadcast program</pbcoreAssetType><pbcoreAssetDate dateType="Item Date">06/01/1968</pbcoreAssetDate><pbcoreIdentifier source="Open Vault UID">V_CBCF286D6895420E8005A5CE8D4363B6</pbcoreIdentifier><pbcoreTitle titleType="Program Number">205</pbcoreTitle><pbcoreTitle titleType="Series">In Search of the Real America</pbcoreTitle><pbcoreTitle titleType="Program">Two Cheers for the CIA</pbcoreTitle><pbcoreDescription descriptionType="Program Description">One cheer from Thomas Karamessines, former head of all CIA clandestine activities. And one cheer from former director Richard Helms, who says we should either back the CIA or disband it.</pbcoreDescription><pbcoreDescription descriptionType="Asset Description">Dubbed 7/28/96 from A2-04363 - original date 6/1/78</pbcoreDescription><pbcoreDescription descriptionType="Series Description">Host Ben Wattenberg looks at the achievements of the free enterprise system in America.
Series release date: 1977</pbcoreDescription><pbcoreGenre source="Series Genre">Educational</pbcoreGenre><pbcoreGenre source="Series Topic">Economics</pbcoreGenre><pbcoreAnnotation annotationType="Media Type">Video</pbcoreAnnotation><pbcoreAnnotation annotationType="Duration">00:29:07:00</pbcoreAnnotation></pbcoreDescriptionDocument>