<?xml version="1.0" encoding="UTF-8"?><pbcoreDescriptionDocument xmlns="http://www.pbcore.org/PBCore/PBCoreNamespace.html" annotation="V_3EDBDA3F4CF6419380D447533B173B10">
    <pbcoreAssetType>Broadcast program</pbcoreAssetType><pbcoreAssetDate dateType="Item Date">03/16/1964</pbcoreAssetDate><pbcoreIdentifier source="Open Vault UID">V_3EDBDA3F4CF6419380D447533B173B10</pbcoreIdentifier><pbcoreTitle titleType="Series">Museum Open House</pbcoreTitle><pbcoreTitle titleType="Program">American Primitive Masterpieces</pbcoreTitle><pbcoreTitle titleType="Program Number">09</pbcoreTitle><pbcoreDescription descriptionType="Program Description">Series Description:  Program hosted by Russell Connor of Boston's Museum of Fine Arts.  Each half hour program was devoted to a period of artists and showed works of art with Connor giving the background on the works.</pbcoreDescription><pbcoreDescription descriptionType="Asset Description">Dubbed from A2-03144.   Original date 3/16/64.</pbcoreDescription><pbcoreDescription descriptionType="Series Description">Program hosted by Russell Connor of Boston's Museum of Fine Arts.  Each half hour program was devoted to a period of artists and showed works of art with Connor giving the background on the works. Early and Mid 1960’s.
Series release date: 1963</pbcoreDescription><pbcoreGenre source="Series Topic">Fine Arts</pbcoreGenre><pbcoreGenre source="Series Genre">Educational</pbcoreGenre><pbcoreAnnotation annotationType="Duration">00:28:58:00</pbcoreAnnotation><pbcoreAnnotation annotationType="Media Type">Video</pbcoreAnnotation></pbcoreDescriptionDocument>