<?xml version="1.0" encoding="UTF-8"?><pbcoreDescriptionDocument xmlns="http://www.pbcore.org/PBCore/PBCoreNamespace.html" annotation="V_0CAB4C79FAE743259F861547227B6954">
    <pbcoreAssetType>Broadcast program</pbcoreAssetType><pbcoreAssetDate dateType="Item Date">06/08/1971</pbcoreAssetDate><pbcoreIdentifier source="Open Vault UID">V_0CAB4C79FAE743259F861547227B6954</pbcoreIdentifier><pbcoreTitle titleType="Series">Thirty Minutes With...</pbcoreTitle><pbcoreTitle titleType="Program">Ted Kennedy</pbcoreTitle><pbcoreDescription descriptionType="Program Description">Panelists: Bill Cook, Professor of English, Dartmouth College; Ellen Harris, Professor of Music, MIT; Boomer Kennedy, Owner, Chicago Auto; Gil Lewis, private investigator; Christopher Ricks, Professor of English, Boston University.</pbcoreDescription><pbcoreDescription descriptionType="Series Description">Original interviews.
Series release date: 1970-1971</pbcoreDescription><pbcoreDescription descriptionType="Asset Description">Dubbed from A2-00946.  Original date 6/8/71.</pbcoreDescription><pbcoreGenre source="Series Genre">Talk Show</pbcoreGenre><pbcoreAnnotation annotationType="Duration">00:28:49:00</pbcoreAnnotation><pbcoreAnnotation annotationType="Media Type">Video</pbcoreAnnotation></pbcoreDescriptionDocument>