<?xml version="1.0" encoding="UTF-8"?><pbcoreDescriptionDocument xmlns="http://www.pbcore.org/PBCore/PBCoreNamespace.html" annotation="V_1181247747C84D6C9E173248F9EFEBD5">
    <pbcoreAssetType>Broadcast program</pbcoreAssetType><pbcoreAssetDate dateType="Item Date">12/11/1978</pbcoreAssetDate><pbcoreIdentifier source="Open Vault UID">V_1181247747C84D6C9E173248F9EFEBD5</pbcoreIdentifier><pbcoreTitle titleType="Program">Irish And Other British Dilemmas, The</pbcoreTitle><pbcoreTitle titleType="Program Number">57</pbcoreTitle><pbcoreTitle titleType="Series">Course of Our Times, The</pbcoreTitle><pbcoreDescription descriptionType="Series Description">Historical survey hosted by Abram Sachar, Brandeis University.
Series release date: 1973</pbcoreDescription><pbcoreDescription descriptionType="Program Description">“Britain’s postwar dilemma came from its almost hopeless struggle to remain a great power without the leverage of great power resources.  Harold MacMillian had wrestled with the problem, but neither his tinkering with the economy nor  his diplomatic summitry had much influence.  The general election of 1964 brought back a Labor Government with Harold Wilson, the youngest Prime Minister of the century, but he too, with all his dynamism and political sagacity, was little more successful.  Britain was an exhausted land that could no longer cope with the giants of the post war world.  When Wilson visited the White House inn 1968, it was a faux pas for the band to play ‘I’ve Got Plenty Of Nuthin’ but the chosen piece, pointed up a disconcerting truth that had transformed the world’s power balance.”</pbcoreDescription><pbcoreDescription descriptionType="Asset Description">Original date 12/11/78.  Dubbed from A2-02437.</pbcoreDescription><pbcoreGenre source="Series Topic">History</pbcoreGenre><pbcoreGenre source="Series Genre">Educational</pbcoreGenre><pbcoreAnnotation annotationType="Media Type">Video</pbcoreAnnotation><pbcoreAnnotation annotationType="Duration">00:28:30:00</pbcoreAnnotation></pbcoreDescriptionDocument>