<?xml version="1.0" encoding="UTF-8"?><pbcoreDescriptionDocument xmlns="http://www.pbcore.org/PBCore/PBCoreNamespace.html" annotation="V_F162B8DCC3A74D33B6AF1D0F51251EDD">
    <pbcoreAssetType>Broadcast program</pbcoreAssetType><pbcoreIdentifier source="Open Vault UID">V_F162B8DCC3A74D33B6AF1D0F51251EDD</pbcoreIdentifier><pbcoreTitle titleType="Program">Collectible Treasures</pbcoreTitle><pbcoreTitle titleType="Series">Antiques Roadshow</pbcoreTitle><pbcoreDescription descriptionType="Series Description">ROADSHOW is part adventure, part history lesson, part treasure hunt.  Specialists from the country's leading auction houses and independent dealers from across the nation, travel throughout the United States offering free appraisals of antiques and collectibles.  ANTIQUES ROADSHOW cameras watch as owners recount tales of family heirlooms, yard sale bargains and long-neglected items salvaged from attics and basements, while experts reveal the fascinating truth about these finds.  Series hosT 100-400: Chris Jussel; Series hosT 5-600: Dan Elias.  
Series release date: 1997</pbcoreDescription><pbcoreDescription descriptionType="Asset Description">(Home Video)</pbcoreDescription><pbcoreDescription descriptionType="Program Description">ANTIQUES ROADSHOW specialists from the country's great auction houses appraise all sorts of Americana in Southfield, Michigan.  People came from all over the world to settle in Michigan, and in the objects viewers see glimpses of many cultural backgrounds. Host Chris Jussel tours Southfield—a relatively new and diverse town near Detroit, incorporated less than 40 years ago. At the Southfield Civic Center, ANTIQUES ROADSHOW appraisers are thrilled to find a magnificent example of Duncan Phyfe furniture and an important watercolor painting.</pbcoreDescription><pbcoreGenre source="Series Topic">Antiques and Collectibles</pbcoreGenre><pbcoreCreator>
      <creator>Moreno, Aida</creator><creatorRole>Series Producer</creatorRole></pbcoreCreator><pbcoreAnnotation annotationType="Duration">00:60:00:00</pbcoreAnnotation><pbcoreAnnotation annotationType="Media Type">Video</pbcoreAnnotation></pbcoreDescriptionDocument>