<?xml version="1.0" encoding="UTF-8"?><pbcoreDescriptionDocument xmlns="http://www.pbcore.org/PBCore/PBCoreNamespace.html" annotation="V_055299C5BF50411787EEAD9F649DF04A">
    <pbcoreAssetType>Broadcast program</pbcoreAssetType><pbcoreAssetDate dateType="Item Date">01/25/1974</pbcoreAssetDate><pbcoreIdentifier source="Open Vault UID">V_055299C5BF50411787EEAD9F649DF04A</pbcoreIdentifier><pbcoreTitle titleType="Series">Where To Get Off In Boston</pbcoreTitle><pbcoreTitle titleType="Program">Where To Get Off In Boston 111</pbcoreTitle><pbcoreTitle titleType="Program Number">111</pbcoreTitle><pbcoreDescription descriptionType="Series Description">Weekly series about the sights, shows and foods to be found in different neighborhoods of Boston - hosted by Jerry Gershman.  Program description:  Segments: Self-Defense (Karate); Museum Of the American China Trade (Milton); Bargains (Marjorie Merchant, University of Massachusetts Economist interviews Stacey Holmes Of Filene's inside Filene's Basement Store).  1973.
Series release date: 1973</pbcoreDescription><pbcoreDescription descriptionType="Asset Description">Dubbed from A2-01567.  Original date 1/25/74</pbcoreDescription><pbcoreDescription descriptionType="Program Description">In this program visits are paid to:
Faneuil Hall for a closer look at its famous grasshopper wind vane; the Mill Race Pottery in Arlington and crafts around town; Drumlin Farm in Lincoln; a stop in Salem and finally a look as Spanish Culture including Salsa Dancing at Boston University.</pbcoreDescription><pbcoreGenre source="Series Topic">Local Communities</pbcoreGenre><pbcoreGenre source="Series Genre">Magazine</pbcoreGenre><pbcoreAnnotation annotationType="Media Type">Video</pbcoreAnnotation><pbcoreAnnotation annotationType="Duration">00:28:30:00</pbcoreAnnotation></pbcoreDescriptionDocument>