<?xml version="1.0" encoding="UTF-8"?><pbcoreDescriptionDocument xmlns="http://www.pbcore.org/PBCore/PBCoreNamespace.html" annotation="V_F7B05D13D6EA4082BD605CF03B668EE4">
    <pbcoreAssetType>Broadcast program</pbcoreAssetType><pbcoreAssetDate dateType="Item Date">03/14/1996</pbcoreAssetDate><pbcoreIdentifier source="Open Vault UID">V_F7B05D13D6EA4082BD605CF03B668EE4</pbcoreIdentifier><pbcoreTitle titleType="Series">Breakthrough: The Changing Face Of Science In America</pbcoreTitle><pbcoreTitle titleType="Program">Atmosphere of Change, An</pbcoreTitle><pbcoreTitle titleType="Program Number">102</pbcoreTitle><pbcoreDescription descriptionType="Program Description">From the shores of San Francisco Bay to the Mohawk reservations of upstate New York to the ozone layer that blankets the entire world, environmental trauma is everywhere.  Scientists of color are tackling these hazards that threaten the health and safety of their communities and of the earth.  They're also showing a younger generation how to combine research with adventure. Featured scientists:  Karen Medville, Ph.D. candidate in environmental toxicology, Cornell University; Keith miles, Ph.D., biologist, National Biological Service, US Dept. of the Interior; Mario Malina, Ph.D., professor of atmospheric chemistry and chemistry, MIT, recipient of the 1995 Nobel Prize for Chemistry.  •Episode producer:  Natatcha Estebanez 
</pbcoreDescription><pbcoreDescription descriptionType="Asset Description">Blackside / WGBH master.   56:46 plus :16 offer</pbcoreDescription><pbcoreDescription descriptionType="Series Description">Series release date: 1996</pbcoreDescription><pbcoreGenre source="Series Topic">Science</pbcoreGenre><pbcoreAnnotation annotationType="Duration">00:56:46:00</pbcoreAnnotation><pbcoreAnnotation annotationType="Media Type">Video</pbcoreAnnotation></pbcoreDescriptionDocument>