<?xml version="1.0" encoding="UTF-8"?><pbcoreDescriptionDocument xmlns="http://www.pbcore.org/PBCore/PBCoreNamespace.html" annotation="V_3AEA67CD0806417DB590F97B282E615E">
    <pbcoreAssetType>Broadcast program</pbcoreAssetType><pbcoreAssetDate dateType="Item Date">03/04/1971</pbcoreAssetDate><pbcoreIdentifier source="Open Vault UID">V_3AEA67CD0806417DB590F97B282E615E</pbcoreIdentifier><pbcoreTitle titleType="Program Number">101</pbcoreTitle><pbcoreTitle titleType="Program">Law Enforcement Commission</pbcoreTitle><pbcoreTitle titleType="Series">Community Challenge</pbcoreTitle><pbcoreDescription descriptionType="Asset Description">off air includes TD slide</pbcoreDescription><pbcoreDescription descriptionType="Series Description">Series release date: 1971</pbcoreDescription><pbcoreAnnotation annotationType="Duration">00:28:55:00</pbcoreAnnotation><pbcoreAnnotation annotationType="Media Type">Video</pbcoreAnnotation></pbcoreDescriptionDocument>