<?xml version="1.0" encoding="UTF-8"?><pbcoreDescriptionDocument xmlns="http://www.pbcore.org/PBCore/PBCoreNamespace.html" annotation="V_BF0976AFC78F461EA12C391F37D09697">
    <pbcoreAssetType>Broadcast program</pbcoreAssetType><pbcoreIdentifier source="Open Vault UID">V_BF0976AFC78F461EA12C391F37D09697</pbcoreIdentifier><pbcoreTitle titleType="Program">Law Of Arrest, Part I</pbcoreTitle><pbcoreTitle titleType="Series">Law Enforcement And Criminal Justice</pbcoreTitle><pbcoreTitle titleType="Program Number">1</pbcoreTitle><pbcoreDescription descriptionType="Series Description">George Swidler, Northeastern University.  

Police training by police experts, produced by WGBH Education Division under a grant from the United States Department of Justice.  B&amp;W, RT: 60:00.  Series Executive Producer James P. Kelly, produced by S.A. Gilford, directed by Peter Downey, produced by WGBX-TV, A Division of the WGBH Educational Foundation.
Series release date: 1967</pbcoreDescription><pbcoreDescription descriptionType="Program Description">Series Description: Police training by police experts, produced by WGBH Education Division under a grant from the United States Department of Justice.  B&amp;W, RT: 60:00.  Series Executive Producer James P. Kelly, produced by S.A. Gilford, directed by Peter Downey, produced by WGBX-TV, A Division of the WGBH Educational Foundation.</pbcoreDescription><pbcoreGenre source="Series Topic">Crime</pbcoreGenre><pbcoreAnnotation annotationType="Duration">00:58:25:00</pbcoreAnnotation><pbcoreAnnotation annotationType="Media Type">Video</pbcoreAnnotation></pbcoreDescriptionDocument>