<?xml version="1.0" encoding="UTF-8"?><pbcoreDescriptionDocument xmlns="http://www.pbcore.org/PBCore/PBCoreNamespace.html" annotation="V_79DA379410AC4D84BD4B426415A64785">
    <pbcoreAssetType>Broadcast program</pbcoreAssetType><pbcoreAssetDate dateType="Item Date">12/14/1995</pbcoreAssetDate><pbcoreIdentifier source="Open Vault UID">V_79DA379410AC4D84BD4B426415A64785</pbcoreIdentifier><pbcoreTitle titleType="Program Number">2302</pbcoreTitle><pbcoreTitle titleType="Program">Day The Earth Shook, The</pbcoreTitle><pbcoreTitle titleType="Series">NOVA</pbcoreTitle><pbcoreDescription descriptionType="Asset Description">Color corrected</pbcoreDescription><pbcoreDescription descriptionType="Program Description">On the eve of the anniversaries of the deadly Kobe, Japan, earthquake disaster and the Northridge, California, quake, NOVA looks at the science of earthquake prediction and preparedness.  Will we be ready when the next big one hits?</pbcoreDescription><pbcoreDescription descriptionType="Series Description">Premiered March 1974
NOVA is a general-interest documentary series that addresses a single science issue each week.  Billed as "science adventures for curious grown-ups" when it first aired  in March, 1974, NOVA continues to offer an informative and entertaining approach to a challenging subject.  1996 marked NOVA's 23rd season, which makes it the longest-running science program on national television.  It is also one of television's most acclaimed series, having won every major television award, most of them many times over.
Series release date: 3/3/1974</pbcoreDescription><pbcoreGenre source="Series Genre">Documentary</pbcoreGenre><pbcoreGenre source="Series Topic">Science</pbcoreGenre><pbcoreAnnotation annotationType="Duration">00:56:41:00</pbcoreAnnotation><pbcoreAnnotation annotationType="Media Type">Video</pbcoreAnnotation></pbcoreDescriptionDocument>