<?xml version="1.0" encoding="UTF-8"?><pbcoreDescriptionDocument xmlns="http://www.pbcore.org/PBCore/PBCoreNamespace.html" annotation="V_DED7904B3FF4478CBC374598B56F3B5D">
    <pbcoreAssetType>Broadcast program</pbcoreAssetType><pbcoreIdentifier source="Open Vault UID">V_DED7904B3FF4478CBC374598B56F3B5D</pbcoreIdentifier><pbcoreTitle titleType="Series">College Bound</pbcoreTitle><pbcoreTitle titleType="Program Number">105</pbcoreTitle><pbcoreDescription descriptionType="Series Description">Hosted by Harold G. Ridlon, Asst. Professor of English, Tufts University.  B&amp;W, recorded in WGBH Studio.  Producer: Sharon Pucker, Director: Christopher Sarson.
Series release date: 1965</pbcoreDescription><pbcoreCreator>
      <creator>Pucker, Sharon</creator><creatorRole>Series Producer</creatorRole></pbcoreCreator><pbcoreAnnotation annotationType="Media Type">Video</pbcoreAnnotation><pbcoreAnnotation annotationType="Duration">00:29:12:00</pbcoreAnnotation></pbcoreDescriptionDocument>