<?xml version="1.0" encoding="UTF-8"?><pbcoreDescriptionDocument xmlns="http://www.pbcore.org/PBCore/PBCoreNamespace.html" annotation="V_010310E1F1D44931BA6AB8F1CB7A18A6">
    <pbcoreAssetType>Broadcast program</pbcoreAssetType><pbcoreAssetDate dateType="Item Date">01/02/1996</pbcoreAssetDate><pbcoreIdentifier source="Open Vault UID">V_010310E1F1D44931BA6AB8F1CB7A18A6</pbcoreIdentifier><pbcoreTitle titleType="Series">Championship Ballroom Dancing</pbcoreTitle><pbcoreDescription descriptionType="Series Description">MORE THAN TWO DOZEN OF THE TOP PROFESSIONAL BALLROOM DANCERS FROM ACROSS THE UNITED STATES AND CANADA COMPETE IN THE LATIN AND MODERN DIVISIONS OF THE NATIONAL CHAMPIONSHIPS. 
Series release date: 1985</pbcoreDescription><pbcoreGenre source="Series Topic">Dance</pbcoreGenre><pbcoreGenre source="Series Genre">Event Coverage</pbcoreGenre><pbcoreCreator>
      <creator>Moreno, Aida</creator><creatorRole>Series Producer</creatorRole></pbcoreCreator><pbcoreAnnotation annotationType="Media Type">Video</pbcoreAnnotation></pbcoreDescriptionDocument>