<?xml version="1.0" encoding="UTF-8"?><pbcoreDescriptionDocument xmlns="http://www.pbcore.org/PBCore/PBCoreNamespace.html" annotation="V_DBE9E3C879F04D9696F1173A17AA709A">
    <pbcoreAssetType>Broadcast program</pbcoreAssetType><pbcoreAssetDate dateType="Item Date">12/11/1978</pbcoreAssetDate><pbcoreIdentifier source="Open Vault UID">V_DBE9E3C879F04D9696F1173A17AA709A</pbcoreIdentifier><pbcoreTitle titleType="Program Number">8</pbcoreTitle><pbcoreTitle titleType="Program">Miracle Of Czechoslovakia, The</pbcoreTitle><pbcoreTitle titleType="Series">Course of Our Times, The</pbcoreTitle><pbcoreDescription descriptionType="Program Description">“With the collapse of the Austrian empire at the the close of World War I, the dream of Thomas Masaryk and Edward Benes for independence for the Czechs and Slovaks could be realized.  During the war they led cloak and dagger life in an attempt to enlist support for their objectives and they won out at the Peace Conference.  They reorganized the economic and social structures of the state, creating an industrial and agricultural revolution.  They were the most stalwart supporters of the League of Nations, recognizing that only through collective security could the small states survive.  Until the destruction of the state by Hitler, Czechoslovakia was to be a democratic model in Europe in a vast Fascist and Communist desert.”</pbcoreDescription><pbcoreDescription descriptionType="Asset Description">Dubbed 5/29/96 from A2-01370.  Original date 12/11/78</pbcoreDescription><pbcoreDescription descriptionType="Series Description">Historical survey hosted by Abram Sachar, Brandeis University.
Series release date: 1973</pbcoreDescription><pbcoreGenre source="Series Topic">History</pbcoreGenre><pbcoreGenre source="Series Genre">Educational</pbcoreGenre><pbcoreAnnotation annotationType="Media Type">Video</pbcoreAnnotation><pbcoreAnnotation annotationType="Duration">00:28:56:00</pbcoreAnnotation></pbcoreDescriptionDocument>