<?xml version="1.0" encoding="UTF-8"?><pbcoreDescriptionDocument xmlns="http://www.pbcore.org/PBCore/PBCoreNamespace.html" annotation="V_29EAC0178771451B999715D9E673CA90">
    <pbcoreAssetType>Broadcast program</pbcoreAssetType><pbcoreAssetDate dateType="Item Date">03/14/1996</pbcoreAssetDate><pbcoreIdentifier source="Open Vault UID">V_29EAC0178771451B999715D9E673CA90</pbcoreIdentifier><pbcoreTitle titleType="Program">Path of Most Resistance, The</pbcoreTitle><pbcoreTitle titleType="Program Number">101</pbcoreTitle><pbcoreTitle titleType="Series">Breakthrough: The Changing Face Of Science In America</pbcoreTitle><pbcoreDescription descriptionType="Series Description">Series release date: 1996</pbcoreDescription><pbcoreDescription descriptionType="Program Description">Writing the history of the Milky Way ...catching light from a long-dead star ... building new tools to design tomorrow's technology ... solving theoretical puzzles that baffled Einstein.... In their search to understand the forces that govern space and time, physicists of color are extending humanity's knowledge and imagination.  Featured Scientists:  George Castro, Ph.D., senior research scientist, IBM; France Cordova, Ph.D., chief scientist, NASA; 
S. James Gates, Ph.D., professor of Physics, University of Maryland, College Park; Neil Tyson, Ph.D., research staff, Dept. of  Astrophysics, Princeton University.  •Episode producer:  Thomas Ott
</pbcoreDescription><pbcoreDescription descriptionType="Asset Description">Blackside / WGBH master.   56:46 plus :16 offer</pbcoreDescription><pbcoreGenre source="Series Topic">Science</pbcoreGenre><pbcoreAnnotation annotationType="Duration">00:56:46:00</pbcoreAnnotation><pbcoreAnnotation annotationType="Media Type">Video</pbcoreAnnotation></pbcoreDescriptionDocument>