<?xml version="1.0" encoding="UTF-8"?><pbcoreDescriptionDocument xmlns="http://www.pbcore.org/PBCore/PBCoreNamespace.html" annotation="V_C4A18A4612C5486A8CA5D3C87D7677EC">
    <pbcoreAssetType>Broadcast program</pbcoreAssetType><pbcoreIdentifier source="Open Vault UID">V_C4A18A4612C5486A8CA5D3C87D7677EC</pbcoreIdentifier><pbcoreTitle titleType="Program Number">2202</pbcoreTitle><pbcoreTitle titleType="Series">NOVA</pbcoreTitle><pbcoreTitle titleType="Program">Vikings in America</pbcoreTitle><pbcoreDescription descriptionType="Series Description">Premiered March 1974
NOVA is a general-interest documentary series that addresses a single science issue each week.  Billed as "science adventures for curious grown-ups" when it first aired  in March, 1974, NOVA continues to offer an informative and entertaining approach to a challenging subject.  1996 marked NOVA's 23rd season, which makes it the longest-running science program on national television.  It is also one of television's most acclaimed series, having won every major television award, most of them many times over.
Series release date: 3/3/1974</pbcoreDescription><pbcoreDescription descriptionType="Program Description">The Vikings were legendary warriors, seafarers and traders whose traditions suggest that they discovered North America 500 years before Columbus. Icelandic sagas speak vividly of a land called Vineland the Good, with a number of features corresponding to present-day Labrador and Newfoundland. But can science confirm the Norse legends? And what of the native North Americans they encountered? NOVA investigates the myth and reality of this first historic clash between the Old and the New Worlds.</pbcoreDescription><pbcoreGenre source="Series Genre">Documentary</pbcoreGenre><pbcoreGenre source="Series Topic">Science</pbcoreGenre><pbcoreAnnotation annotationType="Duration">00:60:00:00</pbcoreAnnotation><pbcoreAnnotation annotationType="Media Type">Video</pbcoreAnnotation></pbcoreDescriptionDocument>