<?xml version="1.0" encoding="UTF-8"?><pbcoreDescriptionDocument xmlns="http://www.pbcore.org/PBCore/PBCoreNamespace.html" annotation="V_299047DA84084C4C8593EFB8846B7B7A">
    <pbcoreAssetType>Broadcast program</pbcoreAssetType><pbcoreIdentifier source="Open Vault UID">V_299047DA84084C4C8593EFB8846B7B7A</pbcoreIdentifier><pbcoreTitle titleType="Program Number">58</pbcoreTitle><pbcoreTitle titleType="Series">Advocates</pbcoreTitle><pbcoreTitle titleType="Program">Should your state adopt a pre-trial preventative detention law?</pbcoreTitle><pbcoreDescription descriptionType="Asset Description">Should your state adopt a pre-trial preventative detention law?
Moderator:  Roger Fisher
Advocate:  Howard Miller
Advocate:  William Rusher
Witnesses:
Judge Tim Murphy – Superior Court, Washington, DC
Donald Santarelli – Dept. of Justice
Justice Arthur James – High Court, England
Sgt. Hugh Williams – Newark Police Dept.
Alan Dershowitz – Harvard Law School
Produced by WGBH, bears WGBH copyright.</pbcoreDescription><pbcoreDescription descriptionType="Series Description">A SERIES OF DEBATES with a moderator facilitating the discussion of national and international issues - using advocates who would introduce witnesses to support their point of view.  Debates recorded at Boston's Faneuil Hall.  Moderators included: Michael Dukakis;  Marilyn Berger; Michael Harrington, Robert Maynard.  (Premiered October, 1969; conceived by Prof. Roger Fisher.)  Other participants included Barney Frank, Avi Nelson, Antonin Scalia, S.I. Hayakawa, Paul Simon, Albert Shankar, Richard Bolling, Pete McCloskey, Chester Crocker, John Anderson, Elmo Zumwalt, George Ball, John Kenneth Galbraith, William Colby, Eleanor Smeal, Phyllis Schlafly, Sam Ervin, Laurence Tribe, Daniel Schorr, Orrin Hatch, Morris Udall, Edward Kennedy, George McGovern, Jake Garn, Paul Tsongas, Alan Dershowitz.
Series release date: 1969</pbcoreDescription><pbcoreDescription descriptionType="Program Description">Moderator:  Roger Fisher
Advocate:  Howard Miller
Advocate:  William Rusher
Witnesses:
Judge Tim Murphy – Superior Court, Washington, DC
Donald Santarelli – Dept. of Justice
Justice Arthur James – High Court, England
Sgt. Hugh Williams – Newark Police Dept.
Alan Dershowitz – Harvard Law School
Produced by WGBH, bears WGBH copyright.</pbcoreDescription><pbcoreGenre source="Series Topic">Public Affairs</pbcoreGenre><pbcoreGenre source="Series Topic">Social Issues</pbcoreGenre><pbcoreGenre source="Series Genre">Debate</pbcoreGenre><pbcoreAnnotation annotationType="Media Type">Video</pbcoreAnnotation></pbcoreDescriptionDocument>