<?xml version="1.0" encoding="UTF-8"?><pbcoreDescriptionDocument xmlns="http://www.pbcore.org/PBCore/PBCoreNamespace.html" annotation="V_DA142D595E5147B9B0E811A8C618E925">
    <pbcoreAssetType>Broadcast program</pbcoreAssetType><pbcoreAssetDate dateType="Item Date">03/02/1964</pbcoreAssetDate><pbcoreIdentifier source="Open Vault UID">V_DA142D595E5147B9B0E811A8C618E925</pbcoreIdentifier><pbcoreTitle titleType="Program Number">03</pbcoreTitle><pbcoreTitle titleType="Program">Book of Tea, The</pbcoreTitle><pbcoreTitle titleType="Series">Museum Open House</pbcoreTitle><pbcoreDescription descriptionType="Program Description">Series Description:  Program hosted by Russell Connor of Boston's Museum of Fine Arts.  Each half hour program was devoted to a period of artists and showed works of art with Connor giving the background on the works.</pbcoreDescription><pbcoreDescription descriptionType="Series Description">Program hosted by Russell Connor of Boston's Museum of Fine Arts.  Each half hour program was devoted to a period of artists and showed works of art with Connor giving the background on the works. Early and Mid 1960’s.
Series release date: 1963</pbcoreDescription><pbcoreDescription descriptionType="Asset Description">Dubbed from A2-03139.   Original date 3/2/64.</pbcoreDescription><pbcoreGenre source="Series Topic">Fine Arts</pbcoreGenre><pbcoreGenre source="Series Genre">Educational</pbcoreGenre><pbcoreAnnotation annotationType="Media Type">Video</pbcoreAnnotation><pbcoreAnnotation annotationType="Duration">00:28:55:00</pbcoreAnnotation></pbcoreDescriptionDocument>