<?xml version="1.0" encoding="UTF-8"?><pbcoreDescriptionDocument xmlns="http://www.pbcore.org/PBCore/PBCoreNamespace.html" annotation="V_E09EA2975BFD4979A7C8EB38A3684F1C">
    <pbcoreAssetType>Broadcast program</pbcoreAssetType><pbcoreAssetDate dateType="Item Date">01/03/1975</pbcoreAssetDate><pbcoreIdentifier source="Open Vault UID">V_E09EA2975BFD4979A7C8EB38A3684F1C</pbcoreIdentifier><pbcoreTitle titleType="Program">SINAI</pbcoreTitle><pbcoreTitle titleType="Program Number">102</pbcoreTitle><pbcoreTitle titleType="Series">Arabs and Israelis</pbcoreTitle><pbcoreDescription descriptionType="Asset Description">Dubbed from A2-00761 on 5/21/96.  Original date 1/3/75</pbcoreDescription><pbcoreDescription descriptionType="Program Description">Series of seven programs contrasting perceptions of Middle East conflict and the chance for peace expressed by some of the people who have the most at stake.</pbcoreDescription><pbcoreDescription descriptionType="Series Description">Series of seven programs contrasting perceptions of Middle East conflict and the chance for peace expressed by some of the people who have the most at stake.  
Series release date: 1975</pbcoreDescription><pbcoreGenre source="Series Topic">War and Conflict</pbcoreGenre><pbcoreGenre source="Series Topic">Global Affairs</pbcoreGenre><pbcoreGenre source="Series Genre">Documentary</pbcoreGenre><pbcoreAnnotation annotationType="Media Type">Video</pbcoreAnnotation><pbcoreAnnotation annotationType="Duration">00:28:55:00</pbcoreAnnotation></pbcoreDescriptionDocument>