<?xml version="1.0" encoding="UTF-8"?><pbcoreDescriptionDocument xmlns="http://www.pbcore.org/PBCore/PBCoreNamespace.html" annotation="V_0E24B5B36A4444BC897522D23DDB0617">
    <pbcoreAssetType>Broadcast program</pbcoreAssetType><pbcoreIdentifier source="Open Vault UID">V_0E24B5B36A4444BC897522D23DDB0617</pbcoreIdentifier><pbcoreTitle titleType="Series">What's Happening Mr. Silver</pbcoreTitle><pbcoreTitle titleType="Program Number">113</pbcoreTitle><pbcoreTitle titleType="Program">Mel Lyman: Avatar</pbcoreTitle><pbcoreDescription descriptionType="Series Description">This series experiments with new form and new ways of handling its subject matter by incorporating a youthful style and sense of concern.
Series release date: 1967</pbcoreDescription><pbcoreDescription descriptionType="Program Description">Series Description:  This series experiments with new form and new ways of handling its subject matter by incorporating a youthful style and sense of concern.</pbcoreDescription><pbcoreCreator>
      <creator>Barzyk, Fred</creator><creatorRole>Series Producer</creatorRole></pbcoreCreator><pbcoreAnnotation annotationType="Media Type">Video</pbcoreAnnotation><pbcoreAnnotation annotationType="Duration">00:24:50:00</pbcoreAnnotation></pbcoreDescriptionDocument>