<?xml version="1.0" encoding="UTF-8"?><pbcoreDescriptionDocument xmlns="http://www.pbcore.org/PBCore/PBCoreNamespace.html" annotation="V_3374FA33DFF6454A8A55E2A0C46B0E34">
    <pbcoreAssetType>Broadcast program</pbcoreAssetType><pbcoreIdentifier source="Open Vault UID">V_3374FA33DFF6454A8A55E2A0C46B0E34</pbcoreIdentifier><pbcoreTitle titleType="Program">Artist in the Seventies, An: Peter Campus</pbcoreTitle><pbcoreTitle titleType="Series">Frames of Reference</pbcoreTitle><pbcoreSubject>Documentaries and factual works</pbcoreSubject><pbcoreSubject>Compilation films</pbcoreSubject><pbcoreSubject>Video art</pbcoreSubject><pbcoreDescription descriptionType="Program Description">“An Artist in the Seventies” is a documentary-style compilation of works by video artist Peter Campus.  In addition to the four short works presented, the program features interviews with Fred Barzyk and Olivia Tappan of WGBH, Barbara London of the Museum of Modern Art, Joyce Nero of the John Weber Gallery, and the critics and funders Russell Connor and Brian O'Doherty.  These individuals analyze and discuss the importance of Campus' work and the emergence of video art as a new field, emphasizing the ways that art-making practices of the 1970's differ from those of the previous decade.  The works themselves feature portraits, mostly self-portraits, which play with camera techniques and props to create the illusion that figures are disappearing and emerging.  The works included are “Three Transitions,” “Four Sided Tape,” “East Ended Tape,” and “Third Tape.”</pbcoreDescription><pbcoreDescription descriptionType="Series Description">“Frames of Reference” was a series that began circa 1978.  Half-hour shows were produced to showcase commissioned and already created works.  It was around this time that the focus of the Workshop shifted, to concentrate more heavily on creating works for broadcast. During its time, “Frames of Reference” was the focus of the Workshop’s national arts programming effort.  In an attempt to raise funds and foster collaboration, Workshop personnel approached and visited several public television stations nationwide.  The major collaborative relationship was with WGBH’s “sister station,” WGBY (Springfield, Mass.).  Among the featured artists were Meredith Monk, Remy Charlip, Trisha Brown, and Peter Campus.  In 1981, “Frames of Reference” was packaged and offered to PBS, during what is known as “flex time” and was broadcast by WGBH, WNET (New York), and WGBY (Springfield, Mass.).  “Frames of Reference” ended as a series ca. 1983, because of a lack of funding.
Series release date: 1978</pbcoreDescription><pbcoreGenre source="Series Topic">Film and Television</pbcoreGenre><pbcoreCreator>
      <creator>Campus, Peter, 1937-</creator></pbcoreCreator><pbcoreContributor>
      <contributor>Connor, Russell</contributor></pbcoreContributor><pbcoreContributor>
      <contributor>Erdman, John</contributor></pbcoreContributor><pbcoreContributor>
      <contributor>Dowling, Susan</contributor></pbcoreContributor><pbcoreAnnotation annotationType="Media Type">Video</pbcoreAnnotation><pbcoreAnnotation annotationType="Special Collection Tag">ntw_record</pbcoreAnnotation><pbcoreAnnotation annotationType="Special Collection">new_television_workshop</pbcoreAnnotation><pbcoreAnnotation annotationType="Duration">00:30:00:00</pbcoreAnnotation></pbcoreDescriptionDocument>