<?xml version="1.0" encoding="UTF-8"?><pbcoreDescriptionDocument xmlns="http://www.pbcore.org/PBCore/PBCoreNamespace.html" annotation="V_9FCEC44F42B84703B074C66540082B7A">
    <pbcoreAssetType>Broadcast program</pbcoreAssetType><pbcoreAssetDate dateType="Item Date">11/09/1964</pbcoreAssetDate><pbcoreIdentifier source="Open Vault UID">V_9FCEC44F42B84703B074C66540082B7A</pbcoreIdentifier><pbcoreTitle titleType="Program Number">108</pbcoreTitle><pbcoreTitle titleType="Series">College Bound</pbcoreTitle><pbcoreDescription descriptionType="Series Description">Hosted by Harold G. Ridlon, Asst. Professor of English, Tufts University.  B&amp;W, recorded in WGBH Studio.  Producer: Sharon Pucker, Director: Christopher Sarson.
Series release date: 1965</pbcoreDescription><pbcoreCreator>
      <creator>Pucker, Sharon</creator><creatorRole>Series Producer</creatorRole></pbcoreCreator><pbcoreAnnotation annotationType="Duration">00:30:00:00</pbcoreAnnotation><pbcoreAnnotation annotationType="Media Type">Video</pbcoreAnnotation></pbcoreDescriptionDocument>