<?xml version="1.0" encoding="UTF-8"?><pbcoreDescriptionDocument xmlns="http://www.pbcore.org/PBCore/PBCoreNamespace.html" annotation="V_E630EC20625744C7AE0304FE3EA1742D">
    <pbcoreAssetType>Broadcast program</pbcoreAssetType><pbcoreIdentifier source="Open Vault UID">V_E630EC20625744C7AE0304FE3EA1742D</pbcoreIdentifier><pbcoreTitle titleType="Program">Odyssey of Gloria Twinson, The</pbcoreTitle><pbcoreTitle titleType="Series">Flick Out</pbcoreTitle><pbcoreDescription descriptionType="Program Description">Richard (Dick) Bartlett’s tale of the awakening, explosion and suicide of a middle aged, small town homebody-nobody.  It was filmed with non-actors and an improvised script in his hometown of Georgetown, MA.   B&amp;W, RT: 30:00.</pbcoreDescription><pbcoreDescription descriptionType="Series Description">Originally aired on May 22, 1968 as a four and a half hour marathon showcasing young filmmakers.  Hosted by Standish Lawder, Yale University film professor, “Flick Out” gave viewers the chance to watch some of the most creative films being produced at that time.  It included short documentaries, film essays, animated cartoons and full-length features that illuminated the art of film.

Beginning in July 1968, “Flickout” became a weekly half-hour series, produced by Henry Morgenthau, showing experimental films from both new, young filmmakers, and established craftsmen.  Whenever possible Morgenthau interviews the filmmaker whose work is being shown.
Series release date: 5/22/1968</pbcoreDescription><pbcoreGenre source="Series Topic">Film and Television</pbcoreGenre><pbcoreCreator>
      <creator>Morgenthau III, Henry</creator><creatorRole>Series Producer</creatorRole></pbcoreCreator><pbcoreAnnotation annotationType="Duration">00:33:10:00</pbcoreAnnotation><pbcoreAnnotation annotationType="Media Type">Video</pbcoreAnnotation></pbcoreDescriptionDocument>