<?xml version="1.0" encoding="UTF-8"?><pbcoreDescriptionDocument xmlns="http://www.pbcore.org/PBCore/PBCoreNamespace.html" annotation="V_3AC62D41EE2148C68FAF4FA2C8F51A3F">
    <pbcoreAssetType>Broadcast program</pbcoreAssetType><pbcoreAssetDate dateType="Item Date">06/13/1975</pbcoreAssetDate><pbcoreIdentifier source="Open Vault UID">V_3AC62D41EE2148C68FAF4FA2C8F51A3F</pbcoreIdentifier><pbcoreTitle titleType="Series">Evening Compass, The</pbcoreTitle><pbcoreTitle titleType="Program">Lyons Commentary 6/13/1975</pbcoreTitle><pbcoreDescription descriptionType="Series Description">Premiered January 1974

The Evening Compass was a half-hour program airing Monday - Friday at 7 pm, repeated at 10:30. With co-anchormen Ed Baumeister and Louis Lyons, its purpose was to interpret news already reported elsewhere and to recognize, report and interpret news not reported elsewhere.  Compass Specials were occasional broadcasts at other times that usually covered actual events as opportunities and resources permitted. Evening Compass incorporated the staff of Louis Lyons/News and Comment and The Reporters. 

See Prime Time January and February 1974 for cover stories.
Series release date: 1/2/1974</pbcoreDescription><pbcoreDescription descriptionType="Asset Description">Lyons Commentary</pbcoreDescription><pbcoreDescription descriptionType="Program Description">Closing portion of 6/13/1975 Evening Compass program.  Partial segment of Louis Lyons interviewing unidentified guest regarding President Gerald Ford meeting with Egyptian President Anwar Sadat the prior night.   Interview is followed by Lyons commentary regarding Harvard Commencement and awarding of honorary degrees.  Tape ends with closing credits for Evening Compass.  1975.</pbcoreDescription><pbcoreGenre source="Series Topic">News</pbcoreGenre><pbcoreGenre source="Series Genre">News Report</pbcoreGenre><pbcoreCreator>
      <creator>Stuart, Charles</creator><creatorRole>Series Producer</creatorRole></pbcoreCreator><pbcoreAnnotation annotationType="Duration">00:07:20:00</pbcoreAnnotation><pbcoreAnnotation annotationType="Media Type">Video</pbcoreAnnotation></pbcoreDescriptionDocument>