<?xml version="1.0" encoding="UTF-8"?><pbcoreDescriptionDocument xmlns="http://www.pbcore.org/PBCore/PBCoreNamespace.html" annotation="V_49009AA5CD9E46F096E06FC0732BEF19">
    <pbcoreAssetType>Broadcast program</pbcoreAssetType><pbcoreIdentifier source="Open Vault UID">V_49009AA5CD9E46F096E06FC0732BEF19</pbcoreIdentifier><pbcoreTitle titleType="Program Number">63</pbcoreTitle><pbcoreTitle titleType="Series">Advocates</pbcoreTitle><pbcoreTitle titleType="Program">Should President Nixon pardon Lieutenant Calley?</pbcoreTitle><pbcoreDescription descriptionType="Asset Description">Should President Nixon pardon Lieutenant Calley?
Moderator:  Roger Fisher
Advocate:  Howard Miller
Advocate:  Marshall Simonds
Witnesses:
Ronald Haeberle – My Lai witness
David Crane, MD – Psychiatrist
Thomas Gumbleton – Aux. Bishop, Detroit
Lt. Barry Kowalski – Marine reserves
John Norton Moore – University of Virginia Law School
Seymour Lipset – Harvard Sociologist
Produced at WGBH. (no copyright notice)</pbcoreDescription><pbcoreDescription descriptionType="Series Description">A SERIES OF DEBATES with a moderator facilitating the discussion of national and international issues - using advocates who would introduce witnesses to support their point of view.  Debates recorded at Boston's Faneuil Hall.  Moderators included: Michael Dukakis;  Marilyn Berger; Michael Harrington, Robert Maynard.  (Premiered October, 1969; conceived by Prof. Roger Fisher.)  Other participants included Barney Frank, Avi Nelson, Antonin Scalia, S.I. Hayakawa, Paul Simon, Albert Shankar, Richard Bolling, Pete McCloskey, Chester Crocker, John Anderson, Elmo Zumwalt, George Ball, John Kenneth Galbraith, William Colby, Eleanor Smeal, Phyllis Schlafly, Sam Ervin, Laurence Tribe, Daniel Schorr, Orrin Hatch, Morris Udall, Edward Kennedy, George McGovern, Jake Garn, Paul Tsongas, Alan Dershowitz.
Series release date: 1969</pbcoreDescription><pbcoreDescription descriptionType="Program Description">Moderator:  Roger Fisher
Advocate:  Howard Miller
Advocate:  Marshall Simonds
Witnesses:
Ronald Haeberle – My Lai witness
David Crane, MD – Psychiatrist
Thomas Gumbleton – Aux. Bishop, Detroit
Lt. Barry Kowalski – Marine reserves
John Norton Moore – University of Virginia Law School
Seymour Lipset – Harvard Sociologist
Produced at WGBH. (no copyright notice)</pbcoreDescription><pbcoreGenre source="Series Topic">Public Affairs</pbcoreGenre><pbcoreGenre source="Series Topic">Social Issues</pbcoreGenre><pbcoreGenre source="Series Genre">Debate</pbcoreGenre><pbcoreAnnotation annotationType="Media Type">Video</pbcoreAnnotation></pbcoreDescriptionDocument>