<?xml version="1.0" encoding="UTF-8"?><pbcoreDescriptionDocument xmlns="http://www.pbcore.org/PBCore/PBCoreNamespace.html" annotation="V_49D1349FA12D419C9BC4B80AD388D0C2">
    <pbcoreAssetType>Broadcast program</pbcoreAssetType><pbcoreAssetDate dateType="Item Date">02/05/1975</pbcoreAssetDate><pbcoreIdentifier source="Open Vault UID">V_49D1349FA12D419C9BC4B80AD388D0C2</pbcoreIdentifier><pbcoreTitle titleType="Program Number">104</pbcoreTitle><pbcoreTitle titleType="Series">Arabs and Israelis</pbcoreTitle><pbcoreTitle titleType="Program">STORIES OF ALI DARWISH AND HANA MERON</pbcoreTitle><pbcoreDescription descriptionType="Series Description">Series of seven programs contrasting perceptions of Middle East conflict and the chance for peace expressed by some of the people who have the most at stake.  
Series release date: 1975</pbcoreDescription><pbcoreDescription descriptionType="Asset Description">Original date 2/5/75.  Dubbed from A2-00763</pbcoreDescription><pbcoreDescription descriptionType="Program Description">Series of seven programs contrasting perceptions of Middle East conflict and the chance for peace expressed by some of the people who have the most at stake.</pbcoreDescription><pbcoreGenre source="Series Topic">Global Affairs</pbcoreGenre><pbcoreGenre source="Series Topic">War and Conflict</pbcoreGenre><pbcoreGenre source="Series Genre">Documentary</pbcoreGenre><pbcoreAnnotation annotationType="Media Type">Video</pbcoreAnnotation><pbcoreAnnotation annotationType="Duration">00:27:35:00</pbcoreAnnotation></pbcoreDescriptionDocument>