<?xml version="1.0" encoding="UTF-8"?><pbcoreDescriptionDocument xmlns="http://www.pbcore.org/PBCore/PBCoreNamespace.html" annotation="V_9EED746ECD0E4F2CBB27386C76E5B725">
    <pbcoreAssetType>Broadcast program</pbcoreAssetType><pbcoreIdentifier source="Open Vault UID">V_9EED746ECD0E4F2CBB27386C76E5B725</pbcoreIdentifier><pbcoreTitle titleType="Series">Michael Ambrosino’s Show</pbcoreTitle><pbcoreTitle titleType="Program Number">101</pbcoreTitle><pbcoreTitle titleType="Program">Boston at Dawn</pbcoreTitle><pbcoreDescription descriptionType="Program Description">A record of the city at dawn: a spectacular sunrise followed by looking at the Harbor, highway construction, the morning rush hour, the downtown and business districts, Chinatown, the North End,  Haymarket, Massachusetts Ave., the Prudential Center, City Hall, the Mystic River Bridge, Chelsea, Back Bay and the Charles River. We see early morning strollers, on duty police, kids on the way to school, joggers, bumper to bumper drivers, seamen and housewives out for a bargain.</pbcoreDescription><pbcoreDescription descriptionType="Series Description">Series of programs intended to highlight communities in the Greater Boston Area as well as to encourage local citizens to become more involved with community activities. 
Series release date: 1969</pbcoreDescription><pbcoreDescription descriptionType="Asset Description">A series hosted by producer Michael Ambrosino.  This program is a cinema-verité type look at Boston in the early morning.</pbcoreDescription><pbcoreGenre source="Series Topic">Social Issues</pbcoreGenre><pbcoreGenre source="Series Topic">Local Communities</pbcoreGenre><pbcoreAnnotation annotationType="Duration">00:28:55:00</pbcoreAnnotation><pbcoreAnnotation annotationType="Media Type">Video</pbcoreAnnotation></pbcoreDescriptionDocument>