<?xml version="1.0" encoding="UTF-8"?><pbcoreDescriptionDocument xmlns="http://www.pbcore.org/PBCore/PBCoreNamespace.html" annotation="V_0B029F1C44F34EB9936014060E448FC6">
    <pbcoreAssetType>Broadcast program</pbcoreAssetType><pbcoreAssetDate dateType="Item Date">06/26/1973</pbcoreAssetDate><pbcoreIdentifier source="Open Vault UID">V_0B029F1C44F34EB9936014060E448FC6</pbcoreIdentifier><pbcoreTitle titleType="Program">Art Carney</pbcoreTitle><pbcoreTitle titleType="Series">Elliot Norton Reviews</pbcoreTitle><pbcoreDescription descriptionType="Series Description">Boston theatre critic Elliot Norton interviews prominent actors, directors and producers on their craft.
(Aired from October, 1958 to 1982.  Winner of both Peabody and Tony Awards.)
Series release date: 1958</pbcoreDescription><pbcoreDescription descriptionType="Program Description">Art Carney opens the Ogunquit Playhouse’s 41st season in Neil Simon’s “The Prisoner of second Avenue” which has been playing to standing room only houses in New York.

Taped June 26, 1973.</pbcoreDescription><pbcoreGenre source="Series Topic">Performing Arts</pbcoreGenre><pbcoreGenre source="Series Genre">Talk Show</pbcoreGenre><pbcoreAnnotation annotationType="Media Type">Video</pbcoreAnnotation></pbcoreDescriptionDocument>