<?xml version="1.0" encoding="UTF-8"?><pbcoreDescriptionDocument xmlns="http://www.pbcore.org/PBCore/PBCoreNamespace.html" annotation="V_D2EAB08E5EC4455AA17B6A09276AB468">
    <pbcoreAssetType>Broadcast program</pbcoreAssetType><pbcoreAssetDate dateType="Item Date">09/08/1975</pbcoreAssetDate><pbcoreIdentifier source="Open Vault UID">V_D2EAB08E5EC4455AA17B6A09276AB468</pbcoreIdentifier><pbcoreTitle titleType="Series">Evening Compass, The</pbcoreTitle><pbcoreDescription descriptionType="Asset Description">Ten O'Clock News tape A52</pbcoreDescription><pbcoreDescription descriptionType="Series Description">Premiered January 1974

The Evening Compass was a half-hour program airing Monday - Friday at 7 pm, repeated at 10:30. With co-anchormen Ed Baumeister and Louis Lyons, its purpose was to interpret news already reported elsewhere and to recognize, report and interpret news not reported elsewhere.  Compass Specials were occasional broadcasts at other times that usually covered actual events as opportunities and resources permitted. Evening Compass incorporated the staff of Louis Lyons/News and Comment and The Reporters. 

See Prime Time January and February 1974 for cover stories.
Series release date: 1/2/1974</pbcoreDescription><pbcoreGenre source="Series Genre">News Report</pbcoreGenre><pbcoreGenre source="Series Topic">News</pbcoreGenre><pbcoreCreator>
      <creator>Stuart, Charles</creator><creatorRole>Series Producer</creatorRole></pbcoreCreator><pbcoreAnnotation annotationType="Media Type">Video</pbcoreAnnotation><pbcoreAnnotation annotationType="Duration">00:30:00:00</pbcoreAnnotation></pbcoreDescriptionDocument>