<?xml version="1.0" encoding="UTF-8"?><pbcoreDescriptionDocument xmlns="http://www.pbcore.org/PBCore/PBCoreNamespace.html" annotation="V_9DA3555996AA4DBD80421E9F8811C059">
    <pbcoreAssetType>Broadcast program</pbcoreAssetType><pbcoreAssetDate dateType="Item Date">07/02/1975</pbcoreAssetDate><pbcoreIdentifier source="Open Vault UID">V_9DA3555996AA4DBD80421E9F8811C059</pbcoreIdentifier><pbcoreTitle titleType="Program Number">101</pbcoreTitle><pbcoreTitle titleType="Series">Boston Common; Boston Proper</pbcoreTitle><pbcoreDescription descriptionType="Asset Description">Original date: 7/2/1975.</pbcoreDescription><pbcoreDescription descriptionType="Series Description">Tongue-in-cheek look at locations and attractions in and around Boston, designed for tourists and those who are new to the area.  Featuring Tony Kahn and Arnie Reisman.  Pilot program also features Jayne Chamberlain; Robert J. Lurtsema; etal.  Produced by Fred Barzyk.  1975.
Series release date: 1975</pbcoreDescription><pbcoreGenre source="Series Topic">Humor</pbcoreGenre><pbcoreCreator>
      <creator>Barzyk, Fred</creator><creatorRole>Series Producer</creatorRole></pbcoreCreator><pbcoreAnnotation annotationType="Duration">00:28:41:00</pbcoreAnnotation><pbcoreAnnotation annotationType="Media Type">Video</pbcoreAnnotation></pbcoreDescriptionDocument>