<?xml version="1.0" encoding="UTF-8"?><pbcoreDescriptionDocument xmlns="http://www.pbcore.org/PBCore/PBCoreNamespace.html" annotation="V_9F1B0D2B07E942DA9D6F4DD83B8608A6">
    <pbcoreAssetType>Broadcast program</pbcoreAssetType><pbcoreAssetDate dateType="Item Date">06/14/1976</pbcoreAssetDate><pbcoreIdentifier source="Open Vault UID">V_9F1B0D2B07E942DA9D6F4DD83B8608A6</pbcoreIdentifier><pbcoreTitle titleType="Series">Ten O'Clock News</pbcoreTitle><pbcoreDescription descriptionType="Asset Description">Original date 6/14/76 #A194</pbcoreDescription><pbcoreDescription descriptionType="Series Description">NIGHTLY NEWS WITH CHRISTOPHER LYDON AND CARMEN FIELDS
Began January 1976.  Replaced evening news show EVENING COMPASS. Original host: Steve Nevas.  Other anchors, Christopher Lydon (1977-91) and Gail Harris (1983). In 1980 - hour long.  Ended in 1991.

(PREDECESSORS:  Louis Lyons began news operations at WGBH in 1952.  The News at 10 began in 1966.  The Reporters premiered in 1970.  The Evening Compass started in 1974.)
Series release date: 1/1976</pbcoreDescription><pbcoreGenre source="Series Genre">News Report</pbcoreGenre><pbcoreGenre source="Series Topic">News</pbcoreGenre><pbcoreAnnotation annotationType="Media Type">Video</pbcoreAnnotation><pbcoreAnnotation annotationType="Duration">00:30:00:00</pbcoreAnnotation></pbcoreDescriptionDocument>