<?xml version="1.0" encoding="UTF-8"?><pbcoreDescriptionDocument xmlns="http://www.pbcore.org/PBCore/PBCoreNamespace.html" annotation="V_7E3607D18C3149A2A84A5737FD729C4D">
    <pbcoreAssetType>Broadcast program</pbcoreAssetType><pbcoreIdentifier source="Open Vault UID">V_7E3607D18C3149A2A84A5737FD729C4D</pbcoreIdentifier><pbcoreTitle titleType="Program Number">102</pbcoreTitle><pbcoreTitle titleType="Series">What's Happening Mr. Silver</pbcoreTitle><pbcoreTitle titleType="Program">Underground Films</pbcoreTitle><pbcoreDescription descriptionType="Program Description">Interview with filmmakers Otto Preminger and Andy Warhol, and scenes from several underground films.</pbcoreDescription><pbcoreDescription descriptionType="Series Description">This series experiments with new form and new ways of handling its subject matter by incorporating a youthful style and sense of concern.
Series release date: 1967</pbcoreDescription><pbcoreCreator>
      <creator>Barzyk, Fred</creator><creatorRole>Series Producer</creatorRole></pbcoreCreator><pbcoreAnnotation annotationType="Media Type">Video</pbcoreAnnotation><pbcoreAnnotation annotationType="Duration">00:58:40:00</pbcoreAnnotation></pbcoreDescriptionDocument>