<?xml version="1.0" encoding="UTF-8"?><pbcoreDescriptionDocument xmlns="http://www.pbcore.org/PBCore/PBCoreNamespace.html" annotation="V_3FAB18D2E7FF4736982520EB5420D2E6">
    <pbcoreAssetType>Broadcast program</pbcoreAssetType><pbcoreIdentifier source="Open Vault UID">V_3FAB18D2E7FF4736982520EB5420D2E6</pbcoreIdentifier><pbcoreTitle titleType="Program">Fred Wiseman</pbcoreTitle><pbcoreTitle titleType="Series">Flick Out</pbcoreTitle><pbcoreDescription descriptionType="Program Description">Series description: "GBH Radio's nightly magazine of issues, arts, and ideas in New England."</pbcoreDescription><pbcoreDescription descriptionType="Series Description">Originally aired on May 22, 1968 as a four and a half hour marathon showcasing young filmmakers.  Hosted by Standish Lawder, Yale University film professor, “Flick Out” gave viewers the chance to watch some of the most creative films being produced at that time.  It included short documentaries, film essays, animated cartoons and full-length features that illuminated the art of film.

Beginning in July 1968, “Flickout” became a weekly half-hour series, produced by Henry Morgenthau, showing experimental films from both new, young filmmakers, and established craftsmen.  Whenever possible Morgenthau interviews the filmmaker whose work is being shown.
Series release date: 5/22/1968</pbcoreDescription><pbcoreGenre source="Series Topic">Film and Television</pbcoreGenre><pbcoreCreator>
      <creator>Morgenthau III, Henry</creator><creatorRole>Series Producer</creatorRole></pbcoreCreator><pbcoreAnnotation annotationType="Duration">00:48:10:00</pbcoreAnnotation><pbcoreAnnotation annotationType="Media Type">Video</pbcoreAnnotation></pbcoreDescriptionDocument>