<?xml version="1.0" encoding="UTF-8"?><pbcoreDescriptionDocument xmlns="http://www.pbcore.org/PBCore/PBCoreNamespace.html" annotation="V_40F3D50FF31243B3BA5D2E2626D6F326">
    <pbcoreAssetType>Broadcast program</pbcoreAssetType><pbcoreAssetDate dateType="Item Date">03/19/1997</pbcoreAssetDate><pbcoreIdentifier source="Open Vault UID">V_40F3D50FF31243B3BA5D2E2626D6F326</pbcoreIdentifier><pbcoreTitle titleType="Program">Secrets of Lost Empires</pbcoreTitle><pbcoreTitle titleType="Series">NOVA</pbcoreTitle><pbcoreTitle titleType="Program Number">2403, 2404, 2405, 2406</pbcoreTitle><pbcoreDescription descriptionType="Asset Description">ITEL Reel  White label master.</pbcoreDescription><pbcoreDescription descriptionType="Series Description">Premiered March 1974
NOVA is a general-interest documentary series that addresses a single science issue each week.  Billed as "science adventures for curious grown-ups" when it first aired  in March, 1974, NOVA continues to offer an informative and entertaining approach to a challenging subject.  1996 marked NOVA's 23rd season, which makes it the longest-running science program on national television.  It is also one of television's most acclaimed series, having won every major television award, most of them many times over.
Series release date: 3/3/1974</pbcoreDescription><pbcoreDescription descriptionType="Program Description">Broadcast in 1997.  The second set of programs aired under the series title Secrets of Lost Empires as a special Nova presentation.

STONEHENGE/INCA  The first hour of SECRETS OF LOST EMPIRES addresses one of the biggest riddles in archaeology: How did the Stone Age people of Britain drag enormous stones weighing up to 40 tons across 20 miles of rolling hills, and then erect and arrange them according to a precise solar alignment that is still accurate today?  "Stonehenge" has the answer.  Directly following "Stonehenge,", "Inca" explores an equally deep, New World mystery: How did the Incas of South America build magnificent temples and fortresses from huge blocks of tightly-fitting stone, and span deep chasms with gossamer grass bridges?  The Incas had no arch, no wheel, no codified mathematics, no system of writing.  And yet they did it.
OBELISK/COLOSSEUM  "Obelisk" explores how the ancient Egyptians used ropes, dirt, sticks and stones to carve and raise solid granite obelisks weighing hundreds of tons that would tax the most modern construction site equipment from our own era.  "Colosseum" employs expert circus-tent riggers to show how the biggest big top of all was raised: the awesome awning that once shaded the Roman Colosseum during gladiatorial duels, mock sea battles and the spectacle of wild animals feasting on helpless captives.  The surprising engineering difficulty of the awning proves that Romans took their comfort very seriously.</pbcoreDescription><pbcoreGenre source="Series Topic">Science</pbcoreGenre><pbcoreGenre source="Series Genre">Documentary</pbcoreGenre><pbcoreAnnotation annotationType="Duration">00:17:37:00</pbcoreAnnotation><pbcoreAnnotation annotationType="Media Type">Video</pbcoreAnnotation></pbcoreDescriptionDocument>