<?xml version="1.0" encoding="UTF-8"?><pbcoreDescriptionDocument xmlns="http://www.pbcore.org/PBCore/PBCoreNamespace.html" annotation="V_5BFF704A6C4844E1AA2EE376AB599424">
    <pbcoreAssetType>Broadcast program</pbcoreAssetType><pbcoreAssetDate dateType="Item Date">02/26/1969</pbcoreAssetDate><pbcoreIdentifier source="Open Vault UID">V_5BFF704A6C4844E1AA2EE376AB599424</pbcoreIdentifier><pbcoreTitle titleType="Program">Genuine Tong Funeral with Gary Burton, A</pbcoreTitle><pbcoreTitle titleType="Series">Mixed Bag</pbcoreTitle><pbcoreDescription descriptionType="Series Description">Musical performance in the studios of  WGBH by Livingston Taylor; Stephan Michelson aka "Delta X"; and Mike Stewart aka "Backwards Sam Frik."  Program is introduced by host J.J. Jackson of WBCN; directed by David Atwood; produced by Lee Tanner and David Atwood.  Recorded 4/7/1970, for later broadcast.  RT: 30:00

 Innovative series of programs in which electronic images are set to music.
Series release date: 4/7/1970</pbcoreDescription><pbcoreDescription descriptionType="Asset Description">There is a brief musical number following the closing production credits and before final Mixed Bag bug at end of tape.</pbcoreDescription><pbcoreDescription descriptionType="Program Description">The Gary Burton Quartet and the Berklee School Orchestra perform “A Genuine Tong Funeral: A Dark Opera Without Words” by Carla Bley.  Produced by Lee Tanner and David Atwood, directed by David Atwood.  VTR 2/26/1969.</pbcoreDescription><pbcoreGenre source="Series Genre">Performance in a Studio</pbcoreGenre><pbcoreGenre source="Series Topic">Music</pbcoreGenre><pbcoreCreator>
      <creator>Atwood, David</creator><creatorRole>Series Producer</creatorRole></pbcoreCreator><pbcoreCreator>
      <creator>Tanner, Lee</creator><creatorRole>Series Producer</creatorRole></pbcoreCreator><pbcoreAnnotation annotationType="Duration">00:28:55:00</pbcoreAnnotation><pbcoreAnnotation annotationType="Media Type">Video</pbcoreAnnotation></pbcoreDescriptionDocument>