<?xml version="1.0" encoding="UTF-8"?><pbcoreDescriptionDocument xmlns="http://www.pbcore.org/PBCore/PBCoreNamespace.html" annotation="V_995DB71C1C604D988C23D0D1B3B48DDE">
    <pbcoreAssetType>Broadcast program</pbcoreAssetType><pbcoreIdentifier source="Open Vault UID">V_995DB71C1C604D988C23D0D1B3B48DDE</pbcoreIdentifier><pbcoreTitle titleType="Program">Selected Works Of William Wegman</pbcoreTitle><pbcoreTitle titleType="Series">Video Television Review</pbcoreTitle><pbcoreTitle titleType="Program Number">110</pbcoreTitle><pbcoreDescription descriptionType="Asset Description">This tape contains the NTW website clip of Wegman teaching his dog Man Ray how to spell.</pbcoreDescription><pbcoreDescription descriptionType="Program Description">Series Description: A product of TV Lab, this series showcases half-hour to hour-long works by video artists, documentarians, and independent video producers.   The series also looks at new technologies such as synthesizers, lasers, satellites, computers, and holograms, which could play a role in video art.  The series was underwritten by the New York State Council on the Arts and the Rockefeller Foundation.  Series hosted by Russell Connor.</pbcoreDescription><pbcoreDescription descriptionType="Series Description">A product of TV Lab, this series showcases half-hour to hour-long works by video artists, documentarians, and independent video producers.   The series also looks at new technologies such as synthesizers, lasers, satellites, computers, and holograms, which could play a role in video art.  The series was underwritten by the New York State Council on the Arts and the Rockefeller Foundation.  Series hosted by Russell Connor.
Series release date: 1975</pbcoreDescription><pbcoreGenre source="Series Topic">Film and Television</pbcoreGenre><pbcoreAnnotation annotationType="Duration">00:30:00:00</pbcoreAnnotation><pbcoreAnnotation annotationType="Media Type">Video</pbcoreAnnotation></pbcoreDescriptionDocument>