<?xml version="1.0" encoding="UTF-8"?><pbcoreDescriptionDocument xmlns="http://www.pbcore.org/PBCore/PBCoreNamespace.html" annotation="V_66CB19A616324DA28A92D6B4E4E0F366">
    <pbcoreAssetType>Broadcast program</pbcoreAssetType><pbcoreAssetDate dateType="Item Date">11/10/1972</pbcoreAssetDate><pbcoreIdentifier source="Open Vault UID">V_66CB19A616324DA28A92D6B4E4E0F366</pbcoreIdentifier><pbcoreTitle titleType="Program Number">119</pbcoreTitle><pbcoreTitle titleType="Series">Theonie On Greek Island Cooking</pbcoreTitle><pbcoreTitle titleType="Program">Ornitha Kokkinisti</pbcoreTitle><pbcoreDescription descriptionType="Series Description">How-to program on Greek cooking  hosted by Theonie Mark.  Produced by Margaret MacLeod, Directed by Russ Fortier.   
Series release date: 1972</pbcoreDescription><pbcoreDescription descriptionType="Program Description">Red Roasted Chicken.

Series Description: How-to program on Greek cooking  hosted by Theonie Mark.  Produced by Margaret MacLeod, Directed by Russ Fortier, 1972.</pbcoreDescription><pbcoreGenre source="Series Topic">Cooking</pbcoreGenre><pbcoreGenre source="Series Genre">Instructional</pbcoreGenre><pbcoreCreator>
      <creator>MacLeod, Margaret I.</creator><creatorRole>Producer</creatorRole></pbcoreCreator><pbcoreAnnotation annotationType="Duration">00:20:00:00</pbcoreAnnotation><pbcoreAnnotation annotationType="Media Type">Video</pbcoreAnnotation></pbcoreDescriptionDocument>