<?xml version="1.0" encoding="UTF-8"?><pbcoreDescriptionDocument xmlns="http://www.pbcore.org/PBCore/PBCoreNamespace.html" annotation="V_9821F75EC2E34232AC88F0D2D66B7E8F">
    <pbcoreAssetType>Broadcast program</pbcoreAssetType><pbcoreAssetDate dateType="Item Date">10/11/1995</pbcoreAssetDate><pbcoreIdentifier source="Open Vault UID">V_9821F75EC2E34232AC88F0D2D66B7E8F</pbcoreIdentifier><pbcoreTitle titleType="Program Number">2216</pbcoreTitle><pbcoreTitle titleType="Program">Race to Catch a Buckyball</pbcoreTitle><pbcoreTitle titleType="Series">NOVA</pbcoreTitle><pbcoreDescription descriptionType="Asset Description">Mono.  Repaired full mix w/ new narration on 5/15/96</pbcoreDescription><pbcoreDescription descriptionType="Series Description">Premiered March 1974
NOVA is a general-interest documentary series that addresses a single science issue each week.  Billed as "science adventures for curious grown-ups" when it first aired  in March, 1974, NOVA continues to offer an informative and entertaining approach to a challenging subject.  1996 marked NOVA's 23rd season, which makes it the longest-running science program on national television.  It is also one of television's most acclaimed series, having won every major television award, most of them many times over.
Series release date: 3/3/1974</pbcoreDescription><pbcoreDescription descriptionType="Program Description">In 1985 a chemist looking at stardust, paired with one searching for brand new materials, stumbled across what science said could not exist -- a third form of carbon. They named the soccer ball-shaped molecules "Buckminsterfullerene" after the architect who invented the geodesic dome. Today "Buckyballs," as the molecules are playfully known, are revolutionizing chemistry and promise countless technological applications. NOVA traces this remarkable tale of serendipity in scientific discovery. 
</pbcoreDescription><pbcoreGenre source="Series Topic">Science</pbcoreGenre><pbcoreGenre source="Series Genre">Documentary</pbcoreGenre><pbcoreAnnotation annotationType="Media Type">Video</pbcoreAnnotation><pbcoreAnnotation annotationType="Duration">00:56:40:00</pbcoreAnnotation></pbcoreDescriptionDocument>