<?xml version="1.0" encoding="UTF-8"?><pbcoreDescriptionDocument xmlns="http://www.pbcore.org/PBCore/PBCoreNamespace.html" annotation="V_C33085B424B1465FB45CA5B6B75FEADF">
    <pbcoreAssetType>Broadcast program</pbcoreAssetType><pbcoreAssetDate dateType="Item Date">09/12/1995</pbcoreAssetDate><pbcoreIdentifier source="Open Vault UID">V_C33085B424B1465FB45CA5B6B75FEADF</pbcoreIdentifier><pbcoreTitle titleType="Series">NOVA</pbcoreTitle><pbcoreTitle titleType="Program Number">2213</pbcoreTitle><pbcoreTitle titleType="Program">Lightning!</pbcoreTitle><pbcoreDescription descriptionType="Series Description">Premiered March 1974
NOVA is a general-interest documentary series that addresses a single science issue each week.  Billed as "science adventures for curious grown-ups" when it first aired  in March, 1974, NOVA continues to offer an informative and entertaining approach to a challenging subject.  1996 marked NOVA's 23rd season, which makes it the longest-running science program on national television.  It is also one of television's most acclaimed series, having won every major television award, most of them many times over.
Series release date: 3/3/1974</pbcoreDescription><pbcoreDescription descriptionType="Program Description">No one is sure how lightning gets started, but one theory is that incoming cosmic rays from outer space serve as the trigger.  In 2002, lightning expert Joe Dwyer of the Florida Institute of Technology Dwyer and collaborators discovered that rocket-triggered lightning produces large quantities of X-rays, allowing for the first time the detailed study of a mysterious atmospheric phenomenon known as runaway breakdown.</pbcoreDescription><pbcoreDescription descriptionType="Asset Description">Color corrected.  Dolby surround sound</pbcoreDescription><pbcoreGenre source="Series Topic">Science</pbcoreGenre><pbcoreGenre source="Series Genre">Documentary</pbcoreGenre><pbcoreAnnotation annotationType="Duration">00:56:44:00</pbcoreAnnotation><pbcoreAnnotation annotationType="Media Type">Video</pbcoreAnnotation></pbcoreDescriptionDocument>