<?xml version="1.0" encoding="UTF-8"?><pbcoreDescriptionDocument xmlns="http://www.pbcore.org/PBCore/PBCoreNamespace.html" annotation="V_BD3A6428D7344BC2B45106BCFC1EB462">
    <pbcoreAssetType>Broadcast program</pbcoreAssetType><pbcoreIdentifier source="Open Vault UID">V_BD3A6428D7344BC2B45106BCFC1EB462</pbcoreIdentifier><pbcoreTitle titleType="Series">Where To Get Off In Boston</pbcoreTitle><pbcoreTitle titleType="Program Number">101</pbcoreTitle><pbcoreTitle titleType="Program">Self Defense; Museum Of The American China Trade; Bargains</pbcoreTitle><pbcoreDescription descriptionType="Program Description">Series description: Weekly series about the sights, shows and foods to be found in different neighborhoods of Boston - hosted by Jerry Gershman.  Program description:  Segments: Self-Defense (Karate); Museum Of the American China Trade (Milton); Bargains (Marjorie Merchant, University of Massachusetts Economist interviews Stacey Holmes Of Filene's inside Filene's Basement Store).  1973.</pbcoreDescription><pbcoreDescription descriptionType="Series Description">Weekly series about the sights, shows and foods to be found in different neighborhoods of Boston - hosted by Jerry Gershman.  Program description:  Segments: Self-Defense (Karate); Museum Of the American China Trade (Milton); Bargains (Marjorie Merchant, University of Massachusetts Economist interviews Stacey Holmes Of Filene's inside Filene's Basement Store).  1973.
Series release date: 1973</pbcoreDescription><pbcoreDescription descriptionType="Asset Description">Original date 4/16/1973.  Segments: Self-Defense (Karate); Museum Of the American China Trade (Milton); Bargains (Marjorie Merchant, University of Massachusetts Economist interviews Stacey Holmes Of Filene's inside Filene's Basement Store).  1973.
Approximate date: 1973</pbcoreDescription><pbcoreGenre source="Series Topic">Local Communities</pbcoreGenre><pbcoreGenre source="Series Genre">Magazine</pbcoreGenre><pbcoreAnnotation annotationType="Media Type">Video</pbcoreAnnotation><pbcoreAnnotation annotationType="Duration">00:24:48:00</pbcoreAnnotation></pbcoreDescriptionDocument>