<?xml version="1.0" encoding="UTF-8"?><pbcoreDescriptionDocument xmlns="http://www.pbcore.org/PBCore/PBCoreNamespace.html" annotation="V_735678CF56CB4EDA9A81142CDD01DC3C">
    <pbcoreAssetType>Broadcast program</pbcoreAssetType><pbcoreAssetDate dateType="Item Date">05/16/1996</pbcoreAssetDate><pbcoreIdentifier source="Open Vault UID">V_735678CF56CB4EDA9A81142CDD01DC3C</pbcoreIdentifier><pbcoreTitle titleType="Series">NOVA</pbcoreTitle><pbcoreTitle titleType="Program">Alive on Everest</pbcoreTitle><pbcoreDescription descriptionType="Program Description">The recent tragedy on Mt. Everest has put NOVA/PBS Online in the unique position of having a direct link to a breaking news story.  This program will cover the breaking news in an interview with David Breashears via satellite phone direct from Mt. Everest.  Breashears is the leader of the expedition NOVA/PBS Online has been following.  His interview will be combined with a documentary that gives a firsthand look at what it takes to climb the world's highest peak.

This program reveals Mt. Everest at its deadliest.  In the last week the mountain has taken eight lives from four different expeditions.  NOVA/PBS Online was in the midst of "Everest Quest," a cyber-science expedition, and has been following the climb of filmmaker David Breashears of the MacGillivray Freeman Films Everest IMAX/IWERKS Large Format Science Expedition.  As the news began to break that there was a storm on Everest and lives were being lost, the filmmaking expedition became a rescue operation and the recently launched NOVA/PBS Online has found itself in a news maker's hot seat.</pbcoreDescription><pbcoreDescription descriptionType="Asset Description">Mono</pbcoreDescription><pbcoreDescription descriptionType="Series Description">Premiered March 1974
NOVA is a general-interest documentary series that addresses a single science issue each week.  Billed as "science adventures for curious grown-ups" when it first aired  in March, 1974, NOVA continues to offer an informative and entertaining approach to a challenging subject.  1996 marked NOVA's 23rd season, which makes it the longest-running science program on national television.  It is also one of television's most acclaimed series, having won every major television award, most of them many times over.
Series release date: 3/3/1974</pbcoreDescription><pbcoreGenre source="Series Genre">Documentary</pbcoreGenre><pbcoreGenre source="Series Topic">Science</pbcoreGenre><pbcoreAnnotation annotationType="Duration">00:56:46:00</pbcoreAnnotation><pbcoreAnnotation annotationType="Media Type">Video</pbcoreAnnotation></pbcoreDescriptionDocument>