<?xml version="1.0" encoding="UTF-8"?><pbcoreDescriptionDocument xmlns="http://www.pbcore.org/PBCore/PBCoreNamespace.html" annotation="V_DDF0147F172D44258BCC7EC0B34AB175">
    <pbcoreAssetType>Broadcast program</pbcoreAssetType><pbcoreAssetDate dateType="Item Date">01/19/1973</pbcoreAssetDate><pbcoreIdentifier source="Open Vault UID">V_DDF0147F172D44258BCC7EC0B34AB175</pbcoreIdentifier><pbcoreTitle titleType="Program Number">102</pbcoreTitle><pbcoreTitle titleType="Series">Bedtime Story</pbcoreTitle><pbcoreTitle titleType="Program">War Of Gods And Heroes</pbcoreTitle><pbcoreDescription descriptionType="Program Description">Series Description: LITTLE BEDTIME STORIES FOR ADULTS LATE AT NIGHT.</pbcoreDescription><pbcoreDescription descriptionType="Asset Description">TAKE #1</pbcoreDescription><pbcoreDescription descriptionType="Series Description">LITTLE BEDTIME STORIES FOR ADULTS LATE AT NIGHT.
Series release date: 1973</pbcoreDescription><pbcoreAnnotation annotationType="Duration">00:20:00:00</pbcoreAnnotation><pbcoreAnnotation annotationType="Media Type">Video</pbcoreAnnotation></pbcoreDescriptionDocument>