<?xml version="1.0" encoding="UTF-8"?><pbcoreDescriptionDocument xmlns="http://www.pbcore.org/PBCore/PBCoreNamespace.html" annotation="V_0A8D37706F3F4A11B4FCC486ECC636EC">
    <pbcoreAssetType>Broadcast program</pbcoreAssetType><pbcoreAssetDate dateType="Item Date">11/21/1962</pbcoreAssetDate><pbcoreIdentifier source="Open Vault UID">V_0A8D37706F3F4A11B4FCC486ECC636EC</pbcoreIdentifier><pbcoreTitle titleType="Series">Boston Symphony Orchestra</pbcoreTitle><pbcoreTitle titleType="Program">Symphony Hall: An Intimate View with Bill Pierce</pbcoreTitle><pbcoreDescription descriptionType="Asset Description">Original Record date:  11/21/62   Dubbed:  9/17/92
Features an interview with Erich Leinsdorf, conductor</pbcoreDescription><pbcoreDescription descriptionType="Program Description">William Pierce introduces program outside of Symphony Hall; walks inside and interviews Boston Symphony Orchestra Music Director Erich Leinsdorf in his office.  Later Leinsdorf moves to the stage and with the Orchestra rehearses Alvin Etler: Concerto for Wind Quintet and Orchestra.  Directed by Fred Barzyk; produced by Jordan Whitelaw; black and white, originally recorded 11/21/1962.</pbcoreDescription><pbcoreGenre source="Series Topic">Music</pbcoreGenre><pbcoreAnnotation annotationType="Media Type">Video</pbcoreAnnotation><pbcoreAnnotation annotationType="Duration">00:29:00:00</pbcoreAnnotation></pbcoreDescriptionDocument>