<?xml version="1.0" encoding="UTF-8"?><pbcoreDescriptionDocument xmlns="http://www.pbcore.org/PBCore/PBCoreNamespace.html" annotation="V_B5124BCF6DED4BA48B8479E33FF4F312">
    <pbcoreAssetType>Broadcast program</pbcoreAssetType><pbcoreAssetDate dateType="Item Date">05/16/1996</pbcoreAssetDate><pbcoreIdentifier source="Open Vault UID">V_B5124BCF6DED4BA48B8479E33FF4F312</pbcoreIdentifier><pbcoreTitle titleType="Program">Quartet in C Minor</pbcoreTitle><pbcoreTitle titleType="Series">Bernstein and Beethoven</pbcoreTitle><pbcoreTitle titleType="Program Number">110</pbcoreTitle><pbcoreDescription descriptionType="Asset Description">Dub from PBS 2" tape.  Original date 4/5/84</pbcoreDescription><pbcoreDescription descriptionType="Series Description">Series release date: 1981</pbcoreDescription><pbcoreAnnotation annotationType="Media Type">Video</pbcoreAnnotation><pbcoreAnnotation annotationType="Duration">00:58:54:00</pbcoreAnnotation></pbcoreDescriptionDocument>