<?xml version="1.0" encoding="UTF-8"?><pbcoreDescriptionDocument xmlns="http://www.pbcore.org/PBCore/PBCoreNamespace.html" annotation="V_7665F818A7574010A5BBDC31DDC765CA">
    <pbcoreAssetType>Broadcast program</pbcoreAssetType><pbcoreAssetDate dateType="Item Date">01/20/1973</pbcoreAssetDate><pbcoreIdentifier source="Open Vault UID">V_7665F818A7574010A5BBDC31DDC765CA</pbcoreIdentifier><pbcoreTitle titleType="Series">Elliot Norton Reviews</pbcoreTitle><pbcoreTitle titleType="Program">Agnes De Mille</pbcoreTitle><pbcoreDescription descriptionType="Series Description">Boston theatre critic Elliot Norton interviews prominent actors, directors and producers on their craft.
(Aired from October, 1958 to 1982.  Winner of both Peabody and Tony Awards.)
Series release date: 1958</pbcoreDescription><pbcoreDescription descriptionType="Asset Description">Dubbed from A2-01896.  Original record date 1/20/1973.  First aired 2/20/1973 and again on 2/23/1973.</pbcoreDescription><pbcoreDescription descriptionType="Program Description">Elliot Norton interviews dancer, author, and renowned choreographer Agnes de Mille. They discuss her experiences as a choreographer and well as some of her upcoming projects. De Mille is most well-known for the choreography of “Rodeo (1942)”, “Fall River Legend (1948)”, and Rodgers and Hammerstein’s “Oklahoma! (1943) and “Carousel (1945)”. De Mille tells Norton about inviting Rodgers and Hammerstein to opening night of “Rodeo”, which impressed them enough to request that she choreograph “Oklahoma!” Her production of “Oklahoma” opened first at the Shubert Theater in New Haven, where it was called “Away We Go”. Althought it was not considered a success, it was still picked up to go to Boston and then onto Broadway. One aspect of de Mille’s choreography that was considered revolutionary was the fact that the dancers played the same roles in the ballet scenes as in the rest of the play. Although the play was a great success on Broadway, even considered by some to be the biggest hit of the 21st century, de Mille tells Norton about only receiving $50 a week and later only half of 1% of the profits with no residuals and no raise. Her second Rodgers and Hammerstein show, “Carousel” was, like her first, primarily ballet. She brought in talented dancers instead of relying on the “beautiful” chorus girls that were used in Broadway shows at the time. Norton points out that she replaced the idea of the “glamour girl” with the idea of the “good performer,” even though, as de Mille notes, the dancers are still pretty.

Director: Russell Tillman</pbcoreDescription><pbcoreGenre source="Series Genre">Talk Show</pbcoreGenre><pbcoreGenre source="Series Topic">Performing Arts</pbcoreGenre><pbcoreAnnotation annotationType="Duration">00:28:51:00</pbcoreAnnotation><pbcoreAnnotation annotationType="Media Type">Video</pbcoreAnnotation></pbcoreDescriptionDocument>