<?xml version="1.0" encoding="UTF-8"?><pbcoreDescriptionDocument xmlns="http://www.pbcore.org/PBCore/PBCoreNamespace.html" annotation="V_E1B0A6F1526241F3978D0DBD6D9DE169">
    <pbcoreAssetType>Broadcast program</pbcoreAssetType><pbcoreAssetDate dateType="Item Date">04/02/1974</pbcoreAssetDate><pbcoreIdentifier source="Open Vault UID">V_E1B0A6F1526241F3978D0DBD6D9DE169</pbcoreIdentifier><pbcoreTitle titleType="Series">Compass Weekly, The</pbcoreTitle><pbcoreTitle titleType="Program">Racial Imbalance Primer</pbcoreTitle><pbcoreDescription descriptionType="Asset Description">Dubbed from A2-02598.  Original date 4/2/74.</pbcoreDescription><pbcoreDescription descriptionType="Series Description">Part of new plan of news programs and specials that premiered January 1974.

“The Compass Weekly” aired each Tuesday for a minimum of one hour. It was devoted to a single news topic covered in depth, with commentary and review of coverage elsewhere.

See Prime Time January 1974 for story in “Letter From The President.”
Series release date: 1/22/1974</pbcoreDescription><pbcoreGenre source="Series Topic">News</pbcoreGenre><pbcoreGenre source="Series Genre">News Report</pbcoreGenre><pbcoreAnnotation annotationType="Media Type">Video</pbcoreAnnotation><pbcoreAnnotation annotationType="Duration">00:39:59:00</pbcoreAnnotation></pbcoreDescriptionDocument>