<?xml version="1.0" encoding="UTF-8"?><pbcoreDescriptionDocument xmlns="http://www.pbcore.org/PBCore/PBCoreNamespace.html" annotation="V_625D70D3329B4D97AE68166A71D3EE60">
    <pbcoreAssetType>Broadcast program</pbcoreAssetType><pbcoreAssetDate dateType="Item Date">12/19/1968</pbcoreAssetDate><pbcoreIdentifier source="Open Vault UID">V_625D70D3329B4D97AE68166A71D3EE60</pbcoreIdentifier><pbcoreTitle titleType="Series">Harvard Computer Center</pbcoreTitle><pbcoreTitle titleType="Program">NEWBOLD</pbcoreTitle><pbcoreDescription descriptionType="Series Description">Series release date: 1968</pbcoreDescription><pbcoreAnnotation annotationType="Media Type">Video</pbcoreAnnotation><pbcoreAnnotation annotationType="Duration">00:25:20:00</pbcoreAnnotation></pbcoreDescriptionDocument>