<?xml version="1.0" encoding="UTF-8"?><pbcoreDescriptionDocument xmlns="http://www.pbcore.org/PBCore/PBCoreNamespace.html" annotation="V_CB15FBEE7A7F4CDB9F1A4D749F301326">
    <pbcoreAssetType>Broadcast program</pbcoreAssetType><pbcoreAssetDate dateType="Item Date">02/08/1995</pbcoreAssetDate><pbcoreIdentifier source="Open Vault UID">V_CB15FBEE7A7F4CDB9F1A4D749F301326</pbcoreIdentifier><pbcoreTitle titleType="Series">NOVA</pbcoreTitle><pbcoreTitle titleType="Program Number">2206</pbcoreTitle><pbcoreTitle titleType="Program">Universe Within, The</pbcoreTitle><pbcoreDescription descriptionType="Program Description">NOVA takes viewers into the incredible microworld of the human body to explore some amazing physiological systems. From two points of view -- spectacular photography of human bodies in motion and stunning inside-the- body microphotography -- the program covers the coordination of muscles, bones, heart and circulatory system that makes Mike Powell the world's greatest long jumper; the immune system of ice climber Rob Taylor as his white blood cells combat a dangerous gangrene infection; the digestive dynamo that turns a simple sandwich eaten by five-time Olympic gold medalist Bonnie Blair into raw energy; and the ultimate event -- the development of a new human life inside track star Karen Hatchett Pavlin.</pbcoreDescription><pbcoreDescription descriptionType="Asset Description">Breaks between segments not counted in duration</pbcoreDescription><pbcoreDescription descriptionType="Series Description">Premiered March 1974
NOVA is a general-interest documentary series that addresses a single science issue each week.  Billed as "science adventures for curious grown-ups" when it first aired  in March, 1974, NOVA continues to offer an informative and entertaining approach to a challenging subject.  1996 marked NOVA's 23rd season, which makes it the longest-running science program on national television.  It is also one of television's most acclaimed series, having won every major television award, most of them many times over.
Series release date: 3/3/1974</pbcoreDescription><pbcoreGenre source="Series Topic">Science</pbcoreGenre><pbcoreGenre source="Series Genre">Documentary</pbcoreGenre><pbcoreAnnotation annotationType="Media Type">Video</pbcoreAnnotation><pbcoreAnnotation annotationType="Duration">01:21:16:00</pbcoreAnnotation></pbcoreDescriptionDocument>