<?xml version="1.0" encoding="UTF-8"?><pbcoreDescriptionDocument xmlns="http://www.pbcore.org/PBCore/PBCoreNamespace.html" annotation="V_7F45A5FD42BC46EB9DB76C3D3C059360">
    <pbcoreAssetType>Broadcast program</pbcoreAssetType><pbcoreAssetDate dateType="Item Date">03/25/1975</pbcoreAssetDate><pbcoreIdentifier source="Open Vault UID">V_7F45A5FD42BC46EB9DB76C3D3C059360</pbcoreIdentifier><pbcoreTitle titleType="Series">Compass Weekly, The</pbcoreTitle><pbcoreTitle titleType="Program">Vietnam, Cambodia And U.S.</pbcoreTitle><pbcoreDescription descriptionType="Series Description">Part of new plan of news programs and specials that premiered January 1974.

“The Compass Weekly” aired each Tuesday for a minimum of one hour. It was devoted to a single news topic covered in depth, with commentary and review of coverage elsewhere.

See Prime Time January 1974 for story in “Letter From The President.”
Series release date: 1/22/1974</pbcoreDescription><pbcoreDescription descriptionType="Asset Description">Produced by Robert Ferrante, directed by  Russell Fortier.</pbcoreDescription><pbcoreDescription descriptionType="Program Description">A look at American foreign policy in Southeast Asia, particularly Vietnam and Cambodia.  Hosted by Edward Klein, Foreign Editor, Newsweek magazine, panelists:  Graham Martin, United States Ambassador to South Vietnam;  Representative Paul McCloskey of California; Walt Rostow, Economist, Historian, and presidential advisor, 1961-1969; and Anthony Lake, Vietnam expert and former Special Assistant to Secretary of State Henry Kissinger.  Recorded at WETA, Washington, D.C.</pbcoreDescription><pbcoreGenre source="Series Topic">News</pbcoreGenre><pbcoreGenre source="Series Genre">News Report</pbcoreGenre><pbcoreAnnotation annotationType="Duration">00:58:54:00</pbcoreAnnotation><pbcoreAnnotation annotationType="Media Type">Video</pbcoreAnnotation></pbcoreDescriptionDocument>