<?xml version="1.0" encoding="UTF-8"?><pbcoreDescriptionDocument xmlns="http://www.pbcore.org/PBCore/PBCoreNamespace.html" annotation="V_7EFF714AAADF47B1AADF079472C12BF8">
    <pbcoreAssetType>Broadcast program</pbcoreAssetType><pbcoreAssetDate dateType="Item Date">01/08/1980</pbcoreAssetDate><pbcoreIdentifier source="Open Vault UID">V_7EFF714AAADF47B1AADF079472C12BF8</pbcoreIdentifier><pbcoreTitle titleType="Program">Tape 7</pbcoreTitle><pbcoreTitle titleType="Series">Artist's Showcase</pbcoreTitle><pbcoreDescription descriptionType="Asset Description">Tape 7 by William Wegman</pbcoreDescription><pbcoreDescription descriptionType="Series Description">Anthology series of experimental, avant garde video productions.  Program titles:  "DANCE FOR CAMERA - SHOW I:  DISTRICT I and PALE COOL, PALE WARM;"  "DANCE FOR CAMERA - SHOW II:  TZADDICK;"  "DANCE FOR CAMERA - SHOW III:  GEORGE'S HOUSE;"  "SELECTED WORKS - 1974 - 1975;"   "THE GIRL WITH THE FLAXEN HAIR;"   "SET OF COINCIDENCE;"  "ALL ACROSS BOSTON;"  " UNTITLED PERFORMANCE BY ROBERT GOLDMAN;" "QUIDDATAS;"  "TELEPORTRAITS;"   "FOUR SIDED TAPES;"   "AMY LOWELL;"   "PRIMORDIAL SOUP;"  "HOWARD;"  "THIRD TAPE;"   "PAST FANTASIES;"  "SEMI BUFFET;" "EAST ENDED TAPE;"  "A COLOR PIECE FOR TV;"   "CONTEXTS AND ONE AND MANY;"  "THREE TRANSITIONS;"  "CITY SCAPE;"  "OUT OF TIME;" "NO TITLE."
Series release date: 1975</pbcoreDescription><pbcoreGenre source="Series Topic">Film and Television</pbcoreGenre><pbcoreAnnotation annotationType="Media Type">Video</pbcoreAnnotation><pbcoreAnnotation annotationType="Duration">00:16:30:00</pbcoreAnnotation></pbcoreDescriptionDocument>