<?xml version="1.0" encoding="UTF-8"?><pbcoreDescriptionDocument xmlns="http://www.pbcore.org/PBCore/PBCoreNamespace.html" annotation="V_46542FE6EC1448DF96BB532601119728">
    <pbcoreAssetType>Broadcast program</pbcoreAssetType><pbcoreAssetDate dateType="Item Date">10/15/1974</pbcoreAssetDate><pbcoreIdentifier source="Open Vault UID">V_46542FE6EC1448DF96BB532601119728</pbcoreIdentifier><pbcoreTitle titleType="Program">King Vidor</pbcoreTitle><pbcoreTitle titleType="Series">Elliot Norton Reviews</pbcoreTitle><pbcoreDescription descriptionType="Series Description">Boston theatre critic Elliot Norton interviews prominent actors, directors and producers on their craft.
(Aired from October, 1958 to 1982.  Winner of both Peabody and Tony Awards.)
Series release date: 1958</pbcoreDescription><pbcoreDescription descriptionType="Asset Description">Dubbed from A2-01541.  Original date 10/15/74.</pbcoreDescription><pbcoreDescription descriptionType="Program Description">Kind Vidor, “a philosopher of film” and maybe the most intellectual of all the Hollywood directors, is now teaching a course in filmmaking at Dartmouth College. He journeys from New Hampshire to appear on Elliot Norton Reviews. Mr. Vidor has made some of the most notable films in American history. Among them, those well remembered are: “The Big Parade,” “Show People,” “The Crowd,” “Duel in the Sun” and “War and Peace.”

Taped October 15, 1974.</pbcoreDescription><pbcoreGenre source="Series Genre">Talk Show</pbcoreGenre><pbcoreGenre source="Series Topic">Performing Arts</pbcoreGenre><pbcoreAnnotation annotationType="Media Type">Video</pbcoreAnnotation><pbcoreAnnotation annotationType="Duration">00:28:37:00</pbcoreAnnotation></pbcoreDescriptionDocument>