<?xml version="1.0" encoding="UTF-8"?><pbcoreDescriptionDocument xmlns="http://www.pbcore.org/PBCore/PBCoreNamespace.html" annotation="V_1EDC6D89829347579CA13E1FDC29DF95">
    <pbcoreAssetType>Broadcast program</pbcoreAssetType><pbcoreAssetDate dateType="Item Date">03/05/1973</pbcoreAssetDate><pbcoreIdentifier source="Open Vault UID">V_1EDC6D89829347579CA13E1FDC29DF95</pbcoreIdentifier><pbcoreTitle titleType="Program Number">112</pbcoreTitle><pbcoreTitle titleType="Series">Bedtime Story</pbcoreTitle><pbcoreTitle titleType="Program">Land Where Money Talks</pbcoreTitle><pbcoreDescription descriptionType="Asset Description">A0-00641</pbcoreDescription><pbcoreDescription descriptionType="Series Description">LITTLE BEDTIME STORIES FOR ADULTS LATE AT NIGHT.
Series release date: 1973</pbcoreDescription><pbcoreDescription descriptionType="Program Description">Series Description: LITTLE BEDTIME STORIES FOR ADULTS LATE AT NIGHT.</pbcoreDescription><pbcoreAnnotation annotationType="Duration">00:20:00:00</pbcoreAnnotation><pbcoreAnnotation annotationType="Media Type">Video</pbcoreAnnotation></pbcoreDescriptionDocument>