<?xml version="1.0" encoding="UTF-8"?><pbcoreDescriptionDocument xmlns="http://www.pbcore.org/PBCore/PBCoreNamespace.html" annotation="V_FEE2938B6677447CB0DBE8A110910326">
    <pbcoreAssetType>Broadcast program</pbcoreAssetType><pbcoreAssetDate dateType="Item Date">11/17/1994</pbcoreAssetDate><pbcoreIdentifier source="Open Vault UID">V_FEE2938B6677447CB0DBE8A110910326</pbcoreIdentifier><pbcoreTitle titleType="Program Number">2214</pbcoreTitle><pbcoreTitle titleType="Program">Hunt For The Serial Arsonist</pbcoreTitle><pbcoreTitle titleType="Series">NOVA</pbcoreTitle><pbcoreDescription descriptionType="Program Description">In the spring of 1991, a rash of suspicious store fires in Los Angeles set fire investigators on the trail of a serial arsonist. Using ingenious techniques to "read" burn patterns and reconstruct the chain of events at each fire, the team uncovered a crucial clue -- a fingerprint on a crude incendiary device. Eight months later, the team closed in on their chief suspect and revealed the shocking truth behind his identity. The program is a true classic scientific detective story with a plot twist that will keep viewers guessing until the end.</pbcoreDescription><pbcoreDescription descriptionType="Asset Description">Mono.  Repaired full mix w/ new narration on 5/15/96</pbcoreDescription><pbcoreDescription descriptionType="Series Description">Premiered March 1974
NOVA is a general-interest documentary series that addresses a single science issue each week.  Billed as "science adventures for curious grown-ups" when it first aired  in March, 1974, NOVA continues to offer an informative and entertaining approach to a challenging subject.  1996 marked NOVA's 23rd season, which makes it the longest-running science program on national television.  It is also one of television's most acclaimed series, having won every major television award, most of them many times over.
Series release date: 3/3/1974</pbcoreDescription><pbcoreGenre source="Series Topic">Science</pbcoreGenre><pbcoreGenre source="Series Genre">Documentary</pbcoreGenre><pbcoreAnnotation annotationType="Duration">00:56:42:00</pbcoreAnnotation><pbcoreAnnotation annotationType="Media Type">Video</pbcoreAnnotation></pbcoreDescriptionDocument>