<?xml version="1.0" encoding="UTF-8"?><pbcoreDescriptionDocument xmlns="http://www.pbcore.org/PBCore/PBCoreNamespace.html" annotation="V_BA8B7987F44548288F111EF9A841A596">
    <pbcoreAssetType>Broadcast program</pbcoreAssetType><pbcoreAssetDate dateType="Item Date">12/18/1978</pbcoreAssetDate><pbcoreIdentifier source="Open Vault UID">V_BA8B7987F44548288F111EF9A841A596</pbcoreIdentifier><pbcoreTitle titleType="Program">Christmas Heritage</pbcoreTitle><pbcoreDescription descriptionType="Program Description">Six personal essays on Christmas spirit, traditions and customs by:  Alistair Cooke - "Movie Time;" Edward Rowe Snowe - "A Time for the Lonely" ( Flying Santa, Maine Lighthouse);  Oliver Jensen - " A Time for Gifts" (Antique Toys);  Lenwood Sloan - "A Time for Song;" (Minstrel Show);  N. Scott Momaday - " A Time for Prayer" (Navajo); and Paul Engle - " Time Remembered" (Old-Fashioned Farmhouse Family Christmas)

See Prime Time program guide, December 1978 for cover story.</pbcoreDescription><pbcoreDescription descriptionType="Asset Description">original date 12/18/78.  Dub of A2-06191</pbcoreDescription><pbcoreGenre source="Series Topic">Holiday</pbcoreGenre><pbcoreAnnotation annotationType="Media Type">Video</pbcoreAnnotation></pbcoreDescriptionDocument>