<?xml version="1.0" encoding="UTF-8"?><pbcoreDescriptionDocument xmlns="http://www.pbcore.org/PBCore/PBCoreNamespace.html" annotation="V_B9C3CA1C36D643879FE39A99FE7E80A8">
    <pbcoreAssetType>Broadcast program</pbcoreAssetType><pbcoreAssetDate dateType="Item Date">05/22/1967</pbcoreAssetDate><pbcoreIdentifier source="Open Vault UID">V_B9C3CA1C36D643879FE39A99FE7E80A8</pbcoreIdentifier><pbcoreTitle titleType="Program Number">1</pbcoreTitle><pbcoreTitle titleType="Program">College Algebra I</pbcoreTitle><pbcoreDescription descriptionType="Asset Description">Program master</pbcoreDescription><pbcoreAnnotation annotationType="Duration">00:28:55:00</pbcoreAnnotation><pbcoreAnnotation annotationType="Media Type">Video</pbcoreAnnotation></pbcoreDescriptionDocument>