<?xml version="1.0" encoding="UTF-8"?><pbcoreDescriptionDocument xmlns="http://www.pbcore.org/PBCore/PBCoreNamespace.html" annotation="V_CC4F99F020594FDF93ED87ECFC4061E9">
    <pbcoreAssetType>Broadcast program</pbcoreAssetType><pbcoreIdentifier source="Open Vault UID">V_CC4F99F020594FDF93ED87ECFC4061E9</pbcoreIdentifier><pbcoreTitle titleType="Program Number">105</pbcoreTitle><pbcoreTitle titleType="Program">Beautiful People</pbcoreTitle><pbcoreTitle titleType="Series">What's Happening Mr. Silver</pbcoreTitle><pbcoreDescription descriptionType="Program Description">Visits to a Diet Workshop, an ‘Elizabeth Arden Day of Beauty’ and  a beauty contest.</pbcoreDescription><pbcoreDescription descriptionType="Series Description">This series experiments with new form and new ways of handling its subject matter by incorporating a youthful style and sense of concern.
Series release date: 1967</pbcoreDescription><pbcoreCreator>
      <creator>Barzyk, Fred</creator><creatorRole>Series Producer</creatorRole></pbcoreCreator><pbcoreAnnotation annotationType="Media Type">Video</pbcoreAnnotation><pbcoreAnnotation annotationType="Duration">00:50:00:00</pbcoreAnnotation></pbcoreDescriptionDocument>