<?xml version="1.0" encoding="UTF-8"?><pbcoreDescriptionDocument xmlns="http://www.pbcore.org/PBCore/PBCoreNamespace.html" annotation="V_4EF366750F17477D8F66608267020715">
    <pbcoreAssetType>Broadcast program</pbcoreAssetType><pbcoreAssetDate dateType="Item Date">12/04/1981</pbcoreAssetDate><pbcoreIdentifier source="Open Vault UID">V_4EF366750F17477D8F66608267020715</pbcoreIdentifier><pbcoreTitle titleType="Series">Bernstein and Beethoven</pbcoreTitle><pbcoreTitle titleType="Program Number">103</pbcoreTitle><pbcoreTitle titleType="Program">Symphony #3 in E Flat Major (Eroica)</pbcoreTitle><pbcoreDescription descriptionType="Asset Description">Dub from PBS 2" tape.  Original record date 12/4/81</pbcoreDescription><pbcoreDescription descriptionType="Series Description">Series release date: 1981</pbcoreDescription><pbcoreAnnotation annotationType="Media Type">Video</pbcoreAnnotation></pbcoreDescriptionDocument>