<?xml version="1.0" encoding="UTF-8"?><pbcoreDescriptionDocument xmlns="http://www.pbcore.org/PBCore/PBCoreNamespace.html" annotation="V_D7432340B3554CB7B1867B07E360C03F">
    <pbcoreAssetType>Broadcast program</pbcoreAssetType><pbcoreIdentifier source="Open Vault UID">V_D7432340B3554CB7B1867B07E360C03F</pbcoreIdentifier><pbcoreTitle titleType="Series">Where To Get Off In Boston</pbcoreTitle><pbcoreTitle titleType="Program Number">119</pbcoreTitle><pbcoreTitle titleType="Program">Where To Get Off In Boston 119</pbcoreTitle><pbcoreDescription descriptionType="Program Description">In this program visits are paid to:
Chinatown; the Boston Center for Adult Education; Steve's Ice Cream; Mr. C's Thin Place (diet restaurant); the North End where they demonstrate cooking veal; Inman Square and a stop at Legal Seafood restaurant; and finally a trip out to the Wayside Inn in Sudbury.</pbcoreDescription><pbcoreDescription descriptionType="Series Description">Weekly series about the sights, shows and foods to be found in different neighborhoods of Boston - hosted by Jerry Gershman.  Program description:  Segments: Self-Defense (Karate); Museum Of the American China Trade (Milton); Bargains (Marjorie Merchant, University of Massachusetts Economist interviews Stacey Holmes Of Filene's inside Filene's Basement Store).  1973.
Series release date: 1973</pbcoreDescription><pbcoreGenre source="Series Genre">Magazine</pbcoreGenre><pbcoreGenre source="Series Topic">Local Communities</pbcoreGenre><pbcoreAnnotation annotationType="Media Type">Video</pbcoreAnnotation><pbcoreAnnotation annotationType="Duration">00:29:58:00</pbcoreAnnotation></pbcoreDescriptionDocument>