<?xml version="1.0" encoding="UTF-8"?><pbcoreDescriptionDocument xmlns="http://www.pbcore.org/PBCore/PBCoreNamespace.html" annotation="V_1779F880B215471FAC9E949A06773972">
    <pbcoreAssetType>Broadcast program</pbcoreAssetType><pbcoreAssetDate dateType="Item Date">12/04/1981</pbcoreAssetDate><pbcoreIdentifier source="Open Vault UID">V_1779F880B215471FAC9E949A06773972</pbcoreIdentifier><pbcoreTitle titleType="Program">Symphony #7 in A Major</pbcoreTitle><pbcoreTitle titleType="Series">Bernstein and Beethoven</pbcoreTitle><pbcoreTitle titleType="Program Number">107</pbcoreTitle><pbcoreDescription descriptionType="Series Description">Series release date: 1981</pbcoreDescription><pbcoreDescription descriptionType="Asset Description">Dub from PBS 2" tape.  Original date 12/4/81</pbcoreDescription><pbcoreAnnotation annotationType="Media Type">Video</pbcoreAnnotation><pbcoreAnnotation annotationType="Duration">00:58:48:00</pbcoreAnnotation></pbcoreDescriptionDocument>