<?xml version="1.0" encoding="UTF-8"?><pbcoreDescriptionDocument xmlns="http://www.pbcore.org/PBCore/PBCoreNamespace.html" annotation="V_8D52FF5526EC42618340CFA7FEE2AD10">
    <pbcoreAssetType>Broadcast program</pbcoreAssetType><pbcoreAssetDate dateType="Item Date">05/05/1970</pbcoreAssetDate><pbcoreIdentifier source="Open Vault UID">V_8D52FF5526EC42618340CFA7FEE2AD10</pbcoreIdentifier><pbcoreTitle titleType="Program">New England Folk Festival</pbcoreTitle><pbcoreTitle titleType="Program Number">116</pbcoreTitle><pbcoreTitle titleType="Series">Michael Ambrosino’s Show</pbcoreTitle><pbcoreDescription descriptionType="Program Description">You mean you’ve never been to a folk festival? You’ve never eaten too much Indian, Hungarian, Latvian, and Indonesian food all in one afternoon? You’ve never danced a contra dance with several thousand other people? Then you won’t want to miss it when Micahel Ambrosino’s Show visits the 26th Annual New England Folk Festival. There’s lots of colorful costumes and music as we sample all kind of food; glance at such rare crafts as Ukrainian egg painting; watch Greek, Scottish, and Turkish dances.</pbcoreDescription><pbcoreDescription descriptionType="Series Description">Series of programs intended to highlight communities in the Greater Boston Area as well as to encourage local citizens to become more involved with community activities. 
Series release date: 1969</pbcoreDescription><pbcoreGenre source="Series Topic">Social Issues</pbcoreGenre><pbcoreGenre source="Series Topic">Local Communities</pbcoreGenre><pbcoreAnnotation annotationType="Media Type">Video</pbcoreAnnotation><pbcoreAnnotation annotationType="Duration">00:28:10:00</pbcoreAnnotation></pbcoreDescriptionDocument>