<?xml version="1.0" encoding="UTF-8"?><pbcoreDescriptionDocument xmlns="http://www.pbcore.org/PBCore/PBCoreNamespace.html" annotation="V_7E9D3BF5CFEC4E009F021AF8302B3ADB">
    <pbcoreAssetType>Broadcast program</pbcoreAssetType><pbcoreIdentifier source="Open Vault UID">V_7E9D3BF5CFEC4E009F021AF8302B3ADB</pbcoreIdentifier><pbcoreTitle titleType="Program">Thracian Gold</pbcoreTitle><pbcoreDescription descriptionType="Asset Description">A0-00880</pbcoreDescription><pbcoreDescription descriptionType="Program Description">Film of Boston's Museum of Fine Art exhibit of "Thracian Treasures of Bulgaria."  Hosted by Alexander Scourby.</pbcoreDescription><pbcoreGenre source="Series Topic">Fine Arts</pbcoreGenre><pbcoreGenre source="Series Genre">Educational</pbcoreGenre><pbcoreAnnotation annotationType="Media Type">Video</pbcoreAnnotation></pbcoreDescriptionDocument>