<?xml version="1.0" encoding="UTF-8"?><pbcoreDescriptionDocument xmlns="http://www.pbcore.org/PBCore/PBCoreNamespace.html" annotation="V_85C30204A4EA4D5886D266B223DBDE7D">
    <pbcoreAssetType>Broadcast program</pbcoreAssetType><pbcoreAssetDate dateType="Item Date">04/01/1971</pbcoreAssetDate><pbcoreIdentifier source="Open Vault UID">V_85C30204A4EA4D5886D266B223DBDE7D</pbcoreIdentifier><pbcoreTitle titleType="Series">Community Challenge</pbcoreTitle><pbcoreTitle titleType="Program Number">105</pbcoreTitle><pbcoreDescription descriptionType="Series Description">Series release date: 1971</pbcoreDescription><pbcoreAnnotation annotationType="Media Type">Video</pbcoreAnnotation><pbcoreAnnotation annotationType="Duration">00:30:00:00</pbcoreAnnotation></pbcoreDescriptionDocument>