<?xml version="1.0" encoding="UTF-8"?><pbcoreDescriptionDocument xmlns="http://www.pbcore.org/PBCore/PBCoreNamespace.html" annotation="V_1788E65ED5DE4FABA3599EE7D9747A15">
    <pbcoreAssetType>Broadcast program</pbcoreAssetType><pbcoreAssetDate dateType="Item Date">01/10/1980</pbcoreAssetDate><pbcoreIdentifier source="Open Vault UID">V_1788E65ED5DE4FABA3599EE7D9747A15</pbcoreIdentifier><pbcoreTitle titleType="Program">Event Horizon</pbcoreTitle><pbcoreTitle titleType="Series">Frames of Reference</pbcoreTitle><pbcoreSubject>Deserts</pbcoreSubject><pbcoreSubject>Experimental films</pbcoreSubject><pbcoreSubject>Video art</pbcoreSubject><pbcoreSubject>Heat</pbcoreSubject><pbcoreDescription descriptionType="Series Description">“Frames of Reference” was a series that began circa 1978.  Half-hour shows were produced to showcase commissioned and already created works.  It was around this time that the focus of the Workshop shifted, to concentrate more heavily on creating works for broadcast. During its time, “Frames of Reference” was the focus of the Workshop’s national arts programming effort.  In an attempt to raise funds and foster collaboration, Workshop personnel approached and visited several public television stations nationwide.  The major collaborative relationship was with WGBH’s “sister station,” WGBY (Springfield, Mass.).  Among the featured artists were Meredith Monk, Remy Charlip, Trisha Brown, and Peter Campus.  In 1981, “Frames of Reference” was packaged and offered to PBS, during what is known as “flex time” and was broadcast by WGBH, WNET (New York), and WGBY (Springfield, Mass.).  “Frames of Reference” ended as a series ca. 1983, because of a lack of funding.
Series release date: 1978</pbcoreDescription><pbcoreDescription descriptionType="Asset Description">FROM SYRACUSE</pbcoreDescription><pbcoreDescription descriptionType="Program Description">Filmed in extreme desert conditions “Event Horizon” looks at a landscape interrupted and transformed by visible signs of heat.  The waviness blurs objects and figures, creating a mirage effect and rendering familiar objects unrecognizable.  The work takes place in near silence, with the sound of wind dominating the score.  The work is approximately seven and one-half minutes in length.</pbcoreDescription><pbcoreGenre source="Series Topic">Film and Television</pbcoreGenre><pbcoreCreator>
      <creator>Viola, Bill, 1951-</creator><creatorRole>Producer</creatorRole></pbcoreCreator><pbcoreAnnotation annotationType="Special Collection Tag">ntw_record</pbcoreAnnotation><pbcoreAnnotation annotationType="Duration">00:07:37:28</pbcoreAnnotation><pbcoreAnnotation annotationType="Media Type">Video</pbcoreAnnotation><pbcoreAnnotation annotationType="Special Collection">new_television_workshop</pbcoreAnnotation></pbcoreDescriptionDocument>