<?xml version="1.0" encoding="UTF-8"?><pbcoreDescriptionDocument xmlns="http://www.pbcore.org/PBCore/PBCoreNamespace.html" annotation="V_F9DC1D9296EE499392DCBDF4A5BC9663">
    <pbcoreAssetType>Broadcast program</pbcoreAssetType><pbcoreAssetDate dateType="Item Date">03/01/1974</pbcoreAssetDate><pbcoreIdentifier source="Open Vault UID">V_F9DC1D9296EE499392DCBDF4A5BC9663</pbcoreIdentifier><pbcoreTitle titleType="Program">Far North, The</pbcoreTitle><pbcoreDescription descriptionType="Program Description">Profile of Eskimo culture conveyed through the use of objects found within the Museum of Fine Arts (then-current) exhibition of Eskimo life that ran until May 26, 1974.  Directed by David Atwood.  Produced by the Museum of Fine Arts, Boston, in cooperation with WGBH.</pbcoreDescription><pbcoreDescription descriptionType="Asset Description">Dubbed from A2-05347.  Original date 3/1/74.</pbcoreDescription><pbcoreGenre source="Series Topic">Fine Arts</pbcoreGenre><pbcoreGenre source="Series Topic">Race and Ethnicity</pbcoreGenre><pbcoreCreator>
      <creator>Lawrence, Rebecca</creator><creatorRole>Producer</creatorRole></pbcoreCreator><pbcoreAnnotation annotationType="Duration">00:28:49:00</pbcoreAnnotation><pbcoreAnnotation annotationType="Media Type">Video</pbcoreAnnotation></pbcoreDescriptionDocument>