<?xml version="1.0" encoding="UTF-8"?><pbcoreDescriptionDocument xmlns="http://www.pbcore.org/PBCore/PBCoreNamespace.html" annotation="V_E73FBE09CFE648FB99C36BF693A029F0">
    <pbcoreAssetType>Broadcast program</pbcoreAssetType><pbcoreIdentifier source="Open Vault UID">V_E73FBE09CFE648FB99C36BF693A029F0</pbcoreIdentifier><pbcoreTitle titleType="Program Number">117</pbcoreTitle><pbcoreTitle titleType="Series">Flick Out</pbcoreTitle><pbcoreTitle titleType="Program">Good Friend, The; Oh!</pbcoreTitle><pbcoreDescription descriptionType="Series Description">Originally aired on May 22, 1968 as a four and a half hour marathon showcasing young filmmakers.  Hosted by Standish Lawder, Yale University film professor, “Flick Out” gave viewers the chance to watch some of the most creative films being produced at that time.  It included short documentaries, film essays, animated cartoons and full-length features that illuminated the art of film.

Beginning in July 1968, “Flickout” became a weekly half-hour series, produced by Henry Morgenthau, showing experimental films from both new, young filmmakers, and established craftsmen.  Whenever possible Morgenthau interviews the filmmaker whose work is being shown.
Series release date: 5/22/1968</pbcoreDescription><pbcoreDescription descriptionType="Program Description">The Good Friend, by Jimmy Murakami, is a serio-comedy story about the “eternal triangle.”  Initially, the words “friends, nice, sex, love” are spoken by a series of animated men and women who meet, embrace, and simply fade away.  Then the scene changes and we see an engaged couple who go out of their way to befriend a faceless man.  By the time the prospective husband has given way, quite literally, his eyes, nose, and mouth to the new “friend,” he has also given away his fiancee.  the moral is obvious: the more you give away, the more you lose.

Oh!, by Stan Vanderbeek, is an abstract, primitive approach to man’s relations within his society and to former societies.  It’s really a study in human innocent ignorance.  the cast of characters is a series of hand-drawn faces that dissolve into each other.  There’s also a visual review of ancient Egyptian-Greek-Gothic artifacts, all accompanied by appropriate faces.  The dialogue throughout is “oh!” which is written on the screen in cartoon fashion each time one to the characters realizes something about his personal surroundings.  The film ends with the expression of the ultimate realization: “Oh yeah.”</pbcoreDescription><pbcoreGenre source="Series Topic">Film and Television</pbcoreGenre><pbcoreCreator>
      <creator>Morgenthau III, Henry</creator><creatorRole>Series Producer</creatorRole></pbcoreCreator><pbcoreAnnotation annotationType="Duration">00:28:28:00</pbcoreAnnotation><pbcoreAnnotation annotationType="Media Type">Video</pbcoreAnnotation></pbcoreDescriptionDocument>