<?xml version="1.0" encoding="UTF-8"?><pbcoreDescriptionDocument xmlns="http://www.pbcore.org/PBCore/PBCoreNamespace.html" annotation="V_D2755E91A5AC4A56A6C0C8369FB70EF9">
    <pbcoreAssetType>Broadcast program</pbcoreAssetType><pbcoreIdentifier source="Open Vault UID">V_D2755E91A5AC4A56A6C0C8369FB70EF9</pbcoreIdentifier><pbcoreTitle titleType="Program">Swordfish Dinner In A Half Hour</pbcoreTitle><pbcoreTitle titleType="Program Number">121</pbcoreTitle><pbcoreTitle titleType="Series">French Chef</pbcoreTitle><pbcoreDescription descriptionType="Program Description">Swordfish steaks baked in wine and diced green beans make an unusual main course for this three-part dinner in half an hour.  And when you precede it with Tapenade a la Provencale, and follow it with Bananas Flambee, you have a quick dinner that tastes anything but quick.</pbcoreDescription><pbcoreDescription descriptionType="Series Description">Premiered locally February 1962 and July- August 1962, nationally in Feb. 1963 - approx. 300 shows produced.  1963-1973.

Original series ran 1963 to July 1966, then went into reruns through September 1970.

In October 1970 the new French Chef 200 series was shot in color and taped on the set at WGBH.  Included in the programs were footage of Julia’s summer trip to France.

The 1971-1972 season was a tour of the French Classics: 26 half hour programs designed as a refresher course for experienced cooks and as a jet-assist takeoff for beginners.

After a funding scare, Polaroid funded a full 1972-1973 season.  The theme was: The French Chef Faces Life.  Julia shows viewers how to cope with situations that reflect the demands of society, family and lifestyle such as Sudden Company or a three course sit down dinner and getting kids involved in cooking.

NOTE: Beginning August 6, 1972,  The French Chef repeated popular shows as a captioned edition.
Series release date: 2/1962</pbcoreDescription><pbcoreGenre source="Series Genre">Instructional</pbcoreGenre><pbcoreGenre source="Series Topic">Cooking</pbcoreGenre><pbcoreCreator>
      <creator>Lockwood, Ruth</creator><creatorRole>Series Producer</creatorRole></pbcoreCreator><pbcoreAnnotation annotationType="Duration">00:29:12:00</pbcoreAnnotation><pbcoreAnnotation annotationType="Media Type">Video</pbcoreAnnotation></pbcoreDescriptionDocument>