<?xml version="1.0" encoding="UTF-8"?><pbcoreDescriptionDocument xmlns="http://www.pbcore.org/PBCore/PBCoreNamespace.html" annotation="V_190449B44D3E4FB6AF7C23AE5CCA561D">
    <pbcoreAssetType>Broadcast program</pbcoreAssetType><pbcoreIdentifier source="Open Vault UID">V_190449B44D3E4FB6AF7C23AE5CCA561D</pbcoreIdentifier><pbcoreTitle titleType="Program">Begging Game, The</pbcoreTitle><pbcoreTitle titleType="Series">FRONTLINE</pbcoreTitle><pbcoreTitle titleType="Program Number">1310</pbcoreTitle><pbcoreDescription descriptionType="Series Description">Premiered January 1983
Since January 1983, FRONTLINE has served as American public television's - PBS - flagship public affairs series. Hailed upon its television broadcast debut as "the last best hope for broadcast documentaries," FRONTLINE's stature over 23 years is reaffirmed each week through incisive documentaries covering the scope and complexity of the human experience.
Series release date: 1/1983</pbcoreDescription><pbcoreDescription descriptionType="Program Description">Each day, thousands of panhandlers work the streets and subways of cities across America.  Correspondent  Deborah Amos explores the hidden world of panhandlers in New York City, gaining access to the intimate details of their lives, investigating the real story of why they beg, and examining the impact of New York mayor Rudolph Guiliani's crackdown of panhandlers.</pbcoreDescription><pbcoreGenre source="Series Topic">News</pbcoreGenre><pbcoreGenre source="Series Genre">Documentary</pbcoreGenre><pbcoreGenre source="Series Topic">Public Affairs</pbcoreGenre><pbcoreAnnotation annotationType="Media Type">Video</pbcoreAnnotation></pbcoreDescriptionDocument>