<?xml version="1.0" encoding="UTF-8"?><pbcoreDescriptionDocument xmlns="http://www.pbcore.org/PBCore/PBCoreNamespace.html" annotation="V_2D4C999415F945F1A6BD79838DBB2D4B">
    <pbcoreAssetType>Broadcast program</pbcoreAssetType><pbcoreAssetDate dateType="Item Date">02/22/1995</pbcoreAssetDate><pbcoreIdentifier source="Open Vault UID">V_2D4C999415F945F1A6BD79838DBB2D4B</pbcoreIdentifier><pbcoreTitle titleType="Program">Fast Cars</pbcoreTitle><pbcoreTitle titleType="Program Number">2208</pbcoreTitle><pbcoreTitle titleType="Series">NOVA</pbcoreTitle><pbcoreDescription descriptionType="Program Description">The thrill of automobile racing and the cutting-edge technology is the subject of this program. Following is a first-person account of race car driving by Sam Low, writer, producer and co-director of the program.   Low, a veteran filmmaker who was recently series producer of an eight-part PBS series on the Maya Indians of Central America, has a doctorate in anthropology from Harvard University. When not working on films, he drives his Porsche race car on tracks throughout New England.</pbcoreDescription><pbcoreDescription descriptionType="Series Description">Premiered March 1974
NOVA is a general-interest documentary series that addresses a single science issue each week.  Billed as "science adventures for curious grown-ups" when it first aired  in March, 1974, NOVA continues to offer an informative and entertaining approach to a challenging subject.  1996 marked NOVA's 23rd season, which makes it the longest-running science program on national television.  It is also one of television's most acclaimed series, having won every major television award, most of them many times over.
Series release date: 3/3/1974</pbcoreDescription><pbcoreGenre source="Series Genre">Documentary</pbcoreGenre><pbcoreGenre source="Series Topic">Science</pbcoreGenre><pbcoreAnnotation annotationType="Media Type">Video</pbcoreAnnotation><pbcoreAnnotation annotationType="Duration">00:60:00:00</pbcoreAnnotation></pbcoreDescriptionDocument>