<?xml version="1.0" encoding="UTF-8"?><pbcoreDescriptionDocument xmlns="http://www.pbcore.org/PBCore/PBCoreNamespace.html" annotation="V_46AC29A0EF2C40F9839A1B3946896CA5">
    <pbcoreAssetType>Broadcast program</pbcoreAssetType><pbcoreIdentifier source="Open Vault UID">V_46AC29A0EF2C40F9839A1B3946896CA5</pbcoreIdentifier><pbcoreTitle titleType="Series">FRONTLINE</pbcoreTitle><pbcoreTitle titleType="Program">Six O’Clock News</pbcoreTitle><pbcoreTitle titleType="Program Number">1507</pbcoreTitle><pbcoreDescription descriptionType="Program Description">FRONTLINE showcases the latest work of filmmaker Ross McElwee, producer of
the widely acclaimed "Sherman's March" and "Time Indefinite."  In "Six
O'Clock News," McElwee and his camera investigate the aftermath of the
life-shattering events reported every day on the evening news.  Moving beyond the graphic television images of violence and natural disasters, McElwee seeks out the individuals whose lives have been inexplicably altered by hurricanes, tornadoes, earthquakes, forest fires, and murder.  The result is a thought-provoking journey across the tenuous line between order and chaos and an inquiry into how these events impact the victims' faith in God.  In an introspective and sometimes humorous broadcast, McElwee explores the "nagging metaphysical questions" behind the "Six O'Clock News."</pbcoreDescription><pbcoreDescription descriptionType="Series Description">Premiered January 1983
Since January 1983, FRONTLINE has served as American public television's - PBS - flagship public affairs series. Hailed upon its television broadcast debut as "the last best hope for broadcast documentaries," FRONTLINE's stature over 23 years is reaffirmed each week through incisive documentaries covering the scope and complexity of the human experience.
Series release date: 1/1983</pbcoreDescription><pbcoreGenre source="Series Topic">News</pbcoreGenre><pbcoreGenre source="Series Genre">Documentary</pbcoreGenre><pbcoreGenre source="Series Topic">Public Affairs</pbcoreGenre><pbcoreAnnotation annotationType="Media Type">Video</pbcoreAnnotation><pbcoreAnnotation annotationType="Duration">00:60:00:00</pbcoreAnnotation></pbcoreDescriptionDocument>