<?xml version="1.0" encoding="UTF-8"?><pbcoreDescriptionDocument xmlns="http://www.pbcore.org/PBCore/PBCoreNamespace.html" annotation="V_C1BED410F86942128C9D68E5D880A6A2">
    <pbcoreAssetType>Broadcast program</pbcoreAssetType><pbcoreAssetDate dateType="Item Date">07/30/1966</pbcoreAssetDate><pbcoreIdentifier source="Open Vault UID">V_C1BED410F86942128C9D68E5D880A6A2</pbcoreIdentifier><pbcoreTitle titleType="Program">World Of Kurt Weill, The</pbcoreTitle><pbcoreDescription descriptionType="Program Description">The World of Kurt Weill, a tribute to the late and renowned composer by his widow, Lotte Lenya, will once again be featured on the NET network.
This hour-long special, which premiered in February, 1967, was described in the press as "such a beautiful show it tugged at the heart" (Memphis Press-Scimitar, and "a notable hour of entertainment" (the Seattle Times).
In it, Miss Lenya is joined by actor George Voskovec as she draws a profile of the controversial composer in word and song.  The program spans Weill's creative life -- from pre-war Germany, where he collaborated successfully with playwright Bertold Brecht, to the Broadway theater of the 1940's. 
Out of Weill's extensive musical contribution, Miss Lenya performs many classics, such as "Alabama Song," the first number he wrote for her: "Mack the Knife" from the famous "The Three Penny Opera," and the last song Weill wrote, "Lost in the Stars," from the Broadway musical of the same name.
"The World of Kurt Weill" was produced for National Educational Television by WGBH-TV, Boston.   Producer-director: David M. Davis, Musical director: Gershon Kingsley.  Narrative: George Tabori.  Designer: David Robertson.  Choreography: Deborah Kramlich.  Costumer: Leo van Witson.  Music: Cambridge Festival Orchestra, Robert Brink, concertmaster.</pbcoreDescription><pbcoreDescription descriptionType="Asset Description">Includes 5 minutes at the head of “News at 10” from 1966 with a news story by Austin Hoyt.</pbcoreDescription><pbcoreGenre source="Series Genre">Documentary</pbcoreGenre><pbcoreGenre source="Series Genre">Performance in a Studio</pbcoreGenre><pbcoreGenre source="Series Topic">Biography</pbcoreGenre><pbcoreGenre source="Series Topic">Music</pbcoreGenre><pbcoreAnnotation annotationType="Duration">00:60:00:00</pbcoreAnnotation><pbcoreAnnotation annotationType="Media Type">Video</pbcoreAnnotation></pbcoreDescriptionDocument>