<?xml version="1.0" encoding="UTF-8"?><pbcoreDescriptionDocument xmlns="http://www.pbcore.org/PBCore/PBCoreNamespace.html" annotation="V_4F1F8AED3B5A44C2ABADE8B4C6BE4568">
    <pbcoreAssetType>Broadcast program</pbcoreAssetType><pbcoreAssetDate dateType="Item Date">04/12/1967</pbcoreAssetDate><pbcoreIdentifier source="Open Vault UID">V_4F1F8AED3B5A44C2ABADE8B4C6BE4568</pbcoreIdentifier><pbcoreTitle titleType="Series">Austin's Boston</pbcoreTitle><pbcoreTitle titleType="Program">Up With People: The Morality Of Moral Re-Armament</pbcoreTitle><pbcoreDescription descriptionType="Series Description">Series release date: 1967</pbcoreDescription><pbcoreDescription descriptionType="Asset Description">Original date: 4/12/1967.  directed by Bill Cosel</pbcoreDescription><pbcoreDescription descriptionType="Program Description">Austin Hoyt wrote, produced and hosted this examination of the Moral Re-Armament Movement.  The Movement was young, politically right and sought to convey the notion that not all teenagers were hippies, beatniks and dropouts.  In particular the program focuses on a concert performance at Harvard by the “Up With People” singers and the controversy that surrounded the show.  On camera interviews and comments by Harlon Dalton of the Harvard Young Democrats; John Sayre of the Moral Re-Armament Movement; Bernard Knox and Peter Rogers, Harvard students; and Jerry Zimmerman, Northeastern University student.  The program concludes on the the note that the Movement, in part, seeks to politcially sway, to the right, the upcoming 1968 Presidential elections.  1967.</pbcoreDescription><pbcoreAnnotation annotationType="Duration">00:28:37:00</pbcoreAnnotation><pbcoreAnnotation annotationType="Media Type">Video</pbcoreAnnotation></pbcoreDescriptionDocument>