<?xml version="1.0" encoding="UTF-8"?><pbcoreDescriptionDocument xmlns="http://www.pbcore.org/PBCore/PBCoreNamespace.html" annotation="V_0FC0B7803A1C4E8F9452ABFCCA3A7FA3">
    <pbcoreAssetType>Broadcast program</pbcoreAssetType><pbcoreAssetDate dateType="Item Date">11/24/1975</pbcoreAssetDate><pbcoreIdentifier source="Open Vault UID">V_0FC0B7803A1C4E8F9452ABFCCA3A7FA3</pbcoreIdentifier><pbcoreTitle titleType="Program">MASS ARTS AND HUMANITIES Foundation</pbcoreTitle><pbcoreTitle titleType="Series">Catch 44</pbcoreTitle><pbcoreDescription descriptionType="Program Description">Series Description: Community access format on WGBX, Channel 44.  Local non-profit groups given technical assistance to produce their own half-hour television production.  Entertainment, interviews.</pbcoreDescription><pbcoreDescription descriptionType="Series Description">Community access format on WGBX, Channel 44.  Local non-profit groups given technical assistance to produce their own half-hour television production.  Entertainment, interviews.
Series release date: 1971</pbcoreDescription><pbcoreAnnotation annotationType="Duration">00:27:18:00</pbcoreAnnotation><pbcoreAnnotation annotationType="Media Type">Video</pbcoreAnnotation></pbcoreDescriptionDocument>