<?xml version="1.0" encoding="UTF-8"?><pbcoreDescriptionDocument xmlns="http://www.pbcore.org/PBCore/PBCoreNamespace.html" annotation="V_5999E4A231184E8CBA8BA7C2AB5107FD">
    <pbcoreAssetType>Broadcast program</pbcoreAssetType><pbcoreAssetDate dateType="Item Date">11/07/1972</pbcoreAssetDate><pbcoreIdentifier source="Open Vault UID">V_5999E4A231184E8CBA8BA7C2AB5107FD</pbcoreIdentifier><pbcoreTitle titleType="Series">Theonie On Greek Island Cooking</pbcoreTitle><pbcoreTitle titleType="Program">Melopitta Nissiotiki</pbcoreTitle><pbcoreTitle titleType="Program Number">117</pbcoreTitle><pbcoreDescription descriptionType="Program Description">Greek island honey pie made with cheese and almonds.

Series Description: How-to program on Greek cooking  hosted by Theonie Mark.  Produced by Margaret MacLeod, Directed by Russ Fortier, 1972.</pbcoreDescription><pbcoreDescription descriptionType="Series Description">How-to program on Greek cooking  hosted by Theonie Mark.  Produced by Margaret MacLeod, Directed by Russ Fortier.   
Series release date: 1972</pbcoreDescription><pbcoreGenre source="Series Topic">Cooking</pbcoreGenre><pbcoreGenre source="Series Genre">Instructional</pbcoreGenre><pbcoreCreator>
      <creator>MacLeod, Margaret I.</creator><creatorRole>Producer</creatorRole></pbcoreCreator><pbcoreAnnotation annotationType="Duration">00:14:33:00</pbcoreAnnotation><pbcoreAnnotation annotationType="Media Type">Video</pbcoreAnnotation></pbcoreDescriptionDocument>