<?xml version="1.0" encoding="UTF-8"?><pbcoreDescriptionDocument xmlns="http://www.pbcore.org/PBCore/PBCoreNamespace.html" annotation="V_5FE1928791DA461CAEC52635CFD38BFE">
    <pbcoreAssetType>Broadcast program</pbcoreAssetType><pbcoreIdentifier source="Open Vault UID">V_5FE1928791DA461CAEC52635CFD38BFE</pbcoreIdentifier><pbcoreTitle titleType="Program">Should the Government Institute Coupon Rationing of Gasoline Now?</pbcoreTitle><pbcoreTitle titleType="Program Number">411</pbcoreTitle><pbcoreTitle titleType="Series">Advocates</pbcoreTitle><pbcoreDescription descriptionType="Series Description">A SERIES OF DEBATES with a moderator facilitating the discussion of national and international issues - using advocates who would introduce witnesses to support their point of view.  Debates recorded at Boston's Faneuil Hall.  Moderators included: Michael Dukakis;  Marilyn Berger; Michael Harrington, Robert Maynard.  (Premiered October, 1969; conceived by Prof. Roger Fisher.)  Other participants included Barney Frank, Avi Nelson, Antonin Scalia, S.I. Hayakawa, Paul Simon, Albert Shankar, Richard Bolling, Pete McCloskey, Chester Crocker, John Anderson, Elmo Zumwalt, George Ball, John Kenneth Galbraith, William Colby, Eleanor Smeal, Phyllis Schlafly, Sam Ervin, Laurence Tribe, Daniel Schorr, Orrin Hatch, Morris Udall, Edward Kennedy, George McGovern, Jake Garn, Paul Tsongas, Alan Dershowitz.
Series release date: 1969</pbcoreDescription><pbcoreDescription descriptionType="Program Description">Moderator: Evan Semerjian
 Advocate:  John Burgess
 Advocate:  Philip Crane
 Witnesses:
 David Freeman – Former White House Energy Advisor
 Robert LaKachman – Professor of Economics, City University of New York
 Allan Meltzer – Professor of Economics, Carnegie Mellon University
 Walter Mead – Professor of Economics – U.Cal., Santa Barbara
 Produced by WGBH at Faneuil Hall.  Bears WGBH copyright</pbcoreDescription><pbcoreDescription descriptionType="Asset Description">Should the government institute coupon rationing of gasoline now?
 Moderator: Evan Semerjian
 Advocate:  John Burgess
 Advocate:  Philip Crane
 Witnesses:
 David Freeman – Former White House Energy Advisor
 Robert LaKachman – Professor of Economics, City University of New York
 Allan Meltzer – Professor of Economics, Carnegie Mellon University
 Walter Mead – Professor of Economics – U.Cal., Santa Barbara
 Produced by WGBH at Faneuil Hall.  Bears WGBH copyright</pbcoreDescription><pbcoreGenre source="Series Topic">Public Affairs</pbcoreGenre><pbcoreGenre source="Series Topic">Social Issues</pbcoreGenre><pbcoreGenre source="Series Genre">Debate</pbcoreGenre><pbcoreAnnotation annotationType="Media Type">Video</pbcoreAnnotation></pbcoreDescriptionDocument>