<?xml version="1.0" encoding="UTF-8"?><pbcoreDescriptionDocument xmlns="http://www.pbcore.org/PBCore/PBCoreNamespace.html" annotation="V_BFFAA2325AF8432F83D685531D397167">
    <pbcoreAssetType>Broadcast program</pbcoreAssetType><pbcoreAssetDate dateType="Item Date">03/29/1996</pbcoreAssetDate><pbcoreIdentifier source="Open Vault UID">V_BFFAA2325AF8432F83D685531D397167</pbcoreIdentifier><pbcoreTitle titleType="Series">Breakthrough: The Changing Face Of Science In America</pbcoreTitle><pbcoreTitle titleType="Program Number">105</pbcoreTitle><pbcoreTitle titleType="Program">Science and the American Dream</pbcoreTitle><pbcoreDescription descriptionType="Asset Description">Blackside / WGBH master.</pbcoreDescription><pbcoreDescription descriptionType="Series Description">Series release date: 1996</pbcoreDescription><pbcoreDescription descriptionType="Program Description">Sometimes, people can do good by doing well.  Whether it's designing an improved engine or delivering interactive video services, new businesses generate profits for their owners and jobs for their communities.  From an Inupiat village in the Arctic Circle to the barrios of Houston, scientists and engineers are taking on the risks -- and reaping the rewards -- of entrepreneurship.  Featured scientists:  Donna Auguste, senior director of applied research and multimedia, US West; Israel Galvan, engineer and entrepreneur developing a radical new rotary engine; Richard Glenn, geologist and businessman working inside the Arctic Circle.  •Episode producer:  Joseph Tovares</pbcoreDescription><pbcoreGenre source="Series Topic">Science</pbcoreGenre><pbcoreAnnotation annotationType="Media Type">Video</pbcoreAnnotation><pbcoreAnnotation annotationType="Duration">00:56:44:00</pbcoreAnnotation></pbcoreDescriptionDocument>