<?xml version="1.0" encoding="UTF-8"?><pbcoreDescriptionDocument xmlns="http://www.pbcore.org/PBCore/PBCoreNamespace.html" annotation="V_CCD81295E901474B86AE93C350A363FC">
    <pbcoreAssetType>Broadcast program</pbcoreAssetType><pbcoreAssetDate dateType="Item Date">03/06/1968</pbcoreAssetDate><pbcoreIdentifier source="Open Vault UID">V_CCD81295E901474B86AE93C350A363FC</pbcoreIdentifier><pbcoreTitle titleType="Program Number">120</pbcoreTitle><pbcoreTitle titleType="Program">Man And Mr. Machine</pbcoreTitle><pbcoreTitle titleType="Series">What's Happening Mr. Silver</pbcoreTitle><pbcoreDescription descriptionType="Series Description">This series experiments with new form and new ways of handling its subject matter by incorporating a youthful style and sense of concern.
Series release date: 1967</pbcoreDescription><pbcoreDescription descriptionType="Program Description">David Silver mediates and opines on man's complex relationship with machines.  Program includes footage of a Pepsi machine and pinball game placed on the street that were free to anyone to use.  The machines create joy among the crowd, until they are turned off, at which point the crowd becomes angry and hostile.

Series Description:  This series experiments with new form and new ways of handling its subject matter by incorporating a youthful style and sense of concern.</pbcoreDescription><pbcoreCreator>
      <creator>Barzyk, Fred</creator><creatorRole>Series Producer</creatorRole></pbcoreCreator><pbcoreAnnotation annotationType="Duration">00:30:28:00</pbcoreAnnotation><pbcoreAnnotation annotationType="Media Type">Video</pbcoreAnnotation></pbcoreDescriptionDocument>