<?xml version="1.0" encoding="UTF-8"?><pbcoreDescriptionDocument xmlns="http://www.pbcore.org/PBCore/PBCoreNamespace.html" annotation="V_5575306FF8AC4C928AD2FCBE45D2362A">
    <pbcoreAssetType>Broadcast program</pbcoreAssetType><pbcoreAssetDate dateType="Item Date">12/04/1981</pbcoreAssetDate><pbcoreIdentifier source="Open Vault UID">V_5575306FF8AC4C928AD2FCBE45D2362A</pbcoreIdentifier><pbcoreTitle titleType="Program Number">106</pbcoreTitle><pbcoreTitle titleType="Series">Bernstein and Beethoven</pbcoreTitle><pbcoreTitle titleType="Program">Symphony #6: Pastoral</pbcoreTitle><pbcoreDescription descriptionType="Series Description">Series release date: 1981</pbcoreDescription><pbcoreDescription descriptionType="Asset Description">Dub from PBS 2" tape.  Original date 12/4/81</pbcoreDescription><pbcoreAnnotation annotationType="Duration">00:58:48:00</pbcoreAnnotation><pbcoreAnnotation annotationType="Media Type">Video</pbcoreAnnotation></pbcoreDescriptionDocument>