<?xml version="1.0" encoding="UTF-8"?><pbcoreDescriptionDocument xmlns="http://www.pbcore.org/PBCore/PBCoreNamespace.html" annotation="V_0BBAB85C22D1451C86E6DCCF2B528423">
    <pbcoreAssetType>Broadcast program</pbcoreAssetType><pbcoreAssetDate dateType="Item Date">01/17/1959</pbcoreAssetDate><pbcoreIdentifier source="Open Vault UID">V_0BBAB85C22D1451C86E6DCCF2B528423</pbcoreIdentifier><pbcoreTitle titleType="Series">Press And The People, The: An Inquiry Into The Work Of The American Press In Informing The American People</pbcoreTitle><pbcoreTitle titleType="Program">Photo Journalist, The</pbcoreTitle><pbcoreTitle titleType="Program Number">6</pbcoreTitle><pbcoreDescription descriptionType="Program Description">Series Description:  Louis Lyons hosts this series of programs that discuss the problems and performance of the American Press in reporting leading questions of the day. 

Guests: W. Eugene Smith; Photojournalist, Magnum Photos, Life Magazine (1943-1954); Dan Weiner, Photojournalist, contributor to New York Times, Fortune, and Colliers; Cast:  Penn Kimball; Lillian Balboni; Donald Born; Bob Jones.  Discussed is Weiner’s work photographing the Montgomery Alabama Bus Strike, its organizer Dr. Martin Luther King, and both supporters and opponents of the strike.  Weiner notes that he was ultimately disappointed with the photo series, because his photos were used out of context, thereby lessoning what Weiner sees as their historical importance.

Touching on a common theme of the series, that of the journalistic mandate clashing with the social, cultural, and educational mores of its audience, Weiner discusses three subjects photojouranalists are dissuaded from covering:  Geriatics; Africa; and Eastern Europe.  He conceeds that print journalists cover the subjects, but that photographs are often avoided when stories are written about these topics.

Smith warns of the dangers he sees in the ability of photojournalism to be exploited when photos are used without proper context.  He cites his refusal to photograph the events of Little Rock, Arkansas in 1957, because he felt his photos would not have be given the proper background context to provide a complete analysis of an event of such great historical significance.  Because of his concern over his works not being given proper contextual support, Smith resigned from Life magazine in 1954.  He also briefly discusses some of his works that were not published because of not “passing the censors.” Of note, a photo of Japanese children in a United States Naval detention center.</pbcoreDescription><pbcoreDescription descriptionType="Series Description">Louis Lyons hosts this series of programs that discuss the problems and performance of the American Press in reporting leading questions of the day.  
Series release date: 1958</pbcoreDescription><pbcoreDescription descriptionType="Asset Description">This is the transfer master from the original B&amp;W Kinescope. The Separate optical track was transferred to magnetic stock and then layed down and synced onto this Beta. There is also an address track on this tape.</pbcoreDescription><pbcoreGenre source="Series Genre">Talk Show</pbcoreGenre><pbcoreGenre source="Series Topic">Public Affairs</pbcoreGenre><pbcoreAnnotation annotationType="Duration">00:29:24:00</pbcoreAnnotation><pbcoreAnnotation annotationType="Media Type">Video</pbcoreAnnotation></pbcoreDescriptionDocument>