<?xml version="1.0" encoding="UTF-8"?><pbcoreDescriptionDocument xmlns="http://www.pbcore.org/PBCore/PBCoreNamespace.html" annotation="V_43DDD808AFB24278833A957D16EE7FBF">
    <pbcoreAssetType>Broadcast program</pbcoreAssetType><pbcoreAssetDate dateType="Item Date">12/08/1981</pbcoreAssetDate><pbcoreIdentifier source="Open Vault UID">V_43DDD808AFB24278833A957D16EE7FBF</pbcoreIdentifier><pbcoreTitle titleType="Program">Symphony # 9</pbcoreTitle><pbcoreTitle titleType="Program Number">109</pbcoreTitle><pbcoreTitle titleType="Series">Bernstein and Beethoven</pbcoreTitle><pbcoreDescription descriptionType="Series Description">Series release date: 1981</pbcoreDescription><pbcoreDescription descriptionType="Asset Description">Dub from PBS 2" tape.  Original date 12/8/81</pbcoreDescription><pbcoreAnnotation annotationType="Duration">01:28:53:00</pbcoreAnnotation><pbcoreAnnotation annotationType="Media Type">Video</pbcoreAnnotation></pbcoreDescriptionDocument>