<?xml version="1.0" encoding="UTF-8"?><pbcoreDescriptionDocument xmlns="http://www.pbcore.org/PBCore/PBCoreNamespace.html" annotation="V_C6F422FB43C1496D974B960C7D8AF802">
    <pbcoreAssetType>Broadcast program</pbcoreAssetType><pbcoreAssetDate dateType="Item Date">12/03/1970</pbcoreAssetDate><pbcoreIdentifier source="Open Vault UID">V_C6F422FB43C1496D974B960C7D8AF802</pbcoreIdentifier><pbcoreTitle titleType="Program Number">48</pbcoreTitle><pbcoreTitle titleType="Series">Advocates</pbcoreTitle><pbcoreTitle titleType="Program">Should the United States Agree to a Coalition Government in Saigon? Part I</pbcoreTitle><pbcoreDescription descriptionType="Program Description">Part one of two taped in Paris, France.
Moderator:  Roger Fisher
Advocate:  Richard Falk
Advocate:  Kenneth Young
Witnesses:
Xuan Thuy – Minister, Dem. Rep. Vietnam (on film)
Madam Binh – Foreign Minister, Prov. Rev. Govt. (on film)
Ly Van Sau – Delegate, Prov. Rev. Govt.
Father Robert Drinan – Congressman Elect (D-Mass.)
Eqbal Ahmad – Adlai Stevenson Inst., Chicago
Produced by WGBH in Paris, France.  Bears WGBH Copyright</pbcoreDescription><pbcoreDescription descriptionType="Asset Description">Should the United States agree to a coalition government in Saigon?  Part one of two taped in Paris, France.
Moderator:  Roger Fisher
Advocate:  Richard Falk
Advocate:  Kenneth Young
Witnesses:
Xuan Thuy – Minister, Dem. Rep. Vietnam (on film)
Madam Binh – Foreign Minister, Prov. Rev. Govt. (on film)
Ly Van Sau – Delegate, Prov. Rev. Govt.
Father Robert Drinan – Congressman Elect (D-Mass.)
Eqbal Ahmad – Adlai Stevenson Inst., Chicago
Produced by WGBH in Paris, France.  Bears WGBH Copyright</pbcoreDescription><pbcoreDescription descriptionType="Series Description">A SERIES OF DEBATES with a moderator facilitating the discussion of national and international issues - using advocates who would introduce witnesses to support their point of view.  Debates recorded at Boston's Faneuil Hall.  Moderators included: Michael Dukakis;  Marilyn Berger; Michael Harrington, Robert Maynard.  (Premiered October, 1969; conceived by Prof. Roger Fisher.)  Other participants included Barney Frank, Avi Nelson, Antonin Scalia, S.I. Hayakawa, Paul Simon, Albert Shankar, Richard Bolling, Pete McCloskey, Chester Crocker, John Anderson, Elmo Zumwalt, George Ball, John Kenneth Galbraith, William Colby, Eleanor Smeal, Phyllis Schlafly, Sam Ervin, Laurence Tribe, Daniel Schorr, Orrin Hatch, Morris Udall, Edward Kennedy, George McGovern, Jake Garn, Paul Tsongas, Alan Dershowitz.
Series release date: 1969</pbcoreDescription><pbcoreGenre source="Series Topic">Public Affairs</pbcoreGenre><pbcoreGenre source="Series Genre">Debate</pbcoreGenre><pbcoreGenre source="Series Topic">Social Issues</pbcoreGenre><pbcoreAnnotation annotationType="Media Type">Video</pbcoreAnnotation></pbcoreDescriptionDocument>