<?xml version="1.0" encoding="UTF-8"?><pbcoreDescriptionDocument xmlns="http://www.pbcore.org/PBCore/PBCoreNamespace.html" annotation="V_3854629F9DB445948FFFF6B6F63AF742">
    <pbcoreAssetType>Broadcast program</pbcoreAssetType><pbcoreAssetDate dateType="Item Date">05/09/1978</pbcoreAssetDate><pbcoreIdentifier source="Open Vault UID">V_3854629F9DB445948FFFF6B6F63AF742</pbcoreIdentifier><pbcoreTitle titleType="Program Number">108</pbcoreTitle><pbcoreTitle titleType="Program">Options, The</pbcoreTitle><pbcoreTitle titleType="Series">Arabs and Israelis</pbcoreTitle><pbcoreDescription descriptionType="Program Description">Series of seven programs contrasting perceptions of Middle East conflict and the chance for peace expressed by some of the people who have the most at stake.  Episode titles:  “Arabs and Israeli,” “The Palestinian Question, Parts I and II,”  “Sinai,”  “Stories of Ali Darwish and Hana Meron,” “Two Families,” “Are You Listening/Palestinians.”  1975.

</pbcoreDescription><pbcoreDescription descriptionType="Series Description">Series of seven programs contrasting perceptions of Middle East conflict and the chance for peace expressed by some of the people who have the most at stake.  
Series release date: 1975</pbcoreDescription><pbcoreDescription descriptionType="Asset Description">Dubbed from A2-04913.  Original date 5/9/78.</pbcoreDescription><pbcoreGenre source="Series Genre">Documentary</pbcoreGenre><pbcoreGenre source="Series Topic">War and Conflict</pbcoreGenre><pbcoreGenre source="Series Topic">Global Affairs</pbcoreGenre><pbcoreAnnotation annotationType="Media Type">Video</pbcoreAnnotation><pbcoreAnnotation annotationType="Duration">00:28:42:00</pbcoreAnnotation></pbcoreDescriptionDocument>