<?xml version="1.0" encoding="UTF-8"?><pbcoreDescriptionDocument xmlns="http://www.pbcore.org/PBCore/PBCoreNamespace.html" annotation="V_BF1F8DE81E0D40FE995771ABAE36C0BE">
    <pbcoreAssetType>Broadcast program</pbcoreAssetType><pbcoreIdentifier source="Open Vault UID">V_BF1F8DE81E0D40FE995771ABAE36C0BE</pbcoreIdentifier><pbcoreTitle titleType="Series">Rockefeller Artists in Television</pbcoreTitle><pbcoreDescription descriptionType="Asset Description">PAIK JAPAN TV</pbcoreDescription><pbcoreDescription descriptionType="Series Description">The "Rockefeller Artists-in-Television" residency program was created to support artists working in television. It was funded by the Rockefeller Foundation from 1967 through 1970. It was replaced by "The WGBH Project for New Television." While some of the Rockefeller artists, such as Nam June Paik, were already very committed to the medium of video, others were coming to the medium for the first time or from a film background. Paik developed the Paik-Abe videosynthesizer, with Shuya Abe, while working as a Rockefeller artist (though additional funding for the synthesizer's construction was provided by WGBH). The device was used to generate special effects and color enhancements. Artists supported by this program included: Mary Feldhaus-Weber, Marie Cosindas, Lee Lockwood, Stan Vanderbeek, David Wheeler, Nam June Paik, Zone, Newton Wayland, Shoshana Dubiner, Theo Wolfe, Dick Bartlett, Tim Mayer, The Propositions, Tim Hunter, David Silver, and Jean Shepherd. Many of these artists worked collaboratively to create one or more works.
Series release date: 1967</pbcoreDescription><pbcoreGenre source="Series Topic">Film and Television</pbcoreGenre><pbcoreAnnotation annotationType="Media Type">Video</pbcoreAnnotation><pbcoreAnnotation annotationType="Duration">00:56:00:00</pbcoreAnnotation></pbcoreDescriptionDocument>