<?xml version="1.0" encoding="UTF-8"?><pbcoreDescriptionDocument xmlns="http://www.pbcore.org/PBCore/PBCoreNamespace.html" annotation="V_12A7A420BAB6437E84C7E1FFAC84C65B">
    <pbcoreAssetType>Broadcast program</pbcoreAssetType><pbcoreIdentifier source="Open Vault UID">V_12A7A420BAB6437E84C7E1FFAC84C65B</pbcoreIdentifier><pbcoreTitle titleType="Series">Elliot Norton Reviews</pbcoreTitle><pbcoreTitle titleType="Program">Kurt Vonnegut</pbcoreTitle><pbcoreDescription descriptionType="Program Description">Series Description: Boston theatre critic Elliot Norton interviews prominent actors, directors and producers on their craft.
(Aired from October, 1958 to 1982.  Winner of both Peabody and Tony Awards.)</pbcoreDescription><pbcoreDescription descriptionType="Series Description">Boston theatre critic Elliot Norton interviews prominent actors, directors and producers on their craft.
(Aired from October, 1958 to 1982.  Winner of both Peabody and Tony Awards.)
Series release date: 1958</pbcoreDescription><pbcoreGenre source="Series Genre">Talk Show</pbcoreGenre><pbcoreGenre source="Series Topic">Performing Arts</pbcoreGenre><pbcoreAnnotation annotationType="Duration">00:28:55:00</pbcoreAnnotation><pbcoreAnnotation annotationType="Media Type">Video</pbcoreAnnotation></pbcoreDescriptionDocument>