<?xml version="1.0" encoding="UTF-8"?><pbcoreDescriptionDocument xmlns="http://www.pbcore.org/PBCore/PBCoreNamespace.html" annotation="V_EA2F09E93B864254AB2B881E5FD3CBC5">
    <pbcoreAssetType>Broadcast program</pbcoreAssetType><pbcoreAssetDate dateType="Item Date">10/28/1969</pbcoreAssetDate><pbcoreIdentifier source="Open Vault UID">V_EA2F09E93B864254AB2B881E5FD3CBC5</pbcoreIdentifier><pbcoreTitle titleType="Program">Ba Ta Clan: A Masquerade</pbcoreTitle><pbcoreDescription descriptionType="Program Description">Staged in the studios of WGBH,  by the New England Conservatory Opera Theater, this program is a musical farce about the fictitious land of Che-Ni-Or, and its flawed king.  1969.</pbcoreDescription><pbcoreDescription descriptionType="Asset Description">Original date: 10/28/1969.  Produced and directed by Christopher Sarson.</pbcoreDescription><pbcoreGenre source="Series Topic">Performing Arts</pbcoreGenre><pbcoreGenre source="Series Genre">Performance in a Studio</pbcoreGenre><pbcoreAnnotation annotationType="Media Type">Video</pbcoreAnnotation><pbcoreAnnotation annotationType="Duration">00:47:32:00</pbcoreAnnotation></pbcoreDescriptionDocument>