<?xml version="1.0" encoding="UTF-8"?><pbcoreDescriptionDocument xmlns="http://www.pbcore.org/PBCore/PBCoreNamespace.html" annotation="V_F7FDD5F300564B65A49B8D6BB089BD57">
    <pbcoreAssetType>Broadcast program</pbcoreAssetType><pbcoreAssetDate dateType="Item Date">11/03/1973</pbcoreAssetDate><pbcoreIdentifier source="Open Vault UID">V_F7FDD5F300564B65A49B8D6BB089BD57</pbcoreIdentifier><pbcoreTitle titleType="Program">Changing Seasons</pbcoreTitle><pbcoreDescription descriptionType="Program Description">A special with Thalassa Cruso celebrating the centennial of the Arnold Arboretum.  It took one year to film one of Boston’s most beautiful spots as it changes and grows throughout the annual cycle. Spring, Fall and Winter - Thalassa is a radiant guide through all of the seasons.

See November 1972 Prime Time program guide for story.</pbcoreDescription><pbcoreDescription descriptionType="Asset Description">Dubbed 5/29/96 from A2-02160.  Original date 11/3/1973.</pbcoreDescription><pbcoreGenre source="Series Topic">Nature</pbcoreGenre><pbcoreGenre source="Series Genre">Special</pbcoreGenre><pbcoreAnnotation annotationType="Media Type">Video</pbcoreAnnotation><pbcoreAnnotation annotationType="Duration">00:28:53:00</pbcoreAnnotation></pbcoreDescriptionDocument>