<?xml version="1.0" encoding="UTF-8"?><pbcoreDescriptionDocument xmlns="http://www.pbcore.org/PBCore/PBCoreNamespace.html" annotation="V_382082A35E0F4B3CA0D359EC7273A870">
    <pbcoreAssetType>Broadcast program</pbcoreAssetType><pbcoreAssetDate dateType="Item Date">04/24/1968</pbcoreAssetDate><pbcoreIdentifier source="Open Vault UID">V_382082A35E0F4B3CA0D359EC7273A870</pbcoreIdentifier><pbcoreTitle titleType="Series">What's Happening Mr. Silver</pbcoreTitle><pbcoreTitle titleType="Program">Double Media</pbcoreTitle><pbcoreTitle titleType="Program Number">125</pbcoreTitle><pbcoreDescription descriptionType="Program Description">Series Description:  This series experiments with new form and new ways of handling its subject matter by incorporating a youthful style and sense of concern.</pbcoreDescription><pbcoreDescription descriptionType="Asset Description">Right channel of two channel work.</pbcoreDescription><pbcoreDescription descriptionType="Series Description">This series experiments with new form and new ways of handling its subject matter by incorporating a youthful style and sense of concern.
Series release date: 1967</pbcoreDescription><pbcoreCreator>
      <creator>Barzyk, Fred</creator><creatorRole>Series Producer</creatorRole></pbcoreCreator><pbcoreAnnotation annotationType="Duration">00:60:00:00</pbcoreAnnotation><pbcoreAnnotation annotationType="Media Type">Video</pbcoreAnnotation></pbcoreDescriptionDocument>