<?xml version="1.0" encoding="UTF-8"?><pbcoreDescriptionDocument xmlns="http://www.pbcore.org/PBCore/PBCoreNamespace.html" annotation="V_1ACFCCB08CBE4A64801D55ACC97856A1">
    <pbcoreAssetType>Broadcast program</pbcoreAssetType><pbcoreAssetDate dateType="Item Date">03/29/1967</pbcoreAssetDate><pbcoreIdentifier source="Open Vault UID">V_1ACFCCB08CBE4A64801D55ACC97856A1</pbcoreIdentifier><pbcoreTitle titleType="Series">Decisions 1967</pbcoreTitle><pbcoreTitle titleType="Program">War On Hunger</pbcoreTitle><pbcoreDescription descriptionType="Asset Description">Original date of material:  3/29/1967.  Produced by  Jane Wainwright, directed by Ronald Morrisseau.</pbcoreDescription><pbcoreDescription descriptionType="Series Description">Public affairs specials.
Series release date: 1967</pbcoreDescription><pbcoreDescription descriptionType="Program Description">Program is a panel discussion, taped in the WGBH Studios, about the issue of world hunger.  Panel is moderated by Abram Chayes, Professor of Law, Harvard University; panelists are:  Dr. Hudson Hoagland, Executive Director of the Worcester Foundation for Experimental Biology; Orville Freeman, United States Secretary of Agriculture; Dr. Leona Baumgartner, Special Advisor to the Agency for International Development, United States Department of State, and visiting professor at Harvard Medical School; Dr. Nevin Scrimshaw, Professor and Head of the Department of Nutrition and Food Science at Massachusetts Institute of Technology (MIT).  1967.</pbcoreDescription><pbcoreGenre source="Series Topic">Public Affairs</pbcoreGenre><pbcoreAnnotation annotationType="Media Type">Video</pbcoreAnnotation><pbcoreAnnotation annotationType="Duration">00:59:05:00</pbcoreAnnotation></pbcoreDescriptionDocument>