<?xml version="1.0" encoding="UTF-8"?><pbcoreDescriptionDocument xmlns="http://www.pbcore.org/PBCore/PBCoreNamespace.html" annotation="V_0798E96E89D44AA782B574BC5A834CE1">
    <pbcoreAssetType>Broadcast program</pbcoreAssetType><pbcoreAssetDate dateType="Item Date">04/04/1973</pbcoreAssetDate><pbcoreIdentifier source="Open Vault UID">V_0798E96E89D44AA782B574BC5A834CE1</pbcoreIdentifier><pbcoreTitle titleType="Program">Where Is The War On V.d.</pbcoreTitle><pbcoreDescription descriptionType="Program Description">Follow up program to the 1972 program VD Blues.  In studio host Lee Daniels introduces five separate news stories relating to the different educational, medical, and awareness aspects of Venereal Disease.  Stories originate from New York, Pittsburgh, Jacksonville, Dallas, and Boston PBS stations.  1973.</pbcoreDescription><pbcoreDescription descriptionType="Asset Description">Original date: 4/4/1973</pbcoreDescription><pbcoreGenre source="Series Topic">News</pbcoreGenre><pbcoreGenre source="Series Topic">Health</pbcoreGenre><pbcoreGenre source="Series Genre">News Report</pbcoreGenre><pbcoreAnnotation annotationType="Duration">00:28:50:00</pbcoreAnnotation><pbcoreAnnotation annotationType="Media Type">Video</pbcoreAnnotation></pbcoreDescriptionDocument>