<?xml version="1.0" encoding="UTF-8"?><pbcoreDescriptionDocument xmlns="http://www.pbcore.org/PBCore/PBCoreNamespace.html" annotation="V_7D5FBACBCC4A498EBC49B1AC4BBEFA8C">
    <pbcoreAssetType>Broadcast program</pbcoreAssetType><pbcoreAssetDate dateType="Item Date">01/15/1979</pbcoreAssetDate><pbcoreIdentifier source="Open Vault UID">V_7D5FBACBCC4A498EBC49B1AC4BBEFA8C</pbcoreIdentifier><pbcoreTitle titleType="Series">Ten O'Clock News</pbcoreTitle><pbcoreDescription descriptionType="Asset Description">MARTIN LUTHER KING DAY</pbcoreDescription><pbcoreDescription descriptionType="Series Description">NIGHTLY NEWS WITH CHRISTOPHER LYDON AND CARMEN FIELDS
Began January 1976.  Replaced evening news show EVENING COMPASS. Original host: Steve Nevas.  Other anchors, Christopher Lydon (1977-91) and Gail Harris (1983). In 1980 - hour long.  Ended in 1991.

(PREDECESSORS:  Louis Lyons began news operations at WGBH in 1952.  The News at 10 began in 1966.  The Reporters premiered in 1970.  The Evening Compass started in 1974.)
Series release date: 1/1976</pbcoreDescription><pbcoreGenre source="Series Topic">News</pbcoreGenre><pbcoreGenre source="Series Genre">News Report</pbcoreGenre><pbcoreAnnotation annotationType="Duration">00:15:00:00</pbcoreAnnotation><pbcoreAnnotation annotationType="Media Type">Video</pbcoreAnnotation></pbcoreDescriptionDocument>