<?xml version="1.0" encoding="UTF-8"?><pbcoreDescriptionDocument xmlns="http://www.pbcore.org/PBCore/PBCoreNamespace.html" annotation="V_896534E07AFF421FA8824AEA78524325">
    <pbcoreAssetType>Broadcast program</pbcoreAssetType><pbcoreIdentifier source="Open Vault UID">V_896534E07AFF421FA8824AEA78524325</pbcoreIdentifier><pbcoreTitle titleType="Program">Should public employees at the state and local level have the right to strike?</pbcoreTitle><pbcoreTitle titleType="Program Number">67</pbcoreTitle><pbcoreTitle titleType="Series">Advocates</pbcoreTitle><pbcoreDescription descriptionType="Program Description">Moderator: Victor Palmieri
Advocate:  Howard Miller
Advocate:  William Rusher
Witnesses:
Theodore Kheel – Labor mediator
Jerry Wurf – President, AFSCME
Thomas J. Meskil – Governor, Connecticut
George Frajkor – News correspondent, Canadian TV Network
Robert Helsby, PhD – Chairman, Public Employees Relations Board, New York State
Produced at KCET, bears KCET copyright</pbcoreDescription><pbcoreDescription descriptionType="Series Description">A SERIES OF DEBATES with a moderator facilitating the discussion of national and international issues - using advocates who would introduce witnesses to support their point of view.  Debates recorded at Boston's Faneuil Hall.  Moderators included: Michael Dukakis;  Marilyn Berger; Michael Harrington, Robert Maynard.  (Premiered October, 1969; conceived by Prof. Roger Fisher.)  Other participants included Barney Frank, Avi Nelson, Antonin Scalia, S.I. Hayakawa, Paul Simon, Albert Shankar, Richard Bolling, Pete McCloskey, Chester Crocker, John Anderson, Elmo Zumwalt, George Ball, John Kenneth Galbraith, William Colby, Eleanor Smeal, Phyllis Schlafly, Sam Ervin, Laurence Tribe, Daniel Schorr, Orrin Hatch, Morris Udall, Edward Kennedy, George McGovern, Jake Garn, Paul Tsongas, Alan Dershowitz.
Series release date: 1969</pbcoreDescription><pbcoreDescription descriptionType="Asset Description">Should public employees at the state and local level have the right to strike?
Moderator: Victor Palmieri
Advocate:  Howard Miller
Advocate:  William Rusher
Witnesses:
Theodore Kheel – Labor mediator
Jerry Wurf – President, AFSCME
Thomas J. Meskil – Governor, Connecticut
George Frajkor – News correspondent, Canadian TV Network
Robert Helsby, PhD – Chairman, Public Employees Relations Board, New York State
Produced at KCET, bears KCET copyright</pbcoreDescription><pbcoreGenre source="Series Topic">Public Affairs</pbcoreGenre><pbcoreGenre source="Series Genre">Debate</pbcoreGenre><pbcoreGenre source="Series Topic">Social Issues</pbcoreGenre><pbcoreAnnotation annotationType="Media Type">Video</pbcoreAnnotation></pbcoreDescriptionDocument>