<?xml version="1.0" encoding="UTF-8"?><pbcoreDescriptionDocument xmlns="http://www.pbcore.org/PBCore/PBCoreNamespace.html" annotation="V_39DADE8FE3754E96BE4A3ACE20E59401">
    <pbcoreAssetType>Broadcast program</pbcoreAssetType><pbcoreAssetDate dateType="Item Date">03/18/1971</pbcoreAssetDate><pbcoreIdentifier source="Open Vault UID">V_39DADE8FE3754E96BE4A3ACE20E59401</pbcoreIdentifier><pbcoreTitle titleType="Series">Community Challenge</pbcoreTitle><pbcoreTitle titleType="Program Number">103</pbcoreTitle><pbcoreDescription descriptionType="Series Description">Series release date: 1971</pbcoreDescription><pbcoreAnnotation annotationType="Media Type">Video</pbcoreAnnotation><pbcoreAnnotation annotationType="Duration">00:28:50:00</pbcoreAnnotation></pbcoreDescriptionDocument>