<?xml version="1.0" encoding="UTF-8"?><pbcoreDescriptionDocument xmlns="http://www.pbcore.org/PBCore/PBCoreNamespace.html" annotation="V_F0289D80D2E94C749FC5E914F5074976">
    <pbcoreAssetType>Broadcast program</pbcoreAssetType><pbcoreAssetDate dateType="Item Date">12/11/1978</pbcoreAssetDate><pbcoreIdentifier source="Open Vault UID">V_F0289D80D2E94C749FC5E914F5074976</pbcoreIdentifier><pbcoreTitle titleType="Program Number">39</pbcoreTitle><pbcoreTitle titleType="Program">Russian Chinese Rupture, The</pbcoreTitle><pbcoreTitle titleType="Series">Course of Our Times, The</pbcoreTitle><pbcoreDescription descriptionType="Program Description">“One of the decisive events of our time was the rupture in the alliance between Soviet Russia and Red China.  By 1949 these two among the most populous nations of the world stood together in a firm Communist alliance and it seemed as if the future, certainly of Asia, belonged to them.  Yet by 1958 -59, there were recriminations, at first with symbolic names and indirect targets, but a few years later the break was openly revealed, in language more abusive than was used in attacking the long standing enemies of the West.  A new balance of power had been created in Asia and the Pacific as yesterday’s allies became the most bitter antagonists.”</pbcoreDescription><pbcoreDescription descriptionType="Asset Description">Dubbed from A2-02442.  Original date 12/11/78</pbcoreDescription><pbcoreDescription descriptionType="Series Description">Historical survey hosted by Abram Sachar, Brandeis University.
Series release date: 1973</pbcoreDescription><pbcoreGenre source="Series Topic">History</pbcoreGenre><pbcoreGenre source="Series Genre">Educational</pbcoreGenre><pbcoreAnnotation annotationType="Media Type">Video</pbcoreAnnotation></pbcoreDescriptionDocument>