<?xml version="1.0" encoding="UTF-8"?><pbcoreDescriptionDocument xmlns="http://www.pbcore.org/PBCore/PBCoreNamespace.html" annotation="V_38DE9BA913AF4D1D9E7D3292AE3C1BBF">
    <pbcoreAssetType>Broadcast program</pbcoreAssetType><pbcoreIdentifier source="Open Vault UID">V_38DE9BA913AF4D1D9E7D3292AE3C1BBF</pbcoreIdentifier><pbcoreTitle titleType="Series">French Chef</pbcoreTitle><pbcoreTitle titleType="Program Number">103</pbcoreTitle><pbcoreTitle titleType="Program">Filet Of Beef Wellington</pbcoreTitle><pbcoreDescription descriptionType="Series Description">Premiered locally February 1962 and July- August 1962, nationally in Feb. 1963 - approx. 300 shows produced.  1963-1973.

Original series ran 1963 to July 1966, then went into reruns through September 1970.

In October 1970 the new French Chef 200 series was shot in color and taped on the set at WGBH.  Included in the programs were footage of Julia’s summer trip to France.

The 1971-1972 season was a tour of the French Classics: 26 half hour programs designed as a refresher course for experienced cooks and as a jet-assist takeoff for beginners.

After a funding scare, Polaroid funded a full 1972-1973 season.  The theme was: The French Chef Faces Life.  Julia shows viewers how to cope with situations that reflect the demands of society, family and lifestyle such as Sudden Company or a three course sit down dinner and getting kids involved in cooking.

NOTE: Beginning August 6, 1972,  The French Chef repeated popular shows as a captioned edition.
Series release date: 2/1962</pbcoreDescription><pbcoreDescription descriptionType="Program Description">Here is the perfect main course for that full-dress dinner party: whole tenderloin of beef cloaked in wine and mushrooms and baked in a pastry crust.</pbcoreDescription><pbcoreGenre source="Series Genre">Instructional</pbcoreGenre><pbcoreGenre source="Series Topic">Cooking</pbcoreGenre><pbcoreCreator>
      <creator>Lockwood, Ruth</creator><creatorRole>Series Producer</creatorRole></pbcoreCreator><pbcoreAnnotation annotationType="Media Type">Video</pbcoreAnnotation><pbcoreAnnotation annotationType="Duration">00:29:19:00</pbcoreAnnotation></pbcoreDescriptionDocument>