<?xml version="1.0" encoding="UTF-8"?><pbcoreDescriptionDocument xmlns="http://www.pbcore.org/PBCore/PBCoreNamespace.html" annotation="V_9D19FB78224847AAABBF03642CD76A02">
    <pbcoreAssetType>Broadcast program</pbcoreAssetType><pbcoreAssetDate dateType="Item Date">11/27/1974</pbcoreAssetDate><pbcoreIdentifier source="Open Vault UID">V_9D19FB78224847AAABBF03642CD76A02</pbcoreIdentifier><pbcoreTitle titleType="Program">Anne Sexton: Matters Of Life And Death</pbcoreTitle><pbcoreDescription descriptionType="Program Description">Program is a tribute to Poet Anne Sexton after her death in 1974.  Still and moving images of Sexton are coupled with readings of her poetry and recollections from colleagues such as her biographer Lois Ames; and associates Robert Clawson and George Starbuck.  Copyright WGBH 1974.</pbcoreDescription><pbcoreDescription descriptionType="Asset Description">Original date: 11/27/1974.  Directed by Bruce Shah, produced by Roger Smith.</pbcoreDescription><pbcoreGenre source="Series Genre">Special</pbcoreGenre><pbcoreGenre source="Series Topic">Biography</pbcoreGenre><pbcoreGenre source="Series Topic">Literature</pbcoreGenre><pbcoreGenre source="Series Genre">Documentary</pbcoreGenre><pbcoreAnnotation annotationType="Media Type">Video</pbcoreAnnotation><pbcoreAnnotation annotationType="Duration">00:28:05:00</pbcoreAnnotation></pbcoreDescriptionDocument>