<?xml version="1.0" encoding="UTF-8"?><pbcoreDescriptionDocument xmlns="http://www.pbcore.org/PBCore/PBCoreNamespace.html" annotation="V_70E9A7DC4E314A00A7A84BC7821F369B">
    <pbcoreAssetType>Broadcast program</pbcoreAssetType><pbcoreIdentifier source="Open Vault UID">V_70E9A7DC4E314A00A7A84BC7821F369B</pbcoreIdentifier><pbcoreTitle titleType="Series">Where In Time Is Carmen Sandiego?</pbcoreTitle><pbcoreTitle titleType="Program">Al Capone</pbcoreTitle><pbcoreTitle titleType="Program Number">148</pbcoreTitle><pbcoreDescription descriptionType="Series Description">Arch villainess Carmen Sandiego remains at large, wreaking havoc in history.  In each episode Carmen and/or one of her gang go back in time to steal a key historical object, the theft of which could change the course of history.  Three contestants--using logic, judgment and their knowledge of history--pursue Carmen and her crooks in a time machine called the Chronoskimmer, recover the loot and restore it to its proper place in history.  Lynne Thigpen returns as the Chief;  Kevin Shinick is featured as the "Squadron Leader"; music is contributed by (house band) "The Human Engine."
Series release date: 1996</pbcoreDescription><pbcoreDescription descriptionType="Asset Description">148</pbcoreDescription><pbcoreGenre source="Series Topic">History</pbcoreGenre><pbcoreGenre source="Series Genre">Children's</pbcoreGenre><pbcoreGenre source="Series Genre">Game Show</pbcoreGenre><pbcoreCreator>
      <creator>Taylor, Kate</creator><creatorRole>Series Producer</creatorRole></pbcoreCreator><pbcoreAnnotation annotationType="Media Type">Video</pbcoreAnnotation></pbcoreDescriptionDocument>