<?xml version="1.0" encoding="UTF-8"?><pbcoreDescriptionDocument xmlns="http://www.pbcore.org/PBCore/PBCoreNamespace.html" annotation="V_09E2625527B441FD9C973B1C8CD605AD">
    <pbcoreAssetType>Broadcast program</pbcoreAssetType><pbcoreAssetDate dateType="Item Date">09/11/1996</pbcoreAssetDate><pbcoreIdentifier source="Open Vault UID">V_09E2625527B441FD9C973B1C8CD605AD</pbcoreIdentifier><pbcoreTitle titleType="Program">Top Gun over Moscow</pbcoreTitle><pbcoreTitle titleType="Series">NOVA</pbcoreTitle><pbcoreTitle titleType="Program Number">2315</pbcoreTitle><pbcoreDescription descriptionType="Asset Description">Has lower thirds, other packaging.</pbcoreDescription><pbcoreDescription descriptionType="Program Description">This program lights up the afterburners to celebrate the meeting of former adversaries from the Cold War.  Russian pilots host American jet jockeys to show off the hottest planes from the former Soviet Union, which are surprisingly rugged compared with their pampered U.S. counterparts.</pbcoreDescription><pbcoreDescription descriptionType="Series Description">Premiered March 1974
NOVA is a general-interest documentary series that addresses a single science issue each week.  Billed as "science adventures for curious grown-ups" when it first aired  in March, 1974, NOVA continues to offer an informative and entertaining approach to a challenging subject.  1996 marked NOVA's 23rd season, which makes it the longest-running science program on national television.  It is also one of television's most acclaimed series, having won every major television award, most of them many times over.
Series release date: 3/3/1974</pbcoreDescription><pbcoreGenre source="Series Topic">Science</pbcoreGenre><pbcoreGenre source="Series Genre">Documentary</pbcoreGenre><pbcoreAnnotation annotationType="Media Type">Video</pbcoreAnnotation><pbcoreAnnotation annotationType="Duration">00:56:46:00</pbcoreAnnotation></pbcoreDescriptionDocument>