<?xml version="1.0" encoding="UTF-8"?><pbcoreDescriptionDocument xmlns="http://www.pbcore.org/PBCore/PBCoreNamespace.html" annotation="V_797D2BC488434DE4AA82208E37FB327F">
    <pbcoreAssetType>Broadcast program</pbcoreAssetType><pbcoreIdentifier source="Open Vault UID">V_797D2BC488434DE4AA82208E37FB327F</pbcoreIdentifier><pbcoreTitle titleType="Program">Should Congress adopt the Administration plan for broadcast license renewal?</pbcoreTitle><pbcoreTitle titleType="Program Number">329</pbcoreTitle><pbcoreTitle titleType="Series">Advocates</pbcoreTitle><pbcoreDescription descriptionType="Program Description">Moderator: Michael Dukakis
Advocate:  Henry Goldberg
Advocate:  Lionel Van Deerlin
Witnesses:
Clay Whitehead – Executive Office of Telecommunications
Lee Loevinger – FCC Commissioner 1963-1968
Nicholas Johnson – Commissioner, FCC
Edward Morgan – Attorney, Washington, DC
Produced by WGBH at the Auditorium of the Department of Health, Education and Welfare, Washington DC.  Bears WGBH copyright</pbcoreDescription><pbcoreDescription descriptionType="Series Description">A SERIES OF DEBATES with a moderator facilitating the discussion of national and international issues - using advocates who would introduce witnesses to support their point of view.  Debates recorded at Boston's Faneuil Hall.  Moderators included: Michael Dukakis;  Marilyn Berger; Michael Harrington, Robert Maynard.  (Premiered October, 1969; conceived by Prof. Roger Fisher.)  Other participants included Barney Frank, Avi Nelson, Antonin Scalia, S.I. Hayakawa, Paul Simon, Albert Shankar, Richard Bolling, Pete McCloskey, Chester Crocker, John Anderson, Elmo Zumwalt, George Ball, John Kenneth Galbraith, William Colby, Eleanor Smeal, Phyllis Schlafly, Sam Ervin, Laurence Tribe, Daniel Schorr, Orrin Hatch, Morris Udall, Edward Kennedy, George McGovern, Jake Garn, Paul Tsongas, Alan Dershowitz.
Series release date: 1969</pbcoreDescription><pbcoreDescription descriptionType="Asset Description">Should Congress adopt the Administration plan for broadcast  license renewal?
Moderator: Michael Dukakis
Advocate:  Henry Goldberg
Advocate:  Lionel Van Deerlin
Witnesses:
Clay Whitehead – Executive Office of Telecommunications
Lee Loevinger – FCC Commissioner 1963-1968
Nicholas Johnson – Commissioner, FCC
Edward Morgan – Attorney, Washington, DC
Produced by WGBH at the Auditorium of the Department of Health, Education and Welfare, Washington DC.  Bears WGBH copyright</pbcoreDescription><pbcoreGenre source="Series Topic">Public Affairs</pbcoreGenre><pbcoreGenre source="Series Topic">Social Issues</pbcoreGenre><pbcoreGenre source="Series Genre">Debate</pbcoreGenre><pbcoreAnnotation annotationType="Media Type">Video</pbcoreAnnotation></pbcoreDescriptionDocument>