<?xml version="1.0" encoding="UTF-8"?><pbcoreDescriptionDocument xmlns="http://www.pbcore.org/PBCore/PBCoreNamespace.html" annotation="V_0F750818280A4203A7DF8261BB879A96">
    <pbcoreAssetType>Broadcast program</pbcoreAssetType><pbcoreIdentifier source="Open Vault UID">V_0F750818280A4203A7DF8261BB879A96</pbcoreIdentifier><pbcoreTitle titleType="Series">College Bound</pbcoreTitle><pbcoreTitle titleType="Program Number">113</pbcoreTitle><pbcoreDescription descriptionType="Series Description">Hosted by Harold G. Ridlon, Asst. Professor of English, Tufts University.  B&amp;W, recorded in WGBH Studio.  Producer: Sharon Pucker, Director: Christopher Sarson.
Series release date: 1965</pbcoreDescription><pbcoreCreator>
      <creator>Pucker, Sharon</creator><creatorRole>Series Producer</creatorRole></pbcoreCreator><pbcoreAnnotation annotationType="Media Type">Video</pbcoreAnnotation><pbcoreAnnotation annotationType="Duration">00:28:50:00</pbcoreAnnotation></pbcoreDescriptionDocument>