<?xml version="1.0" encoding="UTF-8"?><pbcoreDescriptionDocument xmlns="http://www.pbcore.org/PBCore/PBCoreNamespace.html" annotation="V_D819A610F7AE472EB2E14A6419BACF22">
    <pbcoreAssetType>Broadcast program</pbcoreAssetType><pbcoreIdentifier source="Open Vault UID">V_D819A610F7AE472EB2E14A6419BACF22</pbcoreIdentifier><pbcoreTitle titleType="Program">Should the US accept Peking as the one government of China for all purposes?</pbcoreTitle><pbcoreTitle titleType="Series">Advocates</pbcoreTitle><pbcoreTitle titleType="Program Number">70</pbcoreTitle><pbcoreDescription descriptionType="Series Description">A SERIES OF DEBATES with a moderator facilitating the discussion of national and international issues - using advocates who would introduce witnesses to support their point of view.  Debates recorded at Boston's Faneuil Hall.  Moderators included: Michael Dukakis;  Marilyn Berger; Michael Harrington, Robert Maynard.  (Premiered October, 1969; conceived by Prof. Roger Fisher.)  Other participants included Barney Frank, Avi Nelson, Antonin Scalia, S.I. Hayakawa, Paul Simon, Albert Shankar, Richard Bolling, Pete McCloskey, Chester Crocker, John Anderson, Elmo Zumwalt, George Ball, John Kenneth Galbraith, William Colby, Eleanor Smeal, Phyllis Schlafly, Sam Ervin, Laurence Tribe, Daniel Schorr, Orrin Hatch, Morris Udall, Edward Kennedy, George McGovern, Jake Garn, Paul Tsongas, Alan Dershowitz.
Series release date: 1969</pbcoreDescription><pbcoreDescription descriptionType="Program Description">Moderator:  Victor Palmieri
Advocate:  Howard Miller
Advocate:  William Rusher
Witnesses:
Harrison Salisbury – Asstistant Managing Editor, NY Times (on film)
Jerome Cohen – Professor Of Law, Harvard University
Jim Peck – Bay Area Institute
David Mozingo – Professor Of Political Science, Cornell University
C.K. Yen – Prime Minister, Republic of China (on film)
Richard L. Walker, Ph.D. – Director, Institute Of International Studies, University of South Carolina
Robert A. Scaloppine, Ph.D. – Editor, Asian Survey
Adm. U.S. Grant Sharp – US Navy (Ret.)
Sen. James L. Buckley – Cons. Rep. New York

Produced by KCET in Los Angeles, Bears KCET copyright</pbcoreDescription><pbcoreDescription descriptionType="Asset Description">Should the US accept Peking as the one government of China for all purposes?  
Moderator:  Victor Palmieri
Advocate:  Howard Miller
Advocate:  William Rusher
Witnesses:
Harrison Salisbury – Asst. Managing Editor, NY Times (on film)
Jerome Cohen – Prof. Of Law, Harvard University
Jim Peck – Bay Area Inst.
David Mozingo – Prof. Of Political Science, Cornell University
C.K. Yen – Prime Minister, Republic of China (on film)
Richard L. Walker, Ph.D. – Dir, Inst. Of International Studies, Univ. of So. Carolina
Robert A. Scalapino, Ph.D. – Editor, Asian Survey
Adm. U.S. Grant Sharp – US Navy (Ret.)
Sen. James L. Buckley – Cons. Rep. New York
Produced by KCET in Los Angeles, Bears KCET copyright</pbcoreDescription><pbcoreGenre source="Series Topic">Public Affairs</pbcoreGenre><pbcoreGenre source="Series Topic">Social Issues</pbcoreGenre><pbcoreGenre source="Series Genre">Debate</pbcoreGenre><pbcoreAnnotation annotationType="Duration">00:90:00:00</pbcoreAnnotation><pbcoreAnnotation annotationType="Media Type">Video</pbcoreAnnotation></pbcoreDescriptionDocument>