<?xml version="1.0" encoding="UTF-8"?><pbcoreDescriptionDocument xmlns="http://www.pbcore.org/PBCore/PBCoreNamespace.html" annotation="V_B602C27067054E3AB3634A7F7F9DFB00">
    <pbcoreAssetType>Broadcast program</pbcoreAssetType><pbcoreAssetDate dateType="Item Date">10/18/1971</pbcoreAssetDate><pbcoreIdentifier source="Open Vault UID">V_B602C27067054E3AB3634A7F7F9DFB00</pbcoreIdentifier><pbcoreTitle titleType="Program Number">203</pbcoreTitle><pbcoreTitle titleType="Program">Silver Cleaning and Polishing</pbcoreTitle><pbcoreTitle titleType="Series">Making Things Work</pbcoreTitle><pbcoreDescription descriptionType="Series Description">WGBH program (C. 1971) hosted by Thalassa Cruso on fix-it projects around the house - how to mend household items, remove stains.
Series release date: 1971</pbcoreDescription><pbcoreDescription descriptionType="Program Description">Series Description: WGBH program (C. 1971) hosted by Thalassa Cruso on fix-it projects around the house - how to mend household items, remove stains.</pbcoreDescription><pbcoreGenre source="Series Topic">Home Improvement</pbcoreGenre><pbcoreGenre source="Series Genre">Instructional</pbcoreGenre><pbcoreAnnotation annotationType="Duration">00:14:26:00</pbcoreAnnotation><pbcoreAnnotation annotationType="Media Type">Video</pbcoreAnnotation></pbcoreDescriptionDocument>