<?xml version="1.0" encoding="UTF-8"?><pbcoreDescriptionDocument xmlns="http://www.pbcore.org/PBCore/PBCoreNamespace.html" annotation="V_E070C94427714B34A3815459391739D9">
    <pbcoreAssetType>Broadcast program</pbcoreAssetType><pbcoreIdentifier source="Open Vault UID">V_E070C94427714B34A3815459391739D9</pbcoreIdentifier><pbcoreTitle titleType="Series">Advocates</pbcoreTitle><pbcoreTitle titleType="Program">Debate #1 in the McGovern - Nixon 1972 Presidential Election: Should You Support McGovern’s Defense Proposal?</pbcoreTitle><pbcoreTitle titleType="Program Number">301</pbcoreTitle><pbcoreDescription descriptionType="Program Description">Moderator: Michael Dukakis
Advocate:  John Marshall
Advocate:  Alan Dershowitz
Witnesses:
Herbert Scoville – Former Deputy Director, Central Intelligence Agency
Paul Warnke – Former Assistant Secretary, Department of Defense
Rep. Peter Frelinghuysen – Foreign Affairs Committee
Rep. William Minshall – Appropriations Committee
Produced by WGBH at Faneuil Hall, bears WGBH copyright</pbcoreDescription><pbcoreDescription descriptionType="Series Description">A SERIES OF DEBATES with a moderator facilitating the discussion of national and international issues - using advocates who would introduce witnesses to support their point of view.  Debates recorded at Boston's Faneuil Hall.  Moderators included: Michael Dukakis;  Marilyn Berger; Michael Harrington, Robert Maynard.  (Premiered October, 1969; conceived by Prof. Roger Fisher.)  Other participants included Barney Frank, Avi Nelson, Antonin Scalia, S.I. Hayakawa, Paul Simon, Albert Shankar, Richard Bolling, Pete McCloskey, Chester Crocker, John Anderson, Elmo Zumwalt, George Ball, John Kenneth Galbraith, William Colby, Eleanor Smeal, Phyllis Schlafly, Sam Ervin, Laurence Tribe, Daniel Schorr, Orrin Hatch, Morris Udall, Edward Kennedy, George McGovern, Jake Garn, Paul Tsongas, Alan Dershowitz.
Series release date: 1969</pbcoreDescription><pbcoreDescription descriptionType="Asset Description">Defense: Debate #1 in the 1972 McGovern-Nixon presidential election
Moderator: Michael Dukakis
Advocate:  John Marshall
Advocate:  Alan Dershowitz
Witnesses:
Herbert Scoville – Former Deputy Director, Central Intelligence Agency
Paul Warnke – Former Assistant Secretary, Department of Defense
Rep. Peter Frelinghuysen – Foreign Affairs Committee
Rep. William Minshall – Appropriations Committee
Produced by WGBH at Faneuil Hall, bears WGBH copyright</pbcoreDescription><pbcoreGenre source="Series Topic">Public Affairs</pbcoreGenre><pbcoreGenre source="Series Topic">Social Issues</pbcoreGenre><pbcoreGenre source="Series Genre">Debate</pbcoreGenre><pbcoreAnnotation annotationType="Media Type">Video</pbcoreAnnotation></pbcoreDescriptionDocument>