<?xml version="1.0" encoding="UTF-8"?><pbcoreDescriptionDocument xmlns="http://www.pbcore.org/PBCore/PBCoreNamespace.html" annotation="V_05EFB300259A452A8686B63E7BC8914A">
    <pbcoreAssetType>Broadcast program</pbcoreAssetType><pbcoreIdentifier source="Open Vault UID">V_05EFB300259A452A8686B63E7BC8914A</pbcoreIdentifier><pbcoreTitle titleType="Program">WGBH 1961 Fire And Rebuilding</pbcoreTitle><pbcoreTitle titleType="Series">WGBH Archives Historical Collection</pbcoreTitle><pbcoreDescription descriptionType="Asset Description">film transfer:  WGBH 1961 Fire and Rebuilding - with Ralph Lowell and Hartford Gunn interview segments
WGBH Archives Historical Collection
Approximate date: 1961</pbcoreDescription><pbcoreDescription descriptionType="Program Description">Ralph Lowell and Hartford Gunn interview segments regarding the 1961 WGBH fire.</pbcoreDescription><pbcoreDescription descriptionType="Series Description">Radio series.</pbcoreDescription><pbcoreGenre source="Series Topic">Film and Television</pbcoreGenre><pbcoreGenre source="Series Topic">History</pbcoreGenre><pbcoreAnnotation annotationType="Duration">00:02:42:00</pbcoreAnnotation><pbcoreAnnotation annotationType="Media Type">Video</pbcoreAnnotation></pbcoreDescriptionDocument>