<?xml version="1.0" encoding="UTF-8"?><pbcoreDescriptionDocument xmlns="http://www.pbcore.org/PBCore/PBCoreNamespace.html" annotation="V_CEE64CA1787C4346B7CD149CE14978C6">
    <pbcoreAssetType>Broadcast program</pbcoreAssetType><pbcoreIdentifier source="Open Vault UID">V_CEE64CA1787C4346B7CD149CE14978C6</pbcoreIdentifier><pbcoreTitle titleType="Program">Christmas Show 1966</pbcoreTitle><pbcoreTitle titleType="Series">WGBH Archives Historical Collection</pbcoreTitle><pbcoreDescription descriptionType="Series Description">Radio series.</pbcoreDescription><pbcoreDescription descriptionType="Asset Description">Dubbed from A2-03408.
WGBH Archives Historical Collection
Approximate date: 1966</pbcoreDescription><pbcoreGenre source="Series Topic">Film and Television</pbcoreGenre><pbcoreGenre source="Series Topic">History</pbcoreGenre><pbcoreAnnotation annotationType="Media Type">Video</pbcoreAnnotation><pbcoreAnnotation annotationType="Duration">00:09:14:00</pbcoreAnnotation></pbcoreDescriptionDocument>