<?xml version="1.0" encoding="UTF-8"?><pbcoreDescriptionDocument xmlns="http://www.pbcore.org/PBCore/PBCoreNamespace.html" annotation="V_EBBE66842F924F2C928A2CB3ED2C0217">
    <pbcoreAssetType>Broadcast program</pbcoreAssetType><pbcoreIdentifier source="Open Vault UID">V_EBBE66842F924F2C928A2CB3ED2C0217</pbcoreIdentifier><pbcoreTitle titleType="Program Number">408</pbcoreTitle><pbcoreTitle titleType="Series">Advocates</pbcoreTitle><pbcoreTitle titleType="Program">Should the US Grant Normal Trade Privileges to the Soviet Union?</pbcoreTitle><pbcoreDescription descriptionType="Series Description">A SERIES OF DEBATES with a moderator facilitating the discussion of national and international issues - using advocates who would introduce witnesses to support their point of view.  Debates recorded at Boston's Faneuil Hall.  Moderators included: Michael Dukakis;  Marilyn Berger; Michael Harrington, Robert Maynard.  (Premiered October, 1969; conceived by Prof. Roger Fisher.)  Other participants included Barney Frank, Avi Nelson, Antonin Scalia, S.I. Hayakawa, Paul Simon, Albert Shankar, Richard Bolling, Pete McCloskey, Chester Crocker, John Anderson, Elmo Zumwalt, George Ball, John Kenneth Galbraith, William Colby, Eleanor Smeal, Phyllis Schlafly, Sam Ervin, Laurence Tribe, Daniel Schorr, Orrin Hatch, Morris Udall, Edward Kennedy, George McGovern, Jake Garn, Paul Tsongas, Alan Dershowitz.
Series release date: 1969</pbcoreDescription><pbcoreDescription descriptionType="Program Description">Moderator:  Evan Semerjian
 Advocate:  Harold Berman
 Advocate:  William Rusher
 Witnesses:
 Harold Scott – US-USSR Trade Council
 Robert Kleiman – New York Times
 Marshall Goldman – Economist
 Dimitri Simes – Soviet Emigré
 Produced by WGBH at Faneuil Hall.  Bears WGBH copyright</pbcoreDescription><pbcoreDescription descriptionType="Asset Description">Should the US grant normal trade privileges to the Soviet Union?
 Moderator:  Evan Semerjian
 Advocate:  Harold Berman
 Advocate:  William Rusher
 Witnesses:
 Harold Scott – US-USSR Trade Council
 Robert Kleiman – New York Times
 Marshall Goldman – Economist
 Dimitri Simes – Soviet Emigré
 Produced by WGBH at Faneuil Hall.  Bears WGBH copyright</pbcoreDescription><pbcoreGenre source="Series Topic">Public Affairs</pbcoreGenre><pbcoreGenre source="Series Genre">Debate</pbcoreGenre><pbcoreGenre source="Series Topic">Social Issues</pbcoreGenre><pbcoreAnnotation annotationType="Media Type">Video</pbcoreAnnotation></pbcoreDescriptionDocument>