<?xml version="1.0" encoding="UTF-8"?><pbcoreDescriptionDocument xmlns="http://www.pbcore.org/PBCore/PBCoreNamespace.html" annotation="V_01C341127FBF4A8FABDC94EE357A0382">
    <pbcoreAssetType>Broadcast program</pbcoreAssetType><pbcoreAssetDate dateType="Item Date">07/26/1967</pbcoreAssetDate><pbcoreIdentifier source="Open Vault UID">V_01C341127FBF4A8FABDC94EE357A0382</pbcoreIdentifier><pbcoreTitle titleType="Program">Luiz Henrique</pbcoreTitle><pbcoreTitle titleType="Series">Jazz</pbcoreTitle><pbcoreDescription descriptionType="Series Description">Series description from press release of the time: 
"Jazz is a live half-hour weekly program featuring musical jazz stars of local, national and international fame.  Host for the series is Herb Pomeroy, a Boston resident, who is an outstanding jazz musician, composer, and teacher.  Jazz is a performance show with little talk and an emphasis on good jazz for your musical enjoyment."  First program in the series aired on Friday, January 8, 1965.
Series release date: 1/8/1965</pbcoreDescription><pbcoreDescription descriptionType="Asset Description">[RTRV: PAT] 
Original record date: 7/26/1967.  Associate producer / Director  Bill Cosel</pbcoreDescription><pbcoreDescription descriptionType="Program Description">In studio performance by Brazilian Bossa Nova musician Luiz Henrique.   

Series description from press release of the time: 
"Jazz is a live half-hour weekly program featuring musical jazz stars of local, national and international fame.  Host for the series is Herb Pomeroy, a Boston resident, who is an outstanding jazz musician, composer, and teacher.  Jazz is a performance show with little talk and an emphasis on good jazz for your musical enjoyment."  First program in the series aired on Friday, January 8, 1965.</pbcoreDescription><pbcoreGenre source="Series Topic">Music</pbcoreGenre><pbcoreGenre source="Series Genre">Performance in a Studio</pbcoreGenre><pbcoreAnnotation annotationType="Media Type">Video</pbcoreAnnotation><pbcoreAnnotation annotationType="Duration">00:29:30:00</pbcoreAnnotation></pbcoreDescriptionDocument>