<?xml version="1.0" encoding="UTF-8"?><pbcoreDescriptionDocument xmlns="http://www.pbcore.org/PBCore/PBCoreNamespace.html" annotation="V_CD16FA5353744469BFBC3155BA65E17A">
    <pbcoreAssetType>Broadcast program</pbcoreAssetType><pbcoreAssetDate dateType="Item Date">12/21/1980</pbcoreAssetDate><pbcoreIdentifier source="Open Vault UID">V_CD16FA5353744469BFBC3155BA65E17A</pbcoreIdentifier><pbcoreTitle titleType="Program">He Did It for a Friend: Boston Remembers James Michael Curley</pbcoreTitle><pbcoreDescription descriptionType="Program Description">Memories of Boston Mayor James Michael Curley, whose popularity in the Irish community withstood indictment, imprisonment and the passage of time.  Copyright WGBH Educational Foundation, 1974.</pbcoreDescription><pbcoreDescription descriptionType="Asset Description">Original date 12/21/80.    Dubbed from A2-00182.</pbcoreDescription><pbcoreGenre source="Series Topic">Biography</pbcoreGenre><pbcoreAnnotation annotationType="Duration">00:64:00:00</pbcoreAnnotation><pbcoreAnnotation annotationType="Media Type">Video</pbcoreAnnotation></pbcoreDescriptionDocument>