<?xml version="1.0" encoding="UTF-8"?><pbcoreDescriptionDocument xmlns="http://www.pbcore.org/PBCore/PBCoreNamespace.html" annotation="V_F98F1F90D7E84F77A06524CCDC26EC83">
    <pbcoreAssetType>Broadcast program</pbcoreAssetType><pbcoreAssetDate dateType="Item Date">07/20/1992</pbcoreAssetDate><pbcoreIdentifier source="Open Vault UID">V_F98F1F90D7E84F77A06524CCDC26EC83</pbcoreIdentifier><pbcoreTitle titleType="Program">BOB AND RAY : THE ONE AND ONLY</pbcoreTitle><pbcoreDescription descriptionType="Asset Description">Program master</pbcoreDescription><pbcoreAnnotation annotationType="Media Type">Video</pbcoreAnnotation><pbcoreAnnotation annotationType="Duration">00:56:00:00</pbcoreAnnotation></pbcoreDescriptionDocument>