<?xml version="1.0" encoding="UTF-8"?><pbcoreDescriptionDocument xmlns="http://www.pbcore.org/PBCore/PBCoreNamespace.html" annotation="V_B3B0F0E17B3E4F4F8CEBE0F114DA960A">
    <pbcoreAssetType>Broadcast program</pbcoreAssetType><pbcoreAssetDate dateType="Item Date">09/29/1981</pbcoreAssetDate><pbcoreIdentifier source="Open Vault UID">V_B3B0F0E17B3E4F4F8CEBE0F114DA960A</pbcoreIdentifier><pbcoreTitle titleType="Program">Thunder Over Mexico</pbcoreTitle><pbcoreDescription descriptionType="Asset Description">Original date 9/29/81.  Dubbed from A2-02461.</pbcoreDescription><pbcoreAnnotation annotationType="Media Type">Video</pbcoreAnnotation><pbcoreAnnotation annotationType="Duration">01:08:25:00</pbcoreAnnotation></pbcoreDescriptionDocument>