<?xml version="1.0" encoding="UTF-8"?><pbcoreDescriptionDocument xmlns="http://www.pbcore.org/PBCore/PBCoreNamespace.html" annotation="V_11EC3AE1F0A44087AA80FE084CA9140E">
    <pbcoreAssetType>Broadcast program</pbcoreAssetType><pbcoreAssetDate dateType="Item Date">06/14/1977</pbcoreAssetDate><pbcoreIdentifier source="Open Vault UID">V_11EC3AE1F0A44087AA80FE084CA9140E</pbcoreIdentifier><pbcoreTitle titleType="Program">Claude Kipnis Mime Theatre</pbcoreTitle><pbcoreTitle titleType="Series">Evening at Pops</pbcoreTitle><pbcoreTitle titleType="Program Number">802</pbcoreTitle><pbcoreDescription descriptionType="Asset Description">Original date 6/14/77.  Dub of 2" master (A2-03702).  The master is shedding terribly and only 24 minutes were able to be dubbed onto beta on 11/27/95</pbcoreDescription><pbcoreDescription descriptionType="Program Description">Claude Kipnis Mime Theatre and the Boston Pops Orchestra perform:

Saint-Saens: French Military March
Suppe: Overture to Fatinitza
Schubert-Wilheim: Ave Maria
Fucik: Entrance of the Gladiators
Mozart: Eine Kleine Nachtmusik
Chopin: Les Sylphides Prelude No. 7
Chopin: Grand Valse Brillante #1
Chopin: The Party

Recorded 5/11/1977</pbcoreDescription><pbcoreDescription descriptionType="Series Description">Taped shows of the Boston Pops.   First telecast on WGBH in June 1957; Arthur Fiedler conducting at MIT Kresge Auditorium.  Premiered nationally July 5, 1970, performances at Symphony Hall. 
Series release date: 1970</pbcoreDescription><pbcoreGenre source="Series Genre">Performance for a Live Audience</pbcoreGenre><pbcoreGenre source="Series Topic">Music</pbcoreGenre><pbcoreCreator>
      <creator>Dangel, Susan</creator><creatorRole>Series Producer</creatorRole></pbcoreCreator><pbcoreAnnotation annotationType="Media Type">Video</pbcoreAnnotation><pbcoreAnnotation annotationType="Duration">00:24:00:00</pbcoreAnnotation></pbcoreDescriptionDocument>