<?xml version="1.0" encoding="UTF-8"?><pbcoreDescriptionDocument xmlns="http://www.pbcore.org/PBCore/PBCoreNamespace.html" annotation="V_DF2B8C899CE7445BA58AA4C7C34DBC1C">
    <pbcoreAssetType>Broadcast program</pbcoreAssetType><pbcoreAssetDate dateType="Item Date">01/20/1970</pbcoreAssetDate><pbcoreIdentifier source="Open Vault UID">V_DF2B8C899CE7445BA58AA4C7C34DBC1C</pbcoreIdentifier><pbcoreTitle titleType="Program">Hello, Dolly: Pearl Bailey</pbcoreTitle><pbcoreTitle titleType="Series">Elliot Norton Reviews</pbcoreTitle><pbcoreDescription descriptionType="Program Description">Series Description: Boston theatre critic Elliot Norton interviews prominent actors, directors and producers on their craft.
(Aired from October, 1958 to 1982.  Winner of both Peabody and Tony Awards.)</pbcoreDescription><pbcoreDescription descriptionType="Series Description">Boston theatre critic Elliot Norton interviews prominent actors, directors and producers on their craft.
(Aired from October, 1958 to 1982.  Winner of both Peabody and Tony Awards.)
Series release date: 1958</pbcoreDescription><pbcoreGenre source="Series Topic">Performing Arts</pbcoreGenre><pbcoreGenre source="Series Genre">Talk Show</pbcoreGenre><pbcoreAnnotation annotationType="Media Type">Video</pbcoreAnnotation><pbcoreAnnotation annotationType="Duration">00:28:58:00</pbcoreAnnotation></pbcoreDescriptionDocument>