<?xml version="1.0" encoding="UTF-8"?><pbcoreDescriptionDocument xmlns="http://www.pbcore.org/PBCore/PBCoreNamespace.html" annotation="V_D85C945589AE459CBAF6E1B56C609674">
    <pbcoreAssetType>Broadcast program</pbcoreAssetType><pbcoreIdentifier source="Open Vault UID">V_D85C945589AE459CBAF6E1B56C609674</pbcoreIdentifier><pbcoreTitle titleType="Program">Should Congress Act Now to Override the President and Withdraw All American Air, Naval and Ground Forces from Indochina</pbcoreTitle><pbcoreTitle titleType="Program Number">105</pbcoreTitle><pbcoreTitle titleType="Series">Advocates</pbcoreTitle><pbcoreDescription descriptionType="Program Description">Moderator:  Michael Dukakis
Advocate:  Howard Miller
Advocate:  J. Daniel Mahoney
Witnesses:
Earl Ravenal – Institute for Policy Studies
Donald Luce – Journalist
Rep. Michael Harrington – Dem., Massachusetts
Clark MacGregor – Presidential counsel (via remote)
Pauline Tho – Senator, Vietnam
Sen. Peter Dominick – Rep., Colorado
Produced at WGBH, bears WGBH copyright</pbcoreDescription><pbcoreDescription descriptionType="Asset Description">Moderator:  Michael Dukakis
Advocate:  Howard Miller
Advocate:  J. Daniel Mahoney
Witnesses:
Earl Ravenal – Institute for Policy Studies
Donald Luce – Journalist
Rep. Michael Harrington – Dem., Massachusetts
Clark MacGregor – Presidential counsel (via remote)
Pauline Tho – Senator, Vietnam
Sen. Peter Dominick – Rep., Colorado
Produced at WGBH, bears WGBH copyright</pbcoreDescription><pbcoreDescription descriptionType="Series Description">A SERIES OF DEBATES with a moderator facilitating the discussion of national and international issues - using advocates who would introduce witnesses to support their point of view.  Debates recorded at Boston's Faneuil Hall.  Moderators included: Michael Dukakis;  Marilyn Berger; Michael Harrington, Robert Maynard.  (Premiered October, 1969; conceived by Prof. Roger Fisher.)  Other participants included Barney Frank, Avi Nelson, Antonin Scalia, S.I. Hayakawa, Paul Simon, Albert Shankar, Richard Bolling, Pete McCloskey, Chester Crocker, John Anderson, Elmo Zumwalt, George Ball, John Kenneth Galbraith, William Colby, Eleanor Smeal, Phyllis Schlafly, Sam Ervin, Laurence Tribe, Daniel Schorr, Orrin Hatch, Morris Udall, Edward Kennedy, George McGovern, Jake Garn, Paul Tsongas, Alan Dershowitz.
Series release date: 1969</pbcoreDescription><pbcoreGenre source="Series Topic">Social Issues</pbcoreGenre><pbcoreGenre source="Series Topic">Public Affairs</pbcoreGenre><pbcoreGenre source="Series Genre">Debate</pbcoreGenre><pbcoreAnnotation annotationType="Media Type">Video</pbcoreAnnotation></pbcoreDescriptionDocument>