<?xml version="1.0" encoding="UTF-8"?><pbcoreDescriptionDocument xmlns="http://www.pbcore.org/PBCore/PBCoreNamespace.html" annotation="V_932125DCB85145C9B01D92F6D950FFE6">
    <pbcoreAssetType>Broadcast program</pbcoreAssetType><pbcoreAssetDate dateType="Item Date">12/21/1976</pbcoreAssetDate><pbcoreIdentifier source="Open Vault UID">V_932125DCB85145C9B01D92F6D950FFE6</pbcoreIdentifier><pbcoreTitle titleType="Series">Inquiry</pbcoreTitle><pbcoreTitle titleType="Program">Terrorism</pbcoreTitle><pbcoreDescription descriptionType="Asset Description">Dubbed 7/28/96 from A2-02189.  Original date 12/21/76.</pbcoreDescription><pbcoreDescription descriptionType="Series Description">Series release date: 1976</pbcoreDescription><pbcoreAnnotation annotationType="Media Type">Video</pbcoreAnnotation><pbcoreAnnotation annotationType="Duration">00:58:28:00</pbcoreAnnotation></pbcoreDescriptionDocument>