<?xml version="1.0" encoding="UTF-8"?><pbcoreDescriptionDocument xmlns="http://www.pbcore.org/PBCore/PBCoreNamespace.html" annotation="V_4AA017066AA3449DA9B5AA7DBD88EAEC">
    <pbcoreAssetType>Broadcast program</pbcoreAssetType><pbcoreAssetDate dateType="Item Date">05/19/1995</pbcoreAssetDate><pbcoreIdentifier source="Open Vault UID">V_4AA017066AA3449DA9B5AA7DBD88EAEC</pbcoreIdentifier><pbcoreTitle titleType="Program">Johnstown Flood, The</pbcoreTitle><pbcoreTitle titleType="Program Number">405</pbcoreTitle><pbcoreTitle titleType="Series">American Experience</pbcoreTitle><pbcoreDescription descriptionType="Asset Description">Disaster Night program 3 of 3</pbcoreDescription><pbcoreDescription descriptionType="Series Description">Premiered October 1988
As television's longest-running, most-watched history series, American Experience brings to life the incredible characters and epic stories that helped form this nation. Now in its eighteenth season, the series has produced over 180 programs and garnered every major broadcast award.
Series release date: 10/1988</pbcoreDescription><pbcoreDescription descriptionType="Program Description">On May 31, 1889, after severe rainstorms, the earthen dam above the town of Johnstown, Pennsylvania, broke without warning.  More than 2,000 people were killed.  How did it happen and why?  The original 20-minute version of "The Johnstown Flood" won an Oscar in 1991.  This expanded hour-long version explores not just the disastrous flood and its aftermath, but what life was like in Johnstown before the flood, for those who worked in the valley, and those who summered high above the mountains.
JUN95 airing - part of American Experience's "Disaster Night" - aired along with "The Hurricane of '38" and "The Great San Francisco Earthquake."</pbcoreDescription><pbcoreGenre source="Series Genre">Documentary</pbcoreGenre><pbcoreGenre source="Series Topic">History</pbcoreGenre><pbcoreAnnotation annotationType="Media Type">Video</pbcoreAnnotation><pbcoreAnnotation annotationType="Duration">00:58:01:00</pbcoreAnnotation></pbcoreDescriptionDocument>