<?xml version="1.0" encoding="UTF-8"?><pbcoreDescriptionDocument xmlns="http://www.pbcore.org/PBCore/PBCoreNamespace.html" annotation="V_B285C6305DF749CCBCE6893139AC65E0">
    <pbcoreAssetType>Broadcast program</pbcoreAssetType><pbcoreAssetDate dateType="Item Date">01/06/1972</pbcoreAssetDate><pbcoreIdentifier source="Open Vault UID">V_B285C6305DF749CCBCE6893139AC65E0</pbcoreIdentifier><pbcoreTitle titleType="Program Number">215</pbcoreTitle><pbcoreTitle titleType="Series">Making Things Work</pbcoreTitle><pbcoreTitle titleType="Program">Care Of Books</pbcoreTitle><pbcoreDescription descriptionType="Program Description">Series Description: WGBH program (C. 1971) hosted by Thalassa Cruso on fix-it projects around the house - how to mend household items, remove stains.</pbcoreDescription><pbcoreDescription descriptionType="Series Description">WGBH program (C. 1971) hosted by Thalassa Cruso on fix-it projects around the house - how to mend household items, remove stains.
Series release date: 1971</pbcoreDescription><pbcoreGenre source="Series Genre">Instructional</pbcoreGenre><pbcoreGenre source="Series Topic">Home Improvement</pbcoreGenre><pbcoreAnnotation annotationType="Media Type">Video</pbcoreAnnotation><pbcoreAnnotation annotationType="Duration">00:14:26:00</pbcoreAnnotation></pbcoreDescriptionDocument>