<?xml version="1.0" encoding="UTF-8"?><pbcoreDescriptionDocument xmlns="http://www.pbcore.org/PBCore/PBCoreNamespace.html" annotation="V_AA674EBAA04842BC979250B9231CB9DC">
    <pbcoreAssetType>Broadcast program</pbcoreAssetType><pbcoreAssetDate dateType="Item Date">05/29/1976</pbcoreAssetDate><pbcoreIdentifier source="Open Vault UID">V_AA674EBAA04842BC979250B9231CB9DC</pbcoreIdentifier><pbcoreTitle titleType="Series">Catch 44</pbcoreTitle><pbcoreTitle titleType="Program">Armenian General Benevolent Union</pbcoreTitle><pbcoreDescription descriptionType="Program Description">Series Description: Community access format on WGBX, Channel 44.  Local non-profit groups given technical assistance to produce their own half-hour television production.  Entertainment, interviews.</pbcoreDescription><pbcoreDescription descriptionType="Series Description">Community access format on WGBX, Channel 44.  Local non-profit groups given technical assistance to produce their own half-hour television production.  Entertainment, interviews.
Series release date: 1971</pbcoreDescription><pbcoreAnnotation annotationType="Duration">00:28:02:00</pbcoreAnnotation><pbcoreAnnotation annotationType="Media Type">Video</pbcoreAnnotation></pbcoreDescriptionDocument>