<?xml version="1.0" encoding="UTF-8"?><pbcoreDescriptionDocument xmlns="http://www.pbcore.org/PBCore/PBCoreNamespace.html" annotation="V_C2B67674DFA54D6BAB19593C1315F480">
    <pbcoreAssetType>Broadcast program</pbcoreAssetType><pbcoreAssetDate dateType="Item Date">01/24/1967</pbcoreAssetDate><pbcoreIdentifier source="Open Vault UID">V_C2B67674DFA54D6BAB19593C1315F480</pbcoreIdentifier><pbcoreTitle titleType="Program">Robert Frost: A Lover's Quarrel With The World</pbcoreTitle><pbcoreDescription descriptionType="Program Description">Oscar winning film (1963) on poet Robert Frost, Commissioned by President John F. Kennedy.   Presents two views of Frost—his public performance and his private thoughts. Depicts Frost as he reads poetry at Sarah Lawrence, Amherst, and Ripon colleges first with a crowd and then with a small intimate group.

As of 1/30/2007:  Copyright held by Holt; Rinehart; and Winston, inc.  WGBH does not hold any distribution rights.</pbcoreDescription><pbcoreDescription descriptionType="Asset Description">DUBBED WITH COLORBURST</pbcoreDescription><pbcoreGenre source="Series Genre">Documentary</pbcoreGenre><pbcoreGenre source="Series Topic">Biography</pbcoreGenre><pbcoreGenre source="Series Topic">Literature</pbcoreGenre><pbcoreAnnotation annotationType="Media Type">Video</pbcoreAnnotation><pbcoreAnnotation annotationType="Duration">00:51:35:00</pbcoreAnnotation></pbcoreDescriptionDocument>