<?xml version="1.0" encoding="UTF-8"?><pbcoreDescriptionDocument xmlns="http://www.pbcore.org/PBCore/PBCoreNamespace.html" annotation="V_0996BCE519F641E0B88843DB1C7E14AD">
    <pbcoreAssetType>Broadcast program</pbcoreAssetType><pbcoreAssetDate dateType="Item Date">01/12/1967</pbcoreAssetDate><pbcoreIdentifier source="Open Vault UID">V_0996BCE519F641E0B88843DB1C7E14AD</pbcoreIdentifier><pbcoreTitle titleType="Series">Adventure</pbcoreTitle><pbcoreTitle titleType="Program Number">116</pbcoreTitle><pbcoreTitle titleType="Program">Live Or Die</pbcoreTitle><pbcoreDescription descriptionType="Series Description">Real-life stories which transport viewers on journeys set in remote mountain villages, endangered waterways, and through treacherous terrain.  Each saga is filled with suspense and surprise for the modern day explorers who personify the spirit of discovery that lies at the heart of every ADVENTURE.  See individual episodes for further descriptions.
Series release date: 1987</pbcoreDescription><pbcoreGenre source="Series Topic">Travel</pbcoreGenre><pbcoreAnnotation annotationType="Media Type">Video</pbcoreAnnotation></pbcoreDescriptionDocument>