<?xml version="1.0" encoding="UTF-8"?><pbcoreDescriptionDocument xmlns="http://www.pbcore.org/PBCore/PBCoreNamespace.html" annotation="V_9ACEE2C9CF9D4865AFF80EBEB3696790">
    <pbcoreAssetType>Broadcast program</pbcoreAssetType><pbcoreAssetDate dateType="Item Date">11/28/1967</pbcoreAssetDate><pbcoreIdentifier source="Open Vault UID">V_9ACEE2C9CF9D4865AFF80EBEB3696790</pbcoreIdentifier><pbcoreTitle titleType="Program">I Declare The War Is Over</pbcoreTitle><pbcoreDescription descriptionType="Asset Description">Original date: 11/28/1967.  Production of Channel 13, WNDT, EBC, New York.</pbcoreDescription><pbcoreDescription descriptionType="Program Description">Reporter Milt Haynes narrates this examination of the anti-Vietnam war movement and in particular the march on Washington by thousands of protesters in 1967.  A production of Channel 13, WNDT, New York.  B/W, 1967.</pbcoreDescription><pbcoreGenre source="Series Topic">War and Conflict</pbcoreGenre><pbcoreGenre source="Series Topic">Social Issues</pbcoreGenre><pbcoreGenre source="Series Genre">Documentary</pbcoreGenre><pbcoreAnnotation annotationType="Duration">00:30:30:00</pbcoreAnnotation><pbcoreAnnotation annotationType="Media Type">Video</pbcoreAnnotation></pbcoreDescriptionDocument>