<?xml version="1.0" encoding="UTF-8"?><pbcoreDescriptionDocument xmlns="http://www.pbcore.org/PBCore/PBCoreNamespace.html" annotation="V_FAE706F55DD74B60BD41F7423502DEED">
    <pbcoreAssetType>Broadcast program</pbcoreAssetType><pbcoreAssetDate dateType="Item Date">12/07/1980</pbcoreAssetDate><pbcoreIdentifier source="Open Vault UID">V_FAE706F55DD74B60BD41F7423502DEED</pbcoreIdentifier><pbcoreTitle titleType="Series">Brief Encounters</pbcoreTitle><pbcoreDescription descriptionType="Asset Description">FILM TRANSFER</pbcoreDescription><pbcoreDescription descriptionType="Series Description">Short films and videotapes by independent producers, aired between programs on Channel 2.
Series release date: 1980</pbcoreDescription><pbcoreAnnotation annotationType="Media Type">Video</pbcoreAnnotation></pbcoreDescriptionDocument>