<?xml version="1.0" encoding="UTF-8"?><pbcoreDescriptionDocument xmlns="http://www.pbcore.org/PBCore/PBCoreNamespace.html" annotation="V_FF457709673D42CCBBA3870E7C5D9446">
    <pbcoreAssetType>Broadcast program</pbcoreAssetType><pbcoreAssetDate dateType="Item Date">02/20/1976</pbcoreAssetDate><pbcoreIdentifier source="Open Vault UID">V_FF457709673D42CCBBA3870E7C5D9446</pbcoreIdentifier><pbcoreTitle titleType="Series">Music America</pbcoreTitle><pbcoreDescription descriptionType="Series Description">Radio series.</pbcoreDescription><pbcoreDescription descriptionType="Asset Description">MUSIC AMERICA  FINAL EDITS 1 - 6</pbcoreDescription><pbcoreGenre source="Series Topic">Music</pbcoreGenre><pbcoreAnnotation annotationType="Media Type">Video</pbcoreAnnotation></pbcoreDescriptionDocument>