<?xml version="1.0" encoding="UTF-8"?><pbcoreDescriptionDocument xmlns="http://www.pbcore.org/PBCore/PBCoreNamespace.html" annotation="V_C8410DD22C314D22A612700BD6F60327">
    <pbcoreAssetType>Broadcast program</pbcoreAssetType><pbcoreAssetDate dateType="Item Date">12/08/1981</pbcoreAssetDate><pbcoreIdentifier source="Open Vault UID">V_C8410DD22C314D22A612700BD6F60327</pbcoreIdentifier><pbcoreTitle titleType="Program Number">104</pbcoreTitle><pbcoreTitle titleType="Series">Bernstein and Beethoven</pbcoreTitle><pbcoreTitle titleType="Program">Leonore #3 Overture; Symphony # 4 in B Flat</pbcoreTitle><pbcoreDescription descriptionType="Series Description">Series release date: 1981</pbcoreDescription><pbcoreDescription descriptionType="Asset Description">Dub from PBS 2" tape.  Original date 12/8/81</pbcoreDescription><pbcoreAnnotation annotationType="Duration">00:64:00:00</pbcoreAnnotation><pbcoreAnnotation annotationType="Media Type">Video</pbcoreAnnotation></pbcoreDescriptionDocument>