<?xml version="1.0" encoding="UTF-8"?><pbcoreDescriptionDocument xmlns="http://www.pbcore.org/PBCore/PBCoreNamespace.html" annotation="V_B23D87D1006644DD8AA41F98CEC4B39E">
    <pbcoreAssetType>Broadcast program</pbcoreAssetType><pbcoreIdentifier source="Open Vault UID">V_B23D87D1006644DD8AA41F98CEC4B39E</pbcoreIdentifier><pbcoreTitle titleType="Series">Course of Our Times, The</pbcoreTitle><pbcoreTitle titleType="Program">Israel And The Arab World II</pbcoreTitle><pbcoreTitle titleType="Program Number">47</pbcoreTitle><pbcoreDescription descriptionType="Program Description">“In 1947, the United Nations voted to sponsor the partition of Palestine and to create sovereign states there for the Arabs and Israelis.  Israel, fed by major immigration waves, grew in two decades into a sophisticated western-type state, with a strong economy and high level of culture.  But the surrounding Arab nations refused to accept the United Nations mandate, and they fought three wars to overturn the settlement,  Despite their successive defeats, they refused any concessions and insisted upon the repatriation of the hundreds of thousands of refugee Arabs, and the return of ‘every inch’ of occupied Arab land.  The stalemate continued, half war and half peace, right into the 1970’s, and the area remained among the most troubled in the world.”</pbcoreDescription><pbcoreDescription descriptionType="Series Description">Historical survey hosted by Abram Sachar, Brandeis University.
Series release date: 1973</pbcoreDescription><pbcoreGenre source="Series Genre">Educational</pbcoreGenre><pbcoreGenre source="Series Topic">History</pbcoreGenre><pbcoreAnnotation annotationType="Duration">00:28:56:00</pbcoreAnnotation><pbcoreAnnotation annotationType="Media Type">Video</pbcoreAnnotation></pbcoreDescriptionDocument>