<?xml version="1.0" encoding="UTF-8"?><pbcoreDescriptionDocument xmlns="http://www.pbcore.org/PBCore/PBCoreNamespace.html" annotation="V_8EE353E014434ED3BEBBDF101DB027E9">
    <pbcoreAssetType>Broadcast program</pbcoreAssetType><pbcoreAssetDate dateType="Item Date">03/30/1972</pbcoreAssetDate><pbcoreIdentifier source="Open Vault UID">V_8EE353E014434ED3BEBBDF101DB027E9</pbcoreIdentifier><pbcoreTitle titleType="Program">Should Prostitution Be Legalized?</pbcoreTitle><pbcoreTitle titleType="Series">Advocates</pbcoreTitle><pbcoreTitle titleType="Program Number">99</pbcoreTitle><pbcoreDescription descriptionType="Series Description">A SERIES OF DEBATES with a moderator facilitating the discussion of national and international issues - using advocates who would introduce witnesses to support their point of view.  Debates recorded at Boston's Faneuil Hall.  Moderators included: Michael Dukakis;  Marilyn Berger; Michael Harrington, Robert Maynard.  (Premiered October, 1969; conceived by Prof. Roger Fisher.)  Other participants included Barney Frank, Avi Nelson, Antonin Scalia, S.I. Hayakawa, Paul Simon, Albert Shankar, Richard Bolling, Pete McCloskey, Chester Crocker, John Anderson, Elmo Zumwalt, George Ball, John Kenneth Galbraith, William Colby, Eleanor Smeal, Phyllis Schlafly, Sam Ervin, Laurence Tribe, Daniel Schorr, Orrin Hatch, Morris Udall, Edward Kennedy, George McGovern, Jake Garn, Paul Tsongas, Alan Dershowitz.
Series release date: 1969</pbcoreDescription><pbcoreDescription descriptionType="Program Description">Moderator:  Michael Dukakis
Advocate:  Evan Semerjian
Advocate:  John Harmer
Witnesses:
Richard Hongisto – Sheriff, San Francisco County
Gina McDowell
Jennifer James – Dept. of Psychiatry, Univ. of Washington
Melvin Anchell, MD – Psychiatrist, Los Angeles
Elma Lewis – Dir., Elma Lewis School of Fine Arts
Judge Robert Thornton – Court of Appeals, Oregon
Produced by KCET, copyright Community Television of Southern California</pbcoreDescription><pbcoreDescription descriptionType="Asset Description">Should Prostitution be legalized?
Moderator:  Michael Dukakis
Advocate:  Evan Semerjian
Advocate:  John Harmer
Witnesses:
Richard Hongisto – Sheriff, San Francisco County
Gina McDowell
Jennifer James – Dept. of Psychiatry, Univ. of Washington
Melvin Anchell, MD – Psychiatrist, Los Angeles
Elma Lewis – Dir., Elma Lewis School of Fine Arts
Judge Robert Thornton – Court of Appeals, Oregon
Produced by KCET, copyright Community Television of Southern California</pbcoreDescription><pbcoreGenre source="Series Topic">Social Issues</pbcoreGenre><pbcoreGenre source="Series Genre">Debate</pbcoreGenre><pbcoreGenre source="Series Topic">Public Affairs</pbcoreGenre><pbcoreAnnotation annotationType="Media Type">Video</pbcoreAnnotation></pbcoreDescriptionDocument>