<?xml version="1.0" encoding="UTF-8"?><pbcoreDescriptionDocument xmlns="http://www.pbcore.org/PBCore/PBCoreNamespace.html" annotation="V_3AC0C7D84B1B451BA38A83B03A63FC45">
    <pbcoreAssetType>Broadcast program</pbcoreAssetType><pbcoreIdentifier source="Open Vault UID">V_3AC0C7D84B1B451BA38A83B03A63FC45</pbcoreIdentifier><pbcoreTitle titleType="Series">Romagnolis' Table</pbcoreTitle><pbcoreTitle titleType="Program">Pizza and Company</pbcoreTitle><pbcoreTitle titleType="Program Number">201</pbcoreTitle><pbcoreDescription descriptionType="Series Description">Premiered September 4, 1973 with 4 programs. Full 13 show season premiered January 3, 1974 and incorporated the original 4 programs from September. Second season premiered October 20, 1974.  First national broadcasts began January 19, 1975 with repeat of the first local season. Program numbers and broadcast dates reflect the first local broadcast, starting with the January 1974 first full season.

Franco and Margaret Romagnoli demonstrate and prepare classic Italian cuisine, which should not be confused with “Italian-American” food.  For one thing, say the Romagnolis, most Italian-American dishes have much more spice and garlic than is the rule for most of Italy. It is in the countryside that the Romagnolis have discovered the essentials of each dish, the things that can be done simply, on a daily basis, by people who don’t have the time to cook all day.

See Prime Time program guides September 1973 and January 1974 for cover stories.
Series release date: 9/4/1973</pbcoreDescription><pbcoreDescription descriptionType="Program Description">This is the show you’ve been waiting for, pizza fans! Franco and Margaret show you pizza ai funghi (pizza with mushroom and a little garlic), pizza napoletana (with anchovies and oregano), pizza con cipolle (smothered in slivered onions with rosemary and ground pepper), and calzone (pizza turnovers with three kinds of cheese and prosciutto). Now you’re on your own.</pbcoreDescription><pbcoreGenre source="Series Genre">Instructional</pbcoreGenre><pbcoreGenre source="Series Topic">Cooking</pbcoreGenre><pbcoreAnnotation annotationType="Duration">00:28:59:00</pbcoreAnnotation><pbcoreAnnotation annotationType="Media Type">Video</pbcoreAnnotation></pbcoreDescriptionDocument>