<?xml version="1.0" encoding="UTF-8"?><pbcoreDescriptionDocument xmlns="http://www.pbcore.org/PBCore/PBCoreNamespace.html" annotation="V_F9E6786B743C44F0B53750F08AC218ED">
    <pbcoreAssetType>Broadcast program</pbcoreAssetType><pbcoreIdentifier source="Open Vault UID">V_F9E6786B743C44F0B53750F08AC218ED</pbcoreIdentifier><pbcoreTitle titleType="Series">Faces of War</pbcoreTitle><pbcoreDescription descriptionType="Series Description">Program features first person narratives from military personnel who had served in Vietnam during the war, over montage of still images of the region and its peoples.  Focus of recollections is on the Vietnamese people and their country, rather than recollections of combat.
Series release date: 1972</pbcoreDescription><pbcoreDescription descriptionType="Asset Description">Original date 6/12/72.   Part 1
Approximate date: 1972</pbcoreDescription><pbcoreGenre source="Series Topic">War and Conflict</pbcoreGenre><pbcoreGenre source="Series Genre">Documentary</pbcoreGenre><pbcoreAnnotation annotationType="Duration">00:95:00:00</pbcoreAnnotation><pbcoreAnnotation annotationType="Media Type">Video</pbcoreAnnotation></pbcoreDescriptionDocument>