<?xml version="1.0" encoding="UTF-8"?><pbcoreDescriptionDocument xmlns="http://www.pbcore.org/PBCore/PBCoreNamespace.html" annotation="V_C1B55E758A134C5996CF76DDA3FC18DC">
    <pbcoreAssetType>Broadcast program</pbcoreAssetType><pbcoreAssetDate dateType="Item Date">04/01/1969</pbcoreAssetDate><pbcoreIdentifier source="Open Vault UID">V_C1B55E758A134C5996CF76DDA3FC18DC</pbcoreIdentifier><pbcoreTitle titleType="Program">Exploring Mt. Kennedy</pbcoreTitle><pbcoreDescription descriptionType="Asset Description">Program master</pbcoreDescription><pbcoreAnnotation annotationType="Media Type">Video</pbcoreAnnotation><pbcoreAnnotation annotationType="Duration">00:90:00:00</pbcoreAnnotation></pbcoreDescriptionDocument>