<?xml version="1.0" encoding="UTF-8"?><pbcoreDescriptionDocument xmlns="http://www.pbcore.org/PBCore/PBCoreNamespace.html" annotation="V_AC4A5277BDC440309CBF61D500A1808D">
    <pbcoreAssetType>Broadcast program</pbcoreAssetType><pbcoreIdentifier source="Open Vault UID">V_AC4A5277BDC440309CBF61D500A1808D</pbcoreIdentifier><pbcoreTitle titleType="Series">ZOOM, Series I</pbcoreTitle><pbcoreTitle titleType="Program Number">114</pbcoreTitle><pbcoreDescription descriptionType="Series Description">Weekly half-hour programs which showed what youngsters do and think.  Seven ZOOMers hosted each program, cast changed over run of series.  Premiered locally as "Summer-Do" in 1970, nationally in January 1972.  ZOOMers played games, told jokes, riddles (called Fannee Doolees) and stories and did crafts projects...and invited ideas from their audience.  The result was an avalanche of ZOOMmail - in the first season, over 200,000 letters.  Ubbi Dubbi language was invented by ZOOM.  NOTE:  Several episodes re-aired JUN-SEP 1994.  
Series release date: 1972</pbcoreDescription><pbcoreGenre source="Series Genre">Children's</pbcoreGenre><pbcoreAnnotation annotationType="Media Type">Video</pbcoreAnnotation></pbcoreDescriptionDocument>