<?xml version="1.0" encoding="UTF-8"?><pbcoreDescriptionDocument xmlns="http://www.pbcore.org/PBCore/PBCoreNamespace.html" annotation="V_22E6BBC6A55B413B87D50FAE0F258110">
    <pbcoreAssetType>Broadcast program</pbcoreAssetType><pbcoreAssetDate dateType="Item Date">03/05/1976</pbcoreAssetDate><pbcoreIdentifier source="Open Vault UID">V_22E6BBC6A55B413B87D50FAE0F258110</pbcoreIdentifier><pbcoreTitle titleType="Program">Jerusalem</pbcoreTitle><pbcoreTitle titleType="Program Number">107</pbcoreTitle><pbcoreTitle titleType="Series">Arabs and Israelis</pbcoreTitle><pbcoreDescription descriptionType="Program Description">Series of seven programs contrasting perceptions of Middle East conflict and the chance for peace expressed by some of the people who have the most at stake.</pbcoreDescription><pbcoreDescription descriptionType="Asset Description">Dubbed from A2-00766 5/25/96.  Original date 3/5/75.</pbcoreDescription><pbcoreDescription descriptionType="Series Description">Series of seven programs contrasting perceptions of Middle East conflict and the chance for peace expressed by some of the people who have the most at stake.  
Series release date: 1975</pbcoreDescription><pbcoreGenre source="Series Genre">Documentary</pbcoreGenre><pbcoreGenre source="Series Topic">War and Conflict</pbcoreGenre><pbcoreGenre source="Series Topic">Global Affairs</pbcoreGenre><pbcoreAnnotation annotationType="Duration">00:29:25:00</pbcoreAnnotation><pbcoreAnnotation annotationType="Media Type">Video</pbcoreAnnotation></pbcoreDescriptionDocument>