<?xml version="1.0" encoding="UTF-8"?><pbcoreDescriptionDocument xmlns="http://www.pbcore.org/PBCore/PBCoreNamespace.html" annotation="V_034F0BA07D14449CA5AD9941902BD2B5">
    <pbcoreAssetType>Broadcast program</pbcoreAssetType><pbcoreIdentifier source="Open Vault UID">V_034F0BA07D14449CA5AD9941902BD2B5</pbcoreIdentifier><pbcoreTitle titleType="Program">Patés</pbcoreTitle><pbcoreTitle titleType="Series">French Chef</pbcoreTitle><pbcoreTitle titleType="Program Number">21</pbcoreTitle><pbcoreDescription descriptionType="Program Description">Wonderful French meat loaves for great events.

Illustrates: How to line a baking mold to hold the pate, what meats to use, how to use them, how to fill a mold, how to bake a pate, how to tell when it is done, how to cool and unmold it, how to serve it.</pbcoreDescription><pbcoreDescription descriptionType="Series Description">Premiered locally February 1962 and July- August 1962, nationally in Feb. 1963 - approx. 300 shows produced.  1963-1973.

Original series ran 1963 to July 1966, then went into reruns through September 1970.

In October 1970 the new French Chef 200 series was shot in color and taped on the set at WGBH.  Included in the programs were footage of Julia’s summer trip to France.

The 1971-1972 season was a tour of the French Classics: 26 half hour programs designed as a refresher course for experienced cooks and as a jet-assist takeoff for beginners.

After a funding scare, Polaroid funded a full 1972-1973 season.  The theme was: The French Chef Faces Life.  Julia shows viewers how to cope with situations that reflect the demands of society, family and lifestyle such as Sudden Company or a three course sit down dinner and getting kids involved in cooking.

NOTE: Beginning August 6, 1972,  The French Chef repeated popular shows as a captioned edition.
Series release date: 2/1962</pbcoreDescription><pbcoreGenre source="Series Topic">Cooking</pbcoreGenre><pbcoreGenre source="Series Genre">Instructional</pbcoreGenre><pbcoreCreator>
      <creator>Lockwood, Ruth</creator><creatorRole>Series Producer</creatorRole></pbcoreCreator><pbcoreAnnotation annotationType="Duration">00:28:45:00</pbcoreAnnotation><pbcoreAnnotation annotationType="Media Type">Video</pbcoreAnnotation></pbcoreDescriptionDocument>