<?xml version="1.0" encoding="UTF-8"?><pbcoreDescriptionDocument xmlns="http://www.pbcore.org/PBCore/PBCoreNamespace.html" annotation="V_A0C61024E0DA4E309A356993C0814BC3">
    <pbcoreAssetType>Broadcast program</pbcoreAssetType><pbcoreAssetDate dateType="Item Date">07/30/1968</pbcoreAssetDate><pbcoreIdentifier source="Open Vault UID">V_A0C61024E0DA4E309A356993C0814BC3</pbcoreIdentifier><pbcoreTitle titleType="Series">Read Your Way Up: TV Read In</pbcoreTitle><pbcoreTitle titleType="Program Number">123</pbcoreTitle><pbcoreDescription descriptionType="Series Description">Educational series, hosted by Dr. Melvin Howards of Northeastern University, that focuses on improving communicational skills, notably reading.  Program one ends by noting that series will address four major areas:  word skills; word derivations and meanings; study skills; and improved reading speed and comprehension.  Copyright Manpower Education Institute, 1968. 
Series release date: 1968</pbcoreDescription><pbcoreGenre source="Series Genre">Educational</pbcoreGenre><pbcoreAnnotation annotationType="Media Type">Video</pbcoreAnnotation><pbcoreAnnotation annotationType="Duration">00:28:16:00</pbcoreAnnotation></pbcoreDescriptionDocument>