<?xml version="1.0" encoding="UTF-8"?><pbcoreDescriptionDocument xmlns="http://www.pbcore.org/PBCore/PBCoreNamespace.html" annotation="V_346B1BDE502649F6B6C889F74BB926ED">
    <pbcoreAssetType>Broadcast program</pbcoreAssetType><pbcoreIdentifier source="Open Vault UID">V_346B1BDE502649F6B6C889F74BB926ED</pbcoreIdentifier><pbcoreTitle titleType="Program Number">49</pbcoreTitle><pbcoreTitle titleType="Series">Advocates</pbcoreTitle><pbcoreTitle titleType="Program">Should the United States Agree to a Coalition Government in Saigon? Part II</pbcoreTitle><pbcoreDescription descriptionType="Series Description">A SERIES OF DEBATES with a moderator facilitating the discussion of national and international issues - using advocates who would introduce witnesses to support their point of view.  Debates recorded at Boston's Faneuil Hall.  Moderators included: Michael Dukakis;  Marilyn Berger; Michael Harrington, Robert Maynard.  (Premiered October, 1969; conceived by Prof. Roger Fisher.)  Other participants included Barney Frank, Avi Nelson, Antonin Scalia, S.I. Hayakawa, Paul Simon, Albert Shankar, Richard Bolling, Pete McCloskey, Chester Crocker, John Anderson, Elmo Zumwalt, George Ball, John Kenneth Galbraith, William Colby, Eleanor Smeal, Phyllis Schlafly, Sam Ervin, Laurence Tribe, Daniel Schorr, Orrin Hatch, Morris Udall, Edward Kennedy, George McGovern, Jake Garn, Paul Tsongas, Alan Dershowitz.
Series release date: 1969</pbcoreDescription><pbcoreDescription descriptionType="Program Description">Part two of two taped in Paris, France.
Moderator:  Roger Fisher
Advocate:  Richard Falk
Advocate:  Kenneth Young
Witnesses:
Milton Sacks – Vietnam Historian
Tran Van Don – Former Senator (on film)
Nguyen Van Bong – Oppositionist
President Thieu – Rep. Of Vietnam (on film)
Hoang Van Nha – Aide to President Thieu
Pham Dang Lam – Chief Negotiator
Nguyen Xuan Phong – Peace Negotiator
Produced by WGBH in Paris, France.  Bears WGBH Copyright</pbcoreDescription><pbcoreDescription descriptionType="Asset Description">Should the United States agree to a coalition government in Saigon?  Part two of two taped in Paris, France.
Moderator:  Roger Fisher
Advocate:  Richard Falk
Advocate:  Kenneth Young
Witnesses:
Milton Sacks – Vietnam Historian
Tran Van Don – Former Senator (on film)
Nguyen Van Bong – Oppositionist
President Thieu – Rep. Of Vietnam (on film)
Hoang Van Nha – Aide to President Thieu
Pham Dang Lam – Chief Negotiator
Nguyen Xuan Phong – Peace Negotiator
Produced by WGBH in Paris, France.  Bears WGBH Copyright</pbcoreDescription><pbcoreGenre source="Series Genre">Debate</pbcoreGenre><pbcoreGenre source="Series Topic">Public Affairs</pbcoreGenre><pbcoreGenre source="Series Topic">Social Issues</pbcoreGenre><pbcoreAnnotation annotationType="Media Type">Video</pbcoreAnnotation></pbcoreDescriptionDocument>