<?xml version="1.0" encoding="UTF-8"?><pbcoreDescriptionDocument xmlns="http://www.pbcore.org/PBCore/PBCoreNamespace.html" annotation="V_BB443A150EC64423859F90834C69E281">
    <pbcoreAssetType>Broadcast program</pbcoreAssetType><pbcoreAssetDate dateType="Item Date">08/22/1972</pbcoreAssetDate><pbcoreIdentifier source="Open Vault UID">V_BB443A150EC64423859F90834C69E281</pbcoreIdentifier><pbcoreTitle titleType="Program">Harry S. Truman</pbcoreTitle><pbcoreTitle titleType="Series">Shapers Of Our Time</pbcoreTitle><pbcoreDescription descriptionType="Program Description">Series Description: Hosted by Abram Sachar, Chancellor and President Emeritus, Brandeis University.</pbcoreDescription><pbcoreDescription descriptionType="Series Description">Hosted by Abram Sachar, Chancellor and President Emeritus, Brandeis University.
Series release date: 1971</pbcoreDescription><pbcoreCreator>
      <creator>Barzyk, Fred</creator><creatorRole>Series Producer</creatorRole></pbcoreCreator><pbcoreCreator>
      <creator>MacLeod, Margaret I.</creator><creatorRole>Series Producer</creatorRole></pbcoreCreator><pbcoreAnnotation annotationType="Duration">00:28:40:00</pbcoreAnnotation><pbcoreAnnotation annotationType="Media Type">Video</pbcoreAnnotation></pbcoreDescriptionDocument>