<?xml version="1.0" encoding="UTF-8"?><pbcoreDescriptionDocument xmlns="http://www.pbcore.org/PBCore/PBCoreNamespace.html" annotation="V_BF5A8FC0CDA54E7F9D220F032C94D336">
    <pbcoreAssetType>Broadcast program</pbcoreAssetType><pbcoreIdentifier source="Open Vault UID">V_BF5A8FC0CDA54E7F9D220F032C94D336</pbcoreIdentifier><pbcoreTitle titleType="Series">Flick Out</pbcoreTitle><pbcoreTitle titleType="Program">Grandmother, The</pbcoreTitle><pbcoreTitle titleType="Program Number">108</pbcoreTitle><pbcoreDescription descriptionType="Asset Description">A film by David Lynch</pbcoreDescription><pbcoreDescription descriptionType="Series Description">Originally aired on May 22, 1968 as a four and a half hour marathon showcasing young filmmakers.  Hosted by Standish Lawder, Yale University film professor, “Flick Out” gave viewers the chance to watch some of the most creative films being produced at that time.  It included short documentaries, film essays, animated cartoons and full-length features that illuminated the art of film.

Beginning in July 1968, “Flickout” became a weekly half-hour series, produced by Henry Morgenthau, showing experimental films from both new, young filmmakers, and established craftsmen.  Whenever possible Morgenthau interviews the filmmaker whose work is being shown.
Series release date: 5/22/1968</pbcoreDescription><pbcoreDescription descriptionType="Program Description">The Grandmother  is an eerie journey into the mind of a young boy.  Threatened by his parents, the boy creates a dream-figure - a powerful and deeply affectionate grandmother.  The Grandmother was made by California filmmaker David Lynch.</pbcoreDescription><pbcoreGenre source="Series Topic">Film and Television</pbcoreGenre><pbcoreCreator>
      <creator>Morgenthau III, Henry</creator><creatorRole>Series Producer</creatorRole></pbcoreCreator><pbcoreAnnotation annotationType="Duration">00:29:31:00</pbcoreAnnotation><pbcoreAnnotation annotationType="Media Type">Video</pbcoreAnnotation></pbcoreDescriptionDocument>