<?xml version="1.0" encoding="UTF-8"?><pbcoreDescriptionDocument xmlns="http://www.pbcore.org/PBCore/PBCoreNamespace.html" annotation="V_49F895343ECB4FE4A4D399A61C8353AB">
    <pbcoreAssetType>Broadcast program</pbcoreAssetType><pbcoreAssetDate dateType="Item Date">03/29/1996</pbcoreAssetDate><pbcoreIdentifier source="Open Vault UID">V_49F895343ECB4FE4A4D399A61C8353AB</pbcoreIdentifier><pbcoreTitle titleType="Program">Engineering From the Inside Out</pbcoreTitle><pbcoreTitle titleType="Program Number">104</pbcoreTitle><pbcoreTitle titleType="Series">Breakthrough: The Changing Face Of Science In America</pbcoreTitle><pbcoreDescription descriptionType="Asset Description">Blackside / WGBH master.</pbcoreDescription><pbcoreDescription descriptionType="Series Description">Series release date: 1996</pbcoreDescription><pbcoreDescription descriptionType="Program Description">Creating new materials that keep America technologically competitive... Building bridges and power sources people can rely on...Even designing amusement park rides that thrill and terrify...From Disneyland to the Navajo reservation in New Mexico to Howard University in Washington, DC, engineers of color are helping to reshape and enhance the material culture.  Featured scientists:  Victoria Aguilera, mechanical engineer, Ride Mechanical Engineering, Walt Disney Imagineering; Steve Grey, manager, Lawrence Livermore National Laboratory field office, Navajo Community College; Hector Medina, program manager, concrete segmental bridges, Parsons Brinckerhoff Quade and Douglas, Inc,; Michael Spencer, Ph.D., Materials Science Research Center of Excellence and professor of electrical engineering, Howard University.  •Episode producer:  Eric Strange</pbcoreDescription><pbcoreGenre source="Series Topic">Science</pbcoreGenre><pbcoreAnnotation annotationType="Duration">00:56:46:00</pbcoreAnnotation><pbcoreAnnotation annotationType="Media Type">Video</pbcoreAnnotation></pbcoreDescriptionDocument>